Key,Value
382613,카르쿤 저택
1435144,날아다니는 염소 호스텔
2484750,카오르촘 농장 유적
3533330,스텐다르의 노래하는 별
4582840,죽은 그리핀 여관
5631489,스텐다르의 신성한 재탄생
6681069,피그타 농장 유적
7730553,스텐다르의 축복받은 예언자
8779219,마오른의 경비대
9828725,옛 네스 거처
10878349,아트리가
11926957,클레르의 무덤
12975535,옛 룩타 오두막
14025104,부비리다타
15074640,박쥐와 새 호스텔
16124193,베르바크니아
17174726,라좀의 지하 묘지
18223327,그롤레텐
19271936,옛 스테티 거처 유적
20320547,슈스트 농장
21369130,스텐다르의 성스러운 순교자
22417712,리셴 성
23467165,코필트의 무덤
24516751,스텐다르의 두려운 나무
25565421,타르더 지하 금고
26614955,가흐 농장 유적
27663535,틀런컨 황궁 유적
28712158,무르긴 저택
29760740,스텐다르의 눈물 흘리는 구원자
30810229,무르프 과수원 유적
31859850,아자루스 거미줄
32910438,투제 탑
33959037,시에그탄 저택 유적
35008605,칼로구자
36057193,사울루르 농장 유적
37106662,메림의 경비대 유적
38155335,쥐와 성 주점
39204823,를릭타 농장
40253489,시로-콤
41303972,스텐다르의 피 흘리는 빛
42353413,옛 레르크파 오두막 유적
43402098,크로필렌 궁정 유적
44450710,카엑트컨 탑
45499404,스텐다르의 피 흘리는 선지자
46548913,옛 모르치 거처 유적
47597527,바에숨 탑
48647001,헤투부
49695593,라이르그케 홀 유적
50744174,세크비트
51793622,폴 황궁
52842419,악마의 머그잔 주점
53891732,옛 슬레스-아이 농장 유적
54940340,모간다톤
55989066,루르쿠르 묘지
57037717,블로지르 지하 금고
58086314,트리세를로로그 거미줄
59135650,를레트텐 농장 유적
60184362,마렉술라 저택
61233933,그레존 황궁
62282512,발토밤의 돌무지
63331146,리테호스의 무덤
64379737,달펨 홀
65429189,초르트의 지하 묘지
66477767,제누누가
67526394,로길라
68575045,가린 저택
69624526,케르다르 요새
70673223,다센 탑
71722522,옛 머트-시 오두막
72771108,스텐다르의 불타는 우상
73819798,쿠르틴 궁정
74868381,오소파이사
75917092,플로 구덩이
76966430,마엘링크술라 은둔처
78015130,쉬지 않는 오소리 여관
79064561,샬리르 탑
80113160,를롤드컨 탑 유적
81161870,메사스쿠자
82210490,세리부레아
83259071,바기시부
84307700,버드 황궁
85356287,게리블리더 수도원
86405622,렐더 묘지
87454323,바에르페 저택
88502910,스텐다르의 신성한 선지자
89551540,피르흐트컨 탑
90600914,무스툰 홀
91649523,마에슈케 농장 유적
92698270,스텐다르의 피 흘리는 일출
93747600,바르펜 농장 유적
94796189,라처 저택 유적
95844799,비르커 묘지
96893512,로진 묘지
97942118,사슈트라크
98991510,토솜 농장 유적
100040090,습지의 마녀회
101088668,트로그드레드 거미줄
102137467,나라하레트
103186065,비주르 홀 유적
104235398,스텐다르의 온화한 별
105283981,킬디르 묘지
106332587,마르프 탑 유적
107381381,사이러 궁정
108429959,보르그 성
109479287,블룩텐 농장 유적
110527893,사후아게크 동굴
111576593,마르그 저택
112625185,모긴다이
113673773,스투밤 묘지
114723151,코그컨 성
115771856,나르디르 홀
116820498,옛 가르차 오두막
117869111,차르켄 저택
118917700,슈르그른 성
119966282,와디제누
121015569,안토르의 거미줄
122064188,스텐다르의 불타는 일출
123112886,라메토르
124161500,슬라크케 요새
125210098,자베니아
126258734,여우와 야만인 주점
127307321,불운한 성 로지
128356798,여왕의 새끼 사슴 여관
129405455,토름컨 저택
130454792,를리름 저택
131503383,를로르트른 탑 유적
132551983,누르체 터널
133600681,큐제 농장
134649286,티르만 오두막
135698635,스텐다르의 피 흘리는 우상
136747259,사자와 사제 호스텔
137796000,다고스
138844664,마필라 묘지
139894101,인베레함의 무덤
140942714,리기인 홀 유적
141992095,버그텐의 지하 묘지
143040735,키스트 성 유적
144089467,두더지와 그리핀 주점
145138118,블라도비온의 돌무지
146187374,젠 로지
147236000,파우그타의 경비대
148284604,스텐다르의 영원한 일출
149333306,테르드케 요새
150381889,바에르톤 탑 유적
151432271,세란다-콤
152480861,바알라테우세사 동굴
153529477,슬루기르 묘지
154578056,붉은 거인 주점
155627572,를릭트 궁정 유적
156676394,목마른 성 여관
157725708,페르킨의 경비대 유적
158774290,죽은 진 로지
159822972,덕템 농장 유적
160871558,스텐다르의 통곡하는 징조
161920136,악마의 오우거 주점
162968729,포름테 오두막 유적
164018199,바에그트 묘지
165067009,나로자
166116413,옛 카르메 오두막 유적
167165096,슬라르콘 농장 유적
168214503,조드 신전
169263116,스텐다르의 통곡하는 제단
170311731,스텐다르의 내면의 일출
171360386,펜의 안식처
172409839,스텐다르의 불타는 구원자
173458441,알리크라
174507143,옛 그레필타 농장 유적
175556631,옛 마우르크-아이 오두막
176605288,안텔레랄라
177654661,데미블로테사 성당
178703270,스라소니와 고블린 호스텔
179752024,라모아웨인
180802482,옛 치르콘 거처
181851069,부스터 농장 유적
182899749,코존 성
183949105,파르크테 농장
184997721,더러운 고슴도치 주점
186046301,그롬고드 거미줄
187094929,자고코디수
188143528,체순 오두막 유적
189193190,시로구부
190242556,바로바르의 무덤
191291157,옛 누브 오두막
192339864,마우르프 저택
193388504,옛 구흐 오두막
194437841,옛 모스타 오두막
195486481,앙케르 거미줄
196536104,옛 모르므타 농장
197584745,스텐다르의 통곡하는 재탄생
198633375,스텐다르의 신성한 영혼
199682739,체숀 홀
200732271,불운한 사제 주점
201780964,메툴라
202829551,미-코롬
203879193,글로크 요새
204928583,옛 쿠트카 오두막
205977264,드워프와 경비대 주점
207025856,테르흐타 궁정 유적
208074444,파오필라의 경비대
209123897,스텐다르의 영원한 구원자
210173448,에펜 신전
211222058,셰슈컨의 소굴
212270681,옛 포르드자 농장
213319309,텔프른 농장 유적
214368756,도르타 탑
215417370,셀두르 묘지
216466044,토르겐 황궁
217514723,시요르펜 요새
218564063,켈란 홀
219612654,슈레스타 탑
220661236,스텐다르의 두려운 예언자
221709922,피순 농장
222759570,사우르투르 과수원 유적
223808184,블라르미르 농장
224856764,잘라카플렉스
225906201,샤그 요새 유적
226954808,옛 나필람 오두막
228004335,스텐다르의 영원한 영혼
229053016,그립비쓰 거미줄
230101594,메소파다
231152074,토겜 저택
232200795,코르크 궁전 유적
233250323,바에르드케른 저택 유적
234299737,스텐다르의 축복받은 영혼
235348344,블리스 홀
236397881,옛 데르그른 오두막
237446494,레쓰 홀
238495080,생쥐와 염소 여관
239543676,메르둔 요새
240592287,네부카논의 지하 묘지
241641772,카쓰 농장
242690359,옛 머크 저택 유적
243738940,데르흐트 홀 유적
244787524,패그티르 채석장
245836138,나렐리다이
246884751,옛 티스트카의 오두막 유적
247933417,쥐와 전갈 여관
248982810,스텐다르의 온화한 구원자
250031467,옛 글룰케른 오두막
251080048,카오르프트 홀
252128714,체티시아라
253178103,큐올웬의 성소
254227629,야게르토르의 둥지
255276232,힐리아
256324812,발룰리테르 사제관
257373454,존의 성소
258423937,스텐다르의 피 흘리는 영혼
259472602,스텐다르의 노래하는 빛
260522155,스터너 홀
261570737,라민자르
262619463,틀라필룬 궁전
263668060,스텐다르의 신성한 우상
264717445,라르머의 소굴
265766076,더러운 사냥꾼 술집
266814675,르하르그 홀
267863330,노르첸 요새
268911915,보스터 저택 유적
269961337,아고구라나
271011060,벨렌의 요새
272059640,블레르몸 저택
273109087,스텐다르의 기쁜 징조
274158713,옛 스타춤 오두막
275207373,스텐다르의 신성한 징조
276256713,비코롬
277305359,블루친 궁전 유적
278353957,트로글로비쓰 거미줄
279402560,춤추는 해골 산장
280451157,옛 커펀 저택 유적
281500599,네부칭구스의 영묘
282549244,레친 농장 유적
283597859,오사즈다이
284646505,스텐다르의 신성한 승천
285695991,젠 산장
286744615,스텐다르의 두려운 구원자
287793210,시루리아
288841797,그루흐티르 탑 유적
289891195,라오본 농장 유적
290939827,글리필림 홀
291988418,라름 지하 묘지
293037082,코그케른 홀
294085697,옛 네르켐 오두막 유적
295135097,크로르켐 묘지
296183718,레른 농장
297233252,슬렐프케 농장 유적
298281971,바리마르의 고분
299330569,스타둘람의 무덤
300379149,샤스타르의 경비대
301427780,누산 요새
302477180,스텐다르의 내부 제단
303525778,마엘뎀 농장
304574455,랄 광맥
305623831,울부짖는 거인 산장
306672563,도르툼 요새
307721988,스텐다르의 눈물 젖은 일출
308770593,네존 성
309819214,옛 보스텐 오두막
310867837,티그 성채 유적
311916424,블로그텐 농장 유적
312965044,두그로드의 성소
314014480,진홍빛 드래곤 여관
315063105,쥐와 성 산장
316111685,스텐다르의 축복받은 징조
317160266,라엔의 성유물함
318208914,기숨바카트
319257524,옛 마우스가의 오두막
320306128,옛 로그티의 농장 유적
321355517,나레미다
322404132,크로브트의 요새
323452780,크로필림 저택
324501422,네크로물람의 돌무지
325550786,스텐다르의 온화한 징조
326599516,플렐프 농장 유적
327648095,붉은 구덩이 산장
328696679,옛 치치카 저택
329745279,스텐다르의 무한한 일출
330793882,옛 겔드사의 오두막 유적
331843236,옛 슬라른 오두막
332892809,베즈 홀
333941395,버름갓의 소굴
334989983,레후긴 과수원
336038589,드워프와 수사슴 여관
337087215,추르흐텐 탑
338135797,페오노타르
339184390,버크 성 유적
340233021,이스푼누사
341281613,푸크투르 묘지
342331000,야만적인 경비대 술집
343379608,스텐다르의 신성한 구원자
344428193,옛 마르켄 저택
345476776,옛 톨딘 저택 유적
346525472,수흐트 요새
347574925,안텔리이가
348623583,옛 타룬 오두막
349672193,녹색 전갈 산장
350721642,스텐다르의 두려운 일출
351770233,사즈 탑
352818852,칼른 묘지
353867436,스텐다르의 노래하는 나무
354916022,제니부니스
355964708,틀리르트 저택
357014063,베즈의 요새
358062759,비브타 농장
359111377,아스미아메우에세사 수도원
360159968,여왕의 해골 술집
280614,코라노쓰의 무덤
1330211,아케이의 기쁜 제단
2379774,데블록 마녀회
3429338,불운한 고블린 술집
4479901,마들라
5528488,옛 레즈 오두막
6578066,슬로진 지하 묘지
7626665,데르몬 저택
8675250,옛 바즈사의 농장
9724788,웃는 사향쥐 여관
10774406,아케이의 축복받은 징조
11823947,기가 농장 유적
12873513,두흐탐 홀
13922119,플루르트시 마녀회
14971661,은빛 틈새 술집
16021288,클로스티르 광산
17070814,릴드 농장
18120387,그라르둠 저택
19169012,아케이의 침묵하는 우상
20220570,옛 크롤가의 저택
21269149,코르텐 묘지
22318700,아케이의 침묵하는 신탁
23367291,돼지와 단검 여관
24416873,부빌리가
25465475,옛 체그톰 오두막
26514055,비버와 지하 감옥 술집
27563571,아케이의 온화한 별
28613157,시릴리토르
29661742,옛 스탄카 오두막
30711352,사자와 거인 술집
31761888,모웨인
32810498,리브른 농장
33860020,춤추는 사향쥐 여관
34908636,불운한 수사슴 술집
35957224,옛 플리르탐 오두막
37006757,황금 고블린 술집
38055401,디바드 기념비
39104906,두더지와 그리핀 술집
40153505,붉은 진 술집
41202086,아트란다레아
42250688,게흐테 궁전
43300230,옛 노른키의 오두막 유적
44349839,황금 사냥꾼 술집
45398435,검은 성 여관
46447951,아케이의 불타는 예언자
47496543,아케이의 영원한 우상
48546121,네톰 오두막
49594710,쉬지 않는 단검 산장
50644300,데모도쓰 동굴
51693862,베스트 농장
52743394,스타필린 묘지
53791978,사올폼의 요새 유적
54840572,옛 사울카 오두막
55890138,부보고레그
56939726,잘루타르
57988316,니르크테 성
59037842,옛 포르니의 저택
60087432,케겜 채석장
61136024,인베리바우스의 고분
62184614,옛 체르크 오두막
63233210,옛 베르닌 오두막
64281800,카알람 채석장
65331301,라르텐 농장
66379920,멜 묘지
67428498,아케이의 피 흘리는 일출
68478031,플루르그른 농장
69526636,펜의 안식처
70575230,두꺼비와 경비대 산장
71624781,아케이의 두려운 제단
72673360,피탄다레아
73721998,아케이의 신성한 징조
74771525,바리마르의 저택
75820115,라스 광산
76868705,타루르 채석장
77917283,죽은 거인 산장
78966863,콜프텐 농장
80015445,클루크트 성 유적
81064986,리티바룰론의 영묘
82114541,옛 치아그티의 농장
83163142,보셴의 무덤
84211725,시우스 요새
85261281,살쾡이와 전갈 여관
86309862,크루크트 홀
87358449,두그타 저택
88409061,옛 노른가의 농장
89458556,드워프와 고블린 여관
90507160,사자와 머그잔 여관
91556742,보름케 탑 유적
92605339,웃는 수사슴 술집
93654858,베르흐트 저택
94704453,행운의 단검 여관
95753093,기실라코롬
96802664,옛 플룸시의 오두막
97852176,목마른 새 술집
98900755,비명 지르는 고블린 산장
99949360,녹색 고슴도치 술집
100997944,치샨 농장
102046546,불운한 사냥꾼 여관
103095127,를리른 궁전
104144622,포브타 저택 유적
105193222,아케이의 눈물 젖은 징조
106241831,라미리자르
107290433,사시르돈 둥지
108339922,바흐탐 궁전
109388506,다르트 저택
110437084,아트레투라나
111485666,펙탄 궁전 유적
112534275,플라르케 성
113583869,아케이의 온화한 빛
114632454,세키토쓰 둥지
115681966,검은 투구 여관
116730577,플라잉 노움 여관
117779168,클루퍼 농장
118827763,옛 디치컨 저택
119878318,물펜 광산
120927858,파즈 과수원
121976502,디스풀리바 동굴
123026027,사시루고스
124074624,아케이의 무한한 구원자
125123236,푸주르 채석장
126172736,커큰 저택
127221323,아케이의 신성한 제단
128269915,박쥐와 드래곤 산장
129318524,여우와 야만인 산장
130368048,블로르테 터널
131416636,블럭트 묘지
132465238,필론 코트 유적
133513843,를레르팀의 지하 묘지
134563343,사이스타 광맥
135611974,아케이의 영원한 예언자
136660578,라커 성
137710091,옛 매혹의 오두막
138758725,웃는 진 선술집
139807303,아케이의 기쁜 유물
140856833,여우와 오우거 선술집
141905448,두더지와 노움 선술집
142954036,황금 고슴도치 여관
144003528,포름트 탑
145052109,옛 그로크타 저택
146100692,로브 성
147149284,보이텐 홀
148197873,세레자르
149247395,옛 구르티 농장 유적
150295979,은색 해골 여관
151345575,사나운 늑대 술집
152394215,녹색 고블린 술집
153443738,루지르 채석장
154492334,박쥐와 진 술집
155542890,아케이의 무한한 징조
156591521,옛 스토트시 농장
157641013,글로스테 농장
158689599,베쉬 저택 유적
159738185,베르비부사
160786781,그루르문 발굴지
161836332,사나운 사향쥐 선술집
162884980,옛 리스테 오두막
163933562,척톰 성
164983033,눌푼 농장
166031626,타실리아
167080208,흰 새 여관
168128795,슈로그 농장 유적
169177410,빌프텐 요새 유적
170226015,펠리사
171275589,척톤 황궁
172324176,바로미우스의 무덤
173372759,두림 농장
174422256,그로메곤
175470868,옛 시르그컨 판잣집
176519461,아케이의 영원한 빛
177568970,니테 저택
178617558,옛 기르톤 오두막 유적
179667145,옛 킬바 오두막 유적
180715735,블레르드컨 과수원
181764321,베르틴 묘지
182812943,렐테 저택
183862425,메세투아라
184911071,펜의 성소
185960624,디스포르고니바의 은신처
187009243,도즈 저택
188058712,사이의 성유물함
189107315,리스케 묘지
190155935,미즈트 코트
191204528,버그 발굴지
192253106,촐담 근위대
193301694,보파일러 농장
194350278,툴라카시아
195398863,케른텐 농장
196448324,바게르의 무덤
197496981,탈 탑
198546494,아기부누
199595078,아고투다타
200643689,바우르틴 농장
201692294,녹슨 고슴도치 선술집
202740872,도타르 묘지
203789460,아케이의 눈물 젖은 일출
204838962,플릴 유적
205887566,라트자 결사
206936158,아케이의 축복받은 순교자
207985722,현자 기념비
209034323,아케이의 고요한 빛
210082903,시치 농장
211132497,글라치컨 농장
212182056,악당과 그리핀 호스텔
213230643,아케이의 불타는 재탄생
214279228,아케이의 영원한 예언자
215328727,페오네완
216377313,틀록타 코트
217425940,아케이의 축복받은 빛
218474536,페오니리토르
219524037,보테의 무덤
220572643,움바스타-이즈
221622164,옛 클릴타 오두막
222670759,옛 디르팜 오두막
223719376,옛 라르카 저택
224767955,옛 플라시 저택
225816546,악마의 늑대 선술집
226866112,아케이의 무한한 영혼
227914703,스타필란 과수원
228963299,마우스타 코트
230012756,시리이디수
231061403,옛 글로르치 오두막
232110005,치르치 농장 유적
233159493,크루스테 황궁 유적
234208431,디른케 저택
235257680,옛 메르크텐 판잣집
236306258,비그릴의 성소
237354891,체토아레트
238403731,옛 낙탄 저택
239452315,옛 게르겜 저택
240501518,아케이의 무한한 예언자
241550101,옛 슐드키 오두막
242598679,쿠봄 황궁
243647389,아케이의 온화한 순교자
244696885,테르단 근위대
245745485,사히아모타의 구멍
246794067,하자르 채석장
247842663,케르드케 묘지
248891243,춤추는 전갈 술집
249939839,텔푼 홀 유적
250988472,옛 크루르드카 저택
252037912,자구오
253086525,춤추는 성 여관
254135105,불운한 성 호스텔
255183685,메사제르
256232310,옛 틀리지에 판잣집
257280915,진홍색 고블린 술집
258329527,블롤라르 농장
259378994,옛 세스탐 저택
260427633,옛 마올리 저택 유적
261476410,짐 세이 성소
262525663,피티리레트
263574243,돼지와 주전자 선술집
264622863,보고름 발굴지
265671534,스테브 요새
266720140,데모가스 동굴
267769537,검은 머그잔 여관
268818143,독트 농장
269866770,쿠그타 성 유적
270915592,슈록티르 과수원
271964817,비버와 고슴도치 술집
273013426,노롬 홀
274062031,와디자제트
275110643,아케이의 온화한 나무
276159236,파푸자
277207872,를로린 광맥
278256620,슈리르첸 묘지
279305835,아군누톤
280354454,체르크 코트 유적
281403107,보이르트 홀
282451687,셔트 농장
283500290,불운한 사냥꾼 술집
284548922,아게라나
285598299,아케이의 신성한 빛
286646981,를루르피르 근위대
287695809,옛 네브자 오두막
288745021,목마른 근위대 술집
289793627,스트레너 피난처
290842367,카즈 홀 유적
291890961,클레필케 광산
292939545,바알론 구멍
293988262,세르트 저택
295037564,여우와 고블린 선술집
296086275,라지르 성채
297134854,돼지와 지하 감옥 산장
298184204,아케이의 두려운 예언자
299232783,아케이의 온화한 구원자
300281370,다르키바룰론의 무덤
301329967,부주르 농장
302378551,춤추는 요정 산장
303427278,옛 보지 판잣집
304475879,비르곤 지하 묘지
305524589,주바토네사 구멍
306573896,피틸라자
307622560,노를로고드의 둥지
308672305,아케이의 성스러운 순교자
309721565,마스틴 지하 묘지
310770162,게란크스 구멍
311818880,로젬 성채 유적
312867615,옛 라르트 판잣집
313916202,움베-타르
314965464,아기리비
316014135,바흐텐 채석장
317062778,슈라르트케 저택
318111361,마르둠 농장
319159950,바르곤 농장 유적
320208530,쿠버 농장
321257128,가르크 오두막 유적
322305813,발릴리테라 수도원
323355055,목마른 전갈 산장
324403651,파저 성 유적
325452413,바울돈 농장
326501073,파오탐 과수원
327550356,틀레스탄 요새
328599030,행운의 고슴도치 여관
329647642,호문오르곤의 은신처
330696228,플로르프케 묘지
331744867,생쥐와 수사슴 술집
332793464,쥐와 성 선술집
333842138,두꺼비와 성 여관
334891455,미스템 황궁
335940137,베르베미제트
336988741,옛 쿠지시 판잣집 유적
338037341,슬라르딤 터널
339085990,누르 지하 묘지
340134602,왕의 염소 선술집
341183183,푸쉬 구덩이
342232477,투치컨 요새
343281055,펜의 피난처
344329700,옛 니굼 판잣집 유적
345378384,조드 성소
346426963,를루스티르 저택 유적
347475549,아스메브로르고네사 동굴
348524169,스라소니와 고슴도치 선술집
349573491,두꺼비와 그리핀 선술집
350622206,여왕의 머그잔 산장
351670860,데필람 오두막
352719460,웃는 투구 술집
353768052,아케이의 축복받은 유물
354817345,무필 농장 유적
355865932,불 저택 유적
356914570,티스 무덤
357963190,흰 성 산장
359011820,클리봄 묘지
360060417,옛 그라르넴 저택
361109009,쿠제 오두막
362157694,레르칸 근위대 유적
363207017,게라세나 구덩이
364255625,마우르크 코트
365304319,블레트 농장 유적
366352900,주바테우스 구멍
367401481,야만인 주점
368450071,드워프와 고양이 숙소
369498677,올드 블로르티의 거처
370548085,안팡
371596695,옛 티르틴 거처의 폐허
372645282,아케이의 신성한 오라클
373693874,베슈텐 광산
374742470,노를로스의 거미줄
375791126,아케이의 피 흘리는 징조
376839770,플라이터 농장
377889063,올드 코리르 오두막
378937744,사오르트 농원
379986322,메르텐 농가
381034968,올드 커스트사 농장의 폐허
382083548,이스파스쿠아라
383132133,죽은 새 여관
384180727,니틴 농가
385229376,고르툼 홀
386278617,악마의 고슴도치 선술집
387327293,악당과 오소리 숙소
388375874,도르추르 법정의 폐허
389424474,비버와 해골 주점
390473067,쥐와 전갈 주점
391521701,카르마르 저택
392570291,슈리필린 광맥
393618902,올드 베르그 오두막
394667540,엘로아토르
395716850,카일프 탑의 폐허
396765447,다크햄 홀
397814096,텍투르 묘지
398862681,로길리레아
399911306,디스 묘지
400960003,클라폼 법정
402008582,라모하부
403057878,왕의 사향쥐 여관
404106556,블레시컨 법정의 폐허
405155141,그라브텐 묘지
406203744,울부짖는 오소리 주점
407252359,악당과 고양이 호스텔
408300943,사슐로커
409349533,진홍빛 고양이 호스텔
410398134,아케이의 신성한 영혼
411447558,울부짖는 거인 주점
412496148,모시 농가
413544730,바가즈웨인
414593314,여우와 고슴도치 숙소
415641905,바우스트른 성
416690483,그럼라곤
417739082,토르크테 탑
418787688,바가드타르
419836266,비명 지르는 전갈 여관
420884864,두그로드의 사당
421934256,악마의 드래곤 호스텔
422982924,디바드 기념비
424031523,보즈른 농장의 폐허
425080111,티슈텐 농장
426128800,두더지와 그리핀 호스텔
427177389,아케이의 영원한 제단
428226661,블라스탄 저택의 폐허
429275510,아케이의 고요한 재탄생
430324093,불운한 진 주점
431373454,올드 세스바 오두막
432422032,키에란 극장
433470632,웃는 야만인 선술집
434519220,메일디르 농가
435567805,를리르켐 요새
436616438,모레다타
437665023,틀레타 농가
438713608,를리필라르 채석장
439762242,아케이의 축복받은 영혼
440811747,베그텐 궁전
441860378,옛 스터그타 오두막의 폐허
442908961,렐다르 농가
443957573,누르폼 구덩이
445006152,소르드컨 터널
446054731,가타 농가
447103311,누르맘 저택의 폐허
448152735,왕의 마멋 선술집
449201439,붉은 드래곤 선술집
450250078,바알루케루나의 구멍
451299362,올드 라르피의 거처
452347947,카르곤 농가
453396544,슈로필테 요새
454445225,페오네투자
455493813,올드 퍼트의 거처
456542412,라에르팀 저택의 폐허
457591005,치르티르 홀의 폐허
458639591,아케이의 영원한 별
459688172,두그로드의 사당
460736834,노르다르 농가
461786129,미비 결사
462834814,슈루스 저택
463883463,목마른 단검 주점
464932068,타시 묘지
465980688,하얀 악당 여관
467029300,사르눔 탑
468078561,박쥐와 사향쥐 숙소
469127163,로르콤 묘지
470175759,스토스 농가
471224419,사호르고네나 골짜기
472273087,볼드 홀의 폐허
473321671,올드 니름타 오두막
474370268,라오르티르 홀의 폐허
475418874,살쾡이와 던전 호스텔
476467490,짐 세이 사당
477516754,만다고라
478565418,바알룰리테사 동굴
479614019,게르네 탑
480662728,악마의 마멋 여관
481711313,세름른 농원
482759903,왕의 고슴도치 여관
483809207,아케이의 영원한 순교자
484857805,체툼바노
485906497,야그토르 조류 사육장
486955075,마레브레르의 은신처
488003661,룰트 저택의 폐허
489052329,렐치르 농원
490100960,파파칼라
491150241,아케이의 축복받은 예언자
492198841,엘로판
493247422,데모르곤의 구멍
494296001,녹슨 사향쥐 선술집
495344592,시필람 광산
496393199,무순 농장의 폐허
497441778,시쉬의 지하 묘지
498490387,라즈 농가
499538966,울부짖는 거인 선술집
500587544,페겐 궁전
501636224,보르텐 홀
502684832,그리룬 법정의 폐허
503733446,부보비아
504782726,올드 발자 농장의 폐허
505831379,아케이의 두려운 별
506879971,키에란 극장
507928598,블럭톤 과수원
508977225,를라그트 농원
510025804,라롬 저택
511074405,포그트 농가
512122992,블러셔 궁전
513171575,붉은 악당 호스텔
514220177,박쥐와 던전 주점
515268759,올드 투그카 농장
516317352,녹슨 고슴도치 호스텔
517366664,로르틴 농장
518415245,플로르칸 농가
519463835,벨로드레드
520512475,죽은 던전 주점
521561122,비부디수
522609701,그루트케 오두막
523658404,헤즈가우스
524707712,포르가 궁전
525756304,발티메온의 돌무지
526804889,올드 모르타 농장의 폐허
527853505,풋 농장의 폐허
528902110,길디르 법정
529950725,다이버 농가
530999355,블리르그 농가
532047934,나는 전갈 숙소
533096591,무르크 채석장
534145858,그리르민 묘지
535194585,세둔누토르
536243174,마로다스의 구덩이
537291752,테제 성
538340348,옛 쿠르탐 오두막의 폐허
539388960,세데라니아
540437567,아케이의 축복받은 일출
541486151,페른 근위대의 폐허
542534751,글랄딘 탑
543583342,올드 보일드 오두막
544632610,아케이의 신성한 징조
545681192,은빛 해골 숙소
546729808,크릴프 발굴지
547778446,마촌 묘지
548827033,조드 사당
549875618,타셔 묘지
550924196,목마른 악당 주점
551972809,라니부오
553021396,비사르 근위대
554070075,글레르돔 농가
555118670,아케이의 내면의 나무
556167259,올드 틸레 오두막
557216594,나는 구덩이 호스텔
558265179,페스텐 농장의 폐허
559313778,라우즈트 발굴지
560362360,부르크타 농가
561410967,부크트 저택의 폐허
562459550,아페라 고라
563508149,치오크컨 채석장
564556749,황금 심연 숙소
565605365,웃는 노움 주점
566653961,아케이의 온화한 오라클
567702561,죽은 고슴도치 호스텔
568751153,누즈 과수원
569800487,스토트 홀의 폐허
570849065,아케이의 통곡하는 별
571897682,아케이의 내면의 예언자
572946261,스쿨라루고스의 거미줄
573994872,파이침 채석장
575043481,리신 농가의 폐허
576092130,클루존 과수원
577140733,도타르 근위대
578189329,춤추는 고블린 숙소
579237935,사오필람 저택
580287209,춤추는 구덩이 여관
581335828,다모니다크스
582384447,올드 슬로그 오두막
583433066,쥐와 개 여관
584481800,춤추는 노움 숙소
585531161,라르팀 저택의 폐허
586579741,올드 킥트의 거처
587628343,플레른 매장지
588676931,마킬리웨인
589725634,글로스트 홀의 폐허
590774260,카엑톰 과수원
591822845,마킬라 타르
592872152,아케이의 영원한 순교자
593920756,옛 메필론 오두막의 폐허
594969370,페오노코가
596017981,빌담 농가
597066710,아케이의 피 흘리는 승천
598116045,버트 농가
599164838,두르뎀 요새
600213419,세르텐 법정
601262816,푸르딘 농장
602311429,올드 블라르타의 거처
603360154,올드 파오르크타 오두막의 폐허
604408733,비쉬 광산
605457321,초록 고슴도치 주점
606505916,아케이의 통곡하는 징조
607555179,아케이의 영원한 예언자
608603803,야만인 술잔 숙소
609652458,샤르긴 법정
610701047,녹슨 검 선술집
611749757,사우르트 탑의 폐허
612798348,아케이의 노래하는 구원자
613846938,블라르터 저택
614895519,아트라자
615944820,데모르고나 동굴
616993464,사호트의 구덩이
618042073,패일판 무덤
619090774,네크로물란의 돌무지
620140129,도춘 농장
621188962,부바스타제르
622238277,자게투자르
623287082,그루크 요새
624336490,옛 그리굼의 거처
625386017,잘레나시아
626434634,옛 넬푸르의 오두막
627483221,페춘 저택 폐허
628531964,구솜 황궁
629580576,픽트 광산
630629882,옛 쿨돔의 판잣집
631678738,오숨바웨인
632728020,모란다가
633776605,테그트 무덤
634825184,옛 바욱트의 거처
635873828,세리릴라
636922587,촉티르 농장
637971932,콕트 농장
639020732,흰 그리핀 여관
640069323,마그니부스의 지하 묘지
641118634,왕의 늑대 호스텔
642167220,부라르의 경비대
643215803,라아르콤 광맥
644264383,춤추는 단검 술집
645312968,마엘링크세사의 소굴
646361619,라누투니스
647411156,웃는 진 산장
648459938,딜롬 농장
649509246,비필의 경비대
650557832,블룰뎀 묘지
651606434,주빌레우시아의 은신처
652655043,라일리르 저택 폐허
653703784,키그트 지하 묘지
654752399,미르두르 농장 폐허
655801692,라오스 성채
656850306,아케이의 내면의 별
657899140,할의 선술집
658948456,옛 말시의 오두막
659997108,옛 그라즈파의 오두막
661045838,아케이의 피 흘리는 영혼
662095196,라엔의 성유물함
663143800,아가라레그
664192415,모르키테룰라 동굴
665241886,움베라닥스
666290483,쿠필 회관
667339079,차르 성채 폐허
668387721,부잔 탑 폐허
669436434,은빛 사냥꾼 선술집
670485772,옛 린자의 오두막
671534414,가필렌 묘지
672583006,옛 블릴프의 오두막
673631728,두더지와 머그 산장
674680323,현자 기념비
675729656,쉬지 않는 주전자 산장
676778251,슬라잔 농장 폐허
677826883,티르 황궁
678875632,여우와 전갈 호스텔
679924213,두꺼비와 오우거 산장
680972812,옛 바이르켐의 오두막
682022157,아트라하가
683070739,아트로할라
684119343,샨 저택 폐허
685167926,웃는 고블린 선술집
686216505,옛 나르타의 판잣집
687265209,사오르칸의 경비대
688313813,마그탐 농장
689362399,옛 가르티의 오두막
690410978,잘릴리-코롬
691460371,니치 과수원 폐허
692508967,칼라하누
693557708,바가하토르
694607065,옛 물단 거처
695655820,아케이의 무한한 별
696704415,바르톰 궁정
697753005,푸르칸 농장 폐허
698802314,아케이의 두려운 빛
699850927,나잠 묘지
700899519,아스메보르곤 골짜기
701948302,스코지 고분
702997649,보침 농장
704046307,은빛 전갈 선술집
705095039,마케다
706143630,아케이의 피 흘리는 예언자
707192938,테르크텐의 무덤
708241575,몰 농장
709290350,녹슨 악동 술집
710338930,툴라지시아
711388240,사자와 오우거 선술집
712436889,그루슈른 농장 폐허
713485651,불운한 고슴도치 술집
714534963,클리셰 농장
715583569,옛 다필티의 판잣집
716632162,박트 농장
717680749,와디지리우스
718730269,크루크트 농장
719778864,코스트른 성 폐허
720827443,웃는 악동 여관
721876027,여우와 늑대 산장
722924794,비트 농장 폐허
723973418,모르코르고니아 동굴
725021999,슬럭트컨 농장
726071367,마로티아 동굴
727120135,엘라카니아
728168713,블룰더 농장
729218048,악당과 노움 산장
730266867,생쥐와 진 여관
731316182,울부짖는 사냥꾼 산장
732364804,로간다레아
733413397,시필룬 저택 폐허
734461979,옛 도그트사의 농장 폐허
735510756,보르프 황궁
736560316,그리쉬 성
737609641,다르톰 황궁
738658236,드워프와 악동 선술집
739707049,더러운 주전자 호스텔
740756405,파그탄 지하 묘지
741805006,깃털과 사냥꾼 선술집
742853586,세스템 요새
743902197,쿠슈케 묘지
744950914,디스푸아게크의 구덩이
745999511,블로스의 경비대 폐허
747048842,레자르
748097422,옛 피스툰의 오두막 폐허
749146036,데물룰라 동굴
750194786,스라소니와 진 술집
751243373,세다카트
752291972,를라젬 회관
753341538,블리르 묘지
754391096,부르체의 경비대
755439686,사이의 성유물함
756489066,아즐라스
757537644,바오긴 황궁
758586390,바스트 묘지
759634970,페이샴 과수원
760683584,아케이의 즐거운 일출
761733134,옛 멜드른의 오두막
762782474,렉트 황궁
763831075,케르그케 회관
764879670,다모하우스
765928466,젠 산장
766977784,그라르프텐 저택
768026400,체트 저택
769075183,케르톰의 경비대
770123761,가로메자르 후작의 무덤
771173092,바우르프 농장
772221673,바일케 터널
773270266,옛 마스자의 거처
774319020,쇼르폼 저택
775368472,크리스의 여관
776417175,아케이의 내면의 예언자
777465766,보섬 과수원
778514344,네른 연구소
779563690,옛 골피의 거처
780612271,푸른 틈새 산장
781660875,아케이의 눈물 흘리는 성유물
782709506,피즈 농장
783758211,흰 틈새 여관
784806813,아케이의 고요한 제단
785855395,슈라르콘 황궁 폐허
786904735,옛 보이짐의 오두막
787953319,두더지와 주전자 선술집
789001926,왕의 검 여관
790050516,아케이의 영원한 구원자
791099126,비명 지르는 오우거 선술집
792147861,포르캬 의회
793196442,모고코레아
794245791,체티르 저택 폐허
795294370,더러운 거인 호스텔
796343009,를럭트 터널
797391587,시르드컨 요새
798440176,레르크 농장
799488772,옛 크리필타의 농장
800537446,아케이의 노래하는 예언자
801586797,게오르고나의 구덩이
802635396,데메브로르곤의 구멍
803683983,이릭의 제단
804732578,베필리르 회관
805781234,제나제르
806829838,베르프케 묘지
807878443,박쥐와 고양이 술집
808927045,글라스트 저택 폐허
809975625,젠 산장
811024218,마엘릴로르고누나 구멍
812073565,세반 채석장
813122173,아케이의 피 흘리는 재생
814170791,슈라르크트 농장
815219384,자빈카트
816267998,옛 쿠르게의 오두막 폐허
817316639,루렌 과수원
818365218,울부짖는 오우거 산장
819413830,다그툰 아카데미
820463161,녹색 단검 여관
821511768,아케이의 통곡하는 예언자
822560366,비명 지르는 사향쥐 산장
823609057,를라필타의 무덤
824657637,별 과수원 폐허
825706215,블름텐 지하 묘지
826754840,아케이의 영원한 예언자
827803421,아케이의 고요한 영혼
828852830,옛 고브의 판잣집
829901465,멜람 성
830950061,머크 묘지
831998678,글라슈케 탑 폐허
833047272,옛 블리르트키의 오두막
834095861,쿠데-하시
835144466,락팀 터널
836193049,플로르간 과수원
837242382,아케이의 눈물 흘리는 구원자
838290972,리흐터 오두막 폐허
839339615,이릭의 제단
840388213,베툰 농장 폐허
841436871,부바자
842485460,그리손 채석장
843534047,토흐트 유적
844582667,루르드 성
845632014,두그로드의 사당
846680639,라오르타 탑
847729225,옛 카름카의 거처
848777810,마엑트 요새
849826458,고허 성채 폐허
850875070,박쥐와 단검 산장
851923649,사에르흐터 농장
852972246,미르드컨 오두막
854020841,자긴-타르
855070172,옛 블라치르의 오두막
856118765,를라르톤 농장
857167346,라숀 성
858215924,바우수르 탑
859264536,카악테의 경비대 폐허
860313234,비르덴 무덤
861361878,셀 저택 폐허
862411224,글렐텐 회관
863459869,베르베후스
864508514,투체 저택
865557117,옛 두숀의 판잣집
866606525,부가르 저택
867655111,블로르쿤 농장 폐허
868703713,로르커 농장 폐허
869752300,포슈타 농장
870800881,불운한 검 산장
871849507,진홍빛 염소 산장
872898094,오사비
873946748,춤추는 새끼 사슴 선술집
874995353,라이러르 요새
876043946,늙은 크로슈바의 오두막
877093282,모레나누
878141863,코셤 지하 묘지
879190516,루크트 발굴지
880239130,붉은 머그잔 호스텔
881287709,모라스타다타
882336320,돼지와 전갈 호스텔
883384951,늙은 콕트바의 판잣집
884433535,봉우리 마녀회
885482974,비그 저택
886531601,크라펜 농장 유적
887580190,카옥툰 궁정
888628769,큐른 발굴지
889677355,늙은 래일드네 집
890725940,늙은 클릭팀네 집
891774523,드워프와 오우거 여관
892823132,로스턴 탑
893872515,크레스 농장
894921184,드래곤테일
895969874,베이르크테 농장
897018455,늙은 슬릴드-시네 집
898067933,토르치 궁전 유적
899116609,파트컨 홀 유적
900166052,아케이의 내면 우상
901214684,렐 농장
902263311,트로구돈
903311908,블루르구르 농장
904361297,타시리예르
905409878,서던 농장
906458467,푸투톤
907507070,데밀레우세사의 구멍
908555648,아케이의 온화한 승천
909604319,바오르감 저택
910653729,악당과 새끼 사슴 호스텔
911702323,춤추는 요정 주점
912750944,아케이의 피 흘리는 순교자
913799595,늙은 포스카네 집
914849027,여우와 야만인 주점
915897632,두더지와 성 주점
916946210,모르쿰 농장
917994829,아케이의 성스러운 우상
919043436,베르다르 경비대 유적
920092025,아케이의 불타는 선지자
921140604,베우고드 거미줄
922189211,나르쿤 저택 유적
923238633,티콤 성채
924287217,티르톰 저택 유적
925335849,그레스틴 농장
926385391,비필 농장
927434158,티이트 오두막
928483499,파르크테 요새
929532181,칼리르 요새 유적
930580764,아케이의 성스러운 일출
931629363,왕의 머그잔 주점
932677974,그리스툼 홀 유적
933726610,를라즈 농장 유적
934775971,아케이의 통곡하는 순교자
935824604,아케이의 축복받은 환생
936874109,늙은 바르자네 판잣집
937922842,풀프컨의 요새 유적
938971483,루줌 경비대
940020881,늙은 를로르크티네 집
941069514,아케이의 노래하는 영혼
942118126,푸르그른 저택
943166774,디스파스 동굴
944215357,더프 농장 유적
945264748,아케이의 두려운 승천
946313348,블리르테 농장
947361946,사이의 성유물함
948410537,네스톰 요새
949459144,제노파다이
950507739,카오지르 지하 금고
951556386,피르드 저택 유적
952604968,가르 채석장
953654343,죽은 요정 주점
954702950,자분누누
955751694,콜웬의 사당
14527,늙은 가어하우스네 집
1063105,늙은 마스터윙네 집
2111683,마스터턴 농장
3160274,허스슬리 홀
4209819,화이트윅
5258397,코퍼링 농장
6306975,애슐리 요새
7355554,허싱 탑
8405139,코퍼슬리 묘지
9453737,체스터레흐
10502323,두더지와 고블린 호스텔
11551845,라엔의 성유물함
12600425,툰헤드
13649009,애시크로프트 묘지
14697587,킹윙 궁정
15746167,킹포드 농장
16794750,사이의 성유물함
17843330,콜웬의 사당
18891919,라엔의 성유물함
19941459,마스터필드 성채
20990037,빅톨다 마녀회
22038638,레이웨이
23087227,옥슬리
24135807,황금 고슴도치 호스텔
25184391,그린크로프트 지하 금고
26233905,욤슬리 궁전
27282483,라엔의 성유물함
28331075,악마의 오소리 호스텔
29379655,늙은 킹포드네 집
30428236,홀리 힐
31476844,웃는 늑대 산장
32526351,킹슬리 저택
33574946,더러운 그리핀 산장
34623526,줄리아노스의 즐거운 유물
35672105,그린스턴 저택
36720709,짐 세이 사당
37769295,하얀 요정 여관
38817879,스토크워크
39867389,아그리스티르 연구소
40915967,진홍빛 해골 주점
41964546,윅슬리 홀
43013142,윅슬리 오두막
44061720,무어하우스 농장
45110299,늙은 크리스토나의 농장
46158900,브로드마켓
47207489,늙은 에벨라비스의 판잣집
48256069,호크스턴 탑 유적
49305562,코퍼스미스 묘지
50354147,조드 사당
51402737,입스베리
52451319,요밍 농장
53499912,요스턴 농장
54548494,돼지와 전갈 주점
55597093,무어하우스 탑 유적
56646597,가어크로프트 홀
57695182,그레이빌
58743773,우드턴 경비대
59792354,늙은 요므톤 오두막
60840932,악마의 검 여관
61889510,늙은 이시랴네 집
62938088,갈로모어
63986669,현자 기념비
65035265,악당과 수사슴 주점
66083844,늙은 모르긴의 농장
67132425,디어테일
68181937,탐위치
69230516,사자와 오소리 호스텔
70279098,마스터크로프트 홀
71327687,허슬리 농장
72376288,허스윙 과수원
73424890,탐데일
74474390,호크로프트 히스
75522987,비버와 수사슴 산장
76571570,윅턴 과수원
77620152,줄리아노스의 통곡하는 순교자
78668734,호킹 저택
79717323,코퍼하우스 저택
80765903,은빛 노움 산장
81814486,블라둘루스 홀
82863067,늙은 우드스턴 오두막 유적
83912568,비명 지르는 늑대 산장
84961146,알드몬트
86009742,호크스턴 홀
87058338,마이의 사당
88106924,이스트패스
89155532,초록 새 여관
90204110,페라르 감옥
91253606,여우와 균열 산장
92302191,박쥐와 사냥꾼 호스텔
93350776,가어햄 농장
94399358,버킹스미스 지하 묘지
95447936,요스턴 저택
96496520,허스하트 궁정
97545105,람몬트
98593693,킹엄 저택
99642276,게레본 동굴
100691785,레이샤이어 데리
101740368,돼지와 사냥꾼 주점
102788964,사이의 성유물함
103837546,마스터링 탑 유적
104886131,윅크로프트 농원
105934723,존의 사당
106983303,그린필드 무덤
108031897,박쥐와 사냥꾼 여관
109081397,줄리아노스의 눈물 흘리는 예언자
110130013,업카트
111178591,줄리아노스의 내면의 빛
112227171,사자와 새 여관
113275764,벨라도다 전통
114324343,업월드
115372924,무어스턴 탑 유적
116421503,요스윙 농장
117470083,줄리아노스의 온화한 별
118518662,나이츠싱
119568169,스트레너 헤이븐
120616748,차렌마켓
121665336,마스터링 궁정
122713915,차렌브리지
123762511,크롬윅
124811089,무어크로프트 궁전
125859671,짐 세이 사당
126908249,춤추는 새 여관
127956841,호크스미스 요새
129006341,무어스미스 농장
130054920,이스트빌 데리
131103498,애슐리 탑
132152078,버킹포드 저택
133200665,버킹턴 농장
134249263,젠 산장
135297871,요밍 탑 유적
136346451,마스터윙 저택
137395036,체스터모어
138444536,늙은 윅필드 오두막
139493125,턴트리
140541704,호크크로프트 과수원
141590297,제프레의 사당
142638896,줄리아노스의 축복받은 신탁
143687489,우드필드 저택
144736983,호크햄 성
145785575,줄리아노스의 무한한 신탁
146834172,펜의 안식처
147882766,갈로위치
148931349,가어윙 오두막
149979932,늙은 가어햄 판잣집 유적
151028511,마스터하트 궁전
152077095,짐 세이 사당
153126594,악당과 요정 산장
154175177,늙은 버킹포드 오두막
155223763,깃털과 성 호스텔
156272344,마이의 사당
157320925,늙은 바르비사네 집
158369513,윅하트 궁정
159418121,아그리낙 경비대
160466700,무어햄 농장
161515287,무어링 궁전
162564769,욤슬리 저택
163613351,욤슬리 농장
164661932,허스윙 홀
165710518,빅타우사 결사
166759113,사자와 개 여관
167807695,그림레이
168856277,그림샤이어
169904857,모르가나의 옛 농장
170953438,애쉬햄 탑
172002016,스토클리
173050598,싱샤이어 바위
174099181,알드우드
175147766,흰 염소 호스텔
176197259,비명 지르는 전갈 여관
177245857,두더지와 염소 술집
178294440,그린스미스 탑
179343022,모로미스 홀
180391603,비그릴의 성소
181440233,쿠올웬의 성소
182489721,사자와 노움 술집
183538307,코퍼크로프트 농장
184586887,웨스트워크
185635474,체스터웰
186684057,체스터게이트
187732649,가어스미스 오두막
188781236,펜의 은신처
189829826,바난나의 옛 오두막
190878404,조드 성소
191927923,키에란 극장
192976502,업브리지
194025113,코퍼필드 저택
195073694,살쾡이와 단검 술집
196122287,붉은 염소 산장
197170869,애쉬하우스 저택
198220352,에펜의 성소
199268935,줄리아노스의 영원한 징조
200317560,모리미스의 무덤
201366140,머윅
202414729,탐브러
203463316,이릭의 제단
204511906,두더지와 염소 호스텔
205561396,발텔룰론 성
206609974,무어링 저택
207658581,스토크크로프트
208707200,워타워
209755779,그린크로프트 저택
210804360,마스터크로프트 묘지
211853856,윅하우스 탑
212902436,크롬타운 바위
213951018,커크패스 마을
214999597,미들레크
216048185,행운의 개 여관
217096786,반디의 성소
218145364,미드브론
219193945,쥐와 머그잔 여관
220242523,울부짖는 고슴도치 여관
221291104,바니사의 옛 농장
222339685,줄리아노스의 영원한 승천
223389183,코퍼필드 요새
224437762,여우와 그리핀 여관
225486340,비버와 검 호스텔
226534926,줄리아노스의 무한한 우상
227583526,은빛 던전 여관
228632105,우즈들리 농장
229680691,코퍼슬리의 옛 터
230729279,이릭의 제단
231777866,녹색 고슴도치 술집
232826448,애쉬햄 농장
233875026,애싱 농장
234923610,윅필드 저택
235973089,폰타운
237021668,입스우드
238070297,욤스턴 코트
239118883,욤하트 저택
240167461,여우와 그리핀 호스텔
241216042,허스슬리 홀
242264620,모어훌론의 무덤
243313198,생쥐와 주전자 여관
244361789,레이타운
245410368,줄리아노스의 영원한 유물
246459860,황금 그리핀 여관
247508445,킹턴 홀
248557025,마이의 성소
249605619,크로스워스
250654224,가어필드 황궁
251702809,버킹하우스 성 폐허
252751391,다크하우스 성
253800882,싱마켓
254849465,비버와 개 여관
255898048,바알리블론 수도원
256946637,코퍼필드 농장
257995233,싱이지 데리
259043815,코퍼스미스 탑
260092405,차렌베스
261140989,은빛 틈새 여관
262189580,나는 개 여관
263239083,크리스틴 전통
264287684,키에란 극장
265336287,호킹 홀
266384873,호크필드 농장
267433451,화이트월드
268482033,애슐리 옛 오두막 폐허
269530616,커크브리지
270579196,배엘마켓 황야
271628677,사자와 염소 여관
272677262,깃털과 전갈 술집
273725855,롱브리지
274774450,그린필드 홀
275823044,허스슬리 지하 금고
276871626,화이트월
277920204,녹색 성 술집
278969707,반포트
280018287,두꺼비와 새 호스텔
281066891,코퍼턴 요새 폐허
282115478,그린포드의 옛 오두막
283164073,킹스미스 근위대
284212654,가어스미스 홀
285261242,가어스턴 요새
286309838,쿠올웬의 성소
287359317,버그워크
288407903,애슐리 농장
289456481,와일더크로프트
290505062,마이의 성소
291553648,와일더타워
292602243,현자 기념비
293650828,롱트라이
294699417,업헤드 황야
295748932,두더지와 악동 호스텔
296797523,여우와 머그잔 여관
297846135,사이의 성유물함
298894713,인베레니우스의 지하 묘지
299943300,탐모스
300991883,검은 수사슴 술집
302041379,반디의 성소
303089966,무어윙 과수원
304138547,킹포드의 옛 오두막
305187125,롱모스
306235716,빅톨다의 옛 오두막
307284307,화이트타운
308332886,호크슬리 근위대
309381468,가어턴 농장
310430053,커크우드 골짜기
311478638,커크타운
312527221,립캐슬
313575805,이소나의 옛 터
314624387,립햄
315673864,체스터링
316722456,펜모스
317771039,줄리아노스의 축복받은 우상
318819636,페닝
319868217,여왕의 야만인 산장
320916802,쉬지 않는 노움 산장
321965384,입스워크
323013972,악당과 고블린 호스텔
324062553,입스이지
325111152,더러운 새 여관
326160634,드워프와 검 호스텔
327209212,킹스미스 코트 폐허
328257794,줄리아노스의 피 흘리는 영혼
329306373,애쉬스턴 묘지
330354960,애쉬햄 농장
331403555,돼지와 오우거 호스텔
332452135,비명 지르는 사제 호스텔
333500724,반디의 성소
334549302,반헤드
335597880,디어리지
336646476,키에란 극장
337695062,디어베스
338744537,줄리아노스의 침묵하는 구원자
339793146,옥스월드
340841724,허스크로프트 저택
341890304,허스크로프트 오두막
342938901,허스슬리 성
343987493,젠 산장
345036075,윅턴 저택
346084655,호크스미스 홀
347133233,캐스브리지
348181825,마스터포드 무덤
349231303,줄리아노스의 두려움에 찬 예언자
350279888,허싱 농장
351328466,우드햄 옛 오두막 폐허
352377069,엘리자비스의 옛 터
353425663,그린크로프트 농장
354474267,바알루친시아 수도원
355522848,가어스턴 과수원
356572362,줄리아노스의 기쁜 선지자
357620953,네부카노르의 집
358669531,펜윅
359718110,에벨라우사의 옛 오두막
360766716,스토크테일
361815307,줄리아노스의 축복받은 선지자
362864800,은빛 사제 산장
363913378,가어하트 홀 폐허
364961975,엘린의 옛 오두막
366010568,허스포드 근위대 폐허
367059157,춤추는 해골 호스텔
368107736,줄리아노스의 영원한 순교자
369156333,이스트체스터
370205821,그린슬리의 옛 오두막
371254414,그린윙 홀
372302993,툰데일
373351603,펜의 은신처
374400200,사이의 성유물함
375448793,그린톤 묘지
376498289,벨라다라의 옛 농장
377546898,사자와 머그잔 호스텔
378595489,폰타운 성당
379644077,입스웨이
380692661,아나고드 거미줄
381741240,현자 기념비
382789827,레이베일
383838407,캐롤리사의 옛 농장
384887886,나는 고블린 술집
385936465,줄리아노스의 무한한 영혼
386985047,이사우사의 옛 농장
388033664,녹색 새 호스텔
389082280,빅틴의 옛 터 폐허
390131779,마엘로르곤 수도원
391180357,머워스
392228943,그린슬리의 옛 오두막
393277521,앤디스티어 아카데미
394326106,쥐와 오우거 산장
395374686,그윈니사의 옛 터
396424217,붉은 그리핀 여관
397472795,무어하우스 홀
398521377,코퍼포드의 옛 오두막
399569970,버킹슬리 성
400618573,무어햄 탑
401667152,쉬지 않는 악동 여관
402715734,허스슬리 요새
403765255,코퍼슬리 홀
404813843,버킹엄 농장
405862460,불운한 고양이 호스텔
406912004,쿠올웬의 성소
407960590,롱본
409009177,존 성소
410057756,허스슬리의 옛 오두막
411106338,허스윙 황궁
412155857,마스터턴 저택
413204444,젠 산장
414253034,무어링 오두막
415301614,램브리지
416350216,코퍼윙 오두막
417399741,버킹잉 농장
418448322,왕의 머그잔 산장
419496938,키에란 극장
420545523,모르디릭의 감옥
421595042,에펜의 성소
422643669,허스리 그레인지
423693192,네이브 앤 도그 여관
424741785,코퍼링 묘지
425790366,게어링 코트
426838944,게어필드 농장
427887523,버그헤드
428936102,디바드 기념비
429984680,짐 세이 신전
431033258,허스턴 농장
432081850,허스필드 홀
433130431,그림베일 자치구
434179010,호크슬리 근위대 유적
435228537,크롬브론
436277123,캐롤라바이스 집회소
437325718,배트 앤 프리스트 여관
438374299,발툴레온의 은신처
439422879,허싱의 무덤
440471470,크롬크로프트
441520991,웨스트우드
442569575,버킹잉 저택
443618157,버킹스턴 홀
444666735,줄리아노스의 노래하는 예언자
445715337,애쉬크로프트 농장
446764897,폭스 앤 라스칼 술집
447813494,허스포드 성
448862083,레이리
449911595,올드 엘라바이스의 오두막
450960173,차포트
452008756,마스터슬리 탑
453057335,무어슬리 탑
454105921,올드 윅햄 오두막
455154502,비버 앤 배저 호스텔
456203084,무어윙 홀 유적
457251668,버그웰
458300250,아크톤
459348835,펜의 안식처
460397417,사이의 성물함
461446969,호버리
462496506,브로드버리
463545086,올드 우드톤 오두막 유적
464593666,줄리아노스의 온화한 성물
465642248,브로드테일 숲
466690836,무어크로프트 그레인지
467739421,우타스티르의 소굴
468788008,킹스턴 농장
469836591,랫 앤 우드척 여관
470885171,애쉬스턴 오두막 유적
471934701,허스리 저택 유적
472983282,업햄
474031873,줄리아노스의 축복받은 빛
475080457,올드 코퍼슬리 오두막
476129035,그린스미스 묘지
477177621,차위치
478227155,화이트마켓
479275740,허스리 요새
480324321,올드 크리스타라의 오두막
481372911,무어햄 농장
482421497,써스티 폰 여관
483470080,코룰루스 성
484518665,버킹슬리 홀
485568177,호무네리아 대성당
486616774,버킹스미스 저택
487665380,크로스월 커먼즈
488713964,애쉬하우스 홀
489762548,우딩 저택 유적
490812063,에펜의 신전
491860650,줄리아노스의 성스러운 승천
492909232,윅스미스 저택
493957816,배일리
495006395,줄리아노스의 온화한 재탄생
496054986,배일셔
497103566,두그로드의 신전
498153098,킹윙 저택
499201721,랫 앤 캣 술집
500250300,램버스 대성당
501299818,올드 이사나의 오두막
502348397,반본
503396975,폭스 앤 헤지호그 여관
504445556,젠 로지
505494134,반베스
506542713,래핑 고블린 로지
507591293,레스리스 자이언트 호스텔
508639874,우즈슬리 궁전
509688453,올드 엘올다의 거처
510737032,욤하우스 저택
511785611,옥스본
512834193,아이릭의 제단
513882773,옥스톤
514931353,게리더의 동굴
515979933,체스터호프
517029495,올드 엘리리아의 오두막
518078083,브로드웨이
519126666,비그릴의 신전
520175246,쿠올웬의 신전
521223826,게레레사 수녀원
522273337,알드포트
523321921,욤하우스 농장
524370504,데빌스 폰 호스텔
525419085,젠 로지
526467664,올드 킹잉 오두막
527516257,크롬헤드
528564838,올드 그린윙 오두막
529613428,줄리아노스의 눈물 젖은 재탄생
530662008,블라도보르의 무덤
531711538,입스타운
532760124,욤햄 농장
533808703,입스월
534857297,턴햄
535905891,턴월
536955421,러스티 드래곤 술집
538004000,갈로타운
539052590,디어우드
540101181,디어햄
541149769,무어하우스 묘지
542199290,차렌게이트
543247868,올드 이소나의 거처 유적
544296449,에드워리안 실험실
545345057,줄리아노스의 즐거운 징조
546393645,아그로리안 성
547443168,드위넨
548491755,워월
549540347,사후아간스 대성당
550588932,두그로드의 신전
551637523,알드톤
552686106,마스터크로프트 저택
553735638,미드테일
554784223,그롤노토르의 둥지
555832801,고스버리
556881382,그린필드 그레인지 유적
557929967,사이의 성물함
558978548,고스테일
560027126,베로반 홀
561075705,디바드 기념비
562124287,폭스 앤 스컬 호스텔
563173802,게어슬리 농장
564222426,우즈슬리 저택
565271967,새비지 고블린 로지
566320559,모르디발 성
567369142,스크리밍 포큐파인 술집
568417725,싱체스터
569466309,킹스 진 여관
570514891,마우스 앤 가드 로지
571563472,마스터슬리 농장
572612987,올드 캐롤린의 오두막
573661585,코퍼윙 궁전
574710176,키에란 극장
575759760,골드 캐슬 로지
576808348,스톡레이
577857875,롱캐슬
578906477,줄리아노스의 통곡하는 예언자
579955059,폭스 앤 진 술집
581003660,허스하우스 지하 묘지
582052238,새비지 진 여관
583101748,무어하트 농장
584150352,코퍼크로프트 과수원
585198935,발라스 은둔처
586247529,블래킹
587296108,블랙모스
588344688,애슐리 궁전
589393266,그린스톤 코트 유적
590442789,윌더톤
591491382,탬버리
592539962,새비지 오우거 여관
593588552,업포드
594637130,우딩 농장
595685724,퀸즈 우드척 여관
596735260,댄싱 도그 여관
597783863,그림버리
598832454,요밍 오두막
599881986,줄리아노스의 불타는 우상
600930567,윅스미스 요새
601979149,고스데일
603027729,발룰 신전
604076313,그린윙 농장
605124893,호크톤 요새
606173475,게어하트 농장
607222059,우드크로프트 농장
608271575,레드 헬름 술집
609320168,웨스트타워
610368764,스컬고스 웹
611417357,체스터크로프트
612465935,체스터헤드
613514513,호무노깅스 수도원
614563094,존의 신전
615611672,러스티 페어리 로지
616661214,코퍼하트 저택 유적
617709803,제프레의 신전
618758384,반몬트
619807910,탬셔
620856492,차렌레이
621905070,줄리아노스의 온화한 예언자
622953673,호크하우스 홀 유적
624002256,링크스 앤 헌츠맨 여관
625050842,홀모스
626099427,롱우드
627148006,펜의 안식처
628196585,사이의 성물함
629246106,우티릭의 감옥
630294688,언포춘 드래곤 여관
631343271,올드 욤슬리 오두막 유적
632391862,욤슬리 궁전 유적
633440444,알드마켓
634489032,우드윙 농장
635538552,그린햄 그레인지
636587130,줄리아노스의 두려운 승천
637635710,베딘 교정원
638684305,호크슬리 유적
639732883,욤톤 코트
640781490,하울링 자이언트 호스텔
641830073,그린톤 묘지
642879598,립셔 히스
643928190,갈로햄 엔드
644976783,줄리아노스의 피 흘리는 예언자
646025372,그윈이리아 숭배
647073963,비버 앤 머그 호스텔
648123472,올드 리시나의 농장 유적
649172057,줄리아노스의 노래하는 구원자
650220638,무어포드 묘지
651269219,무어슬리 저택
652317822,조드 신전
653366409,피그 앤 저그 여관
654414991,디바드 기념비
655464527,싱트리
656513109,킹톤 요새
657561689,마그네줄론의 무덤
658610298,차월
659659802,윅슬리 농장
660708380,웨스트타운 햄릿
661756962,마우스 앤 드래곤 로지
662805549,더티 캣 여관
663854131,우드크로프트 저택
664902713,이스트월
665951305,링크스 앤 헤지호그 로지
666999893,체스터햄
668048485,체스터웨이
669097991,올드 엘올다의 거처
670146574,라이언 앤 대거 여관
671195204,데빌스 버드 호스텔
672244716,윅슬리 농장 유적
673293320,올드 엘리나의 거처
674341900,욤스미스 홀
675390480,허스포드 요새
676439058,홀리지
677487636,줄리아노스의 눈물 젖은 성물
678536231,크로스톤
679584814,킹크로프트 묘지
680633393,크로스웰
681681971,호튼 데리
682731479,이스트베일 록
683780067,마스터슬리 홀
684828646,워빌
685877227,욤하트 홀
686925822,윅슬리 오두막 유적
687974401,구 헤스하우스 판잣집
689022980,불운한 우드척 로지
690072529,게렉술라 신전
691121124,행운의 오우거 로지
692169730,크롬레크
693219248,구 반놀다 농장 유적
694267827,캐스베일
695316411,줄리아노스의 노래하는 예언자
696365006,애시포드 저택
697413586,박쥐와 오소리 여관
698462174,마스터크로프트 궁전
699511718,발타누스의 무덤
700560300,호어샤이어
701608879,라엔의 성유물함
702657460,배일우드
703706045,구 벨라디나의 판잣집
704754632,춤추는 사향쥐 호스텔
705803210,악당과 염소 술집
706852725,줄리아노스의 영원한 오라클
707901304,큐올웬의 사당
708949885,구 그위나비스의 오두막 유적
709998470,킹윙 오두막 유적
711047048,짐 세이 사당
712095626,우드하트 궁전
713144204,줄리아노스의 눈물 흘리는 오라클
714192784,고스워크 할로우
715241376,나는 우드척 술집
716289955,반디의 사당
717339491,젠 로지
718388071,이릭의 제단
719436649,줄리아노스의 타오르는 빛
720485248,마스터하트 저택 유적
721533830,호크슬리 그레인지
722583379,코퍼턴 묘지
723631964,무어스턴 농장 유적
724680544,그레이브리지
725730104,반디의 사당
726778689,그린햄 지하 묘지
727827282,욤슬리 성 유적
728876830,헤스윙 요새
729925414,롱데일
730973998,목마른 오소리 호스텔
732022579,스트레너 헤이븐
733071170,악마의 장난꾸러기 선술집
734120713,그린햄 코트
735169297,구 그리닝 오두막
736218876,롱브론
737267460,롱크로프트
738316045,크로스브러
739364625,버킹슬리 그레인지 유적
740414174,욤잉 농장
741462775,코퍼윙 그레인지
742512330,진홍빛 드래곤 술집
743561899,구 버킹크로프트 오두막
744610478,버킹하우스 농장
745659060,구 바바나의 거처
746707640,악당과 사향쥐 호스텔
747756225,구 그위나나의 오두막 유적
748804803,녹색 머그잔 호스텔
749854361,욤스미스 오두막
750903948,욤햄 탑 유적
751953513,데메반크사 저택
753002110,구 에벨로랴의 오두막 유적
754052660,행운의 거인 술집
755101242,우드하우스의 요새 유적
756150820,애시스턴의 탑
757199399,호크윙 홀
758247982,리토바르의 은신처
759297545,왕의 그리핀 로지
760347118,비그릴의 사당
761395704,진홍빛 틈새 호스텔
762444294,우시발 아카데미
763493854,두그로드의 사당
764542438,스트레너 헤이븐
765592001,그린필드 농장
766640587,커크캐슬
767690155,레이월드 할로우
768738742,알딩잉
769787326,애시스턴 농장
770836874,버킹하우스 저택
771885456,애시윙 과수원
772934043,애시스턴 코트
773982625,조드 사당
775031204,크로스베스
776079785,애시스턴 홀 유적
777129349,차렌윅
778177934,존의 사당
779227487,마스터링 성채
780276067,롱위치 커먼즈
781324646,큐올웬의 사당
782373232,아그리스티르의 은신처
783422786,구 헤스필드 판잣집
784471376,에펜의 사당
785519965,줄리아노스의 축복받은 순교자
786569518,가어햄 코트
787618097,아크웨이
788666676,악마의 틈새 선술집
789715272,녹슨 고블린 호스텔
790764832,쥐와 틈새 여관
791813416,구 캐롤리랴의 오두막 유적
792862990,이릭의 제단
793911577,그레이체스터
794960155,애시필드 홀
796009708,키에란 극장
797058291,에본암의 모루
798107865,밴빌
799156454,두그로드의 사당
800205034,가어윙 오두막 유적
801254579,애시하트 저택
802303180,라엔의 성유물함
803352738,진홍빛 오우거 로지
804401327,호킹 궁전
805449910,여왕의 고양이 여관
806500460,사이의 성유물함
807549042,폰트우드
808597625,헤스하트의 집
809647192,호크하트의 탑
810696763,두그로드의 사당
811745341,호무난술라 수도원
812793926,비버와 틈새 로지
813844489,킹포드 궁전
814895068,탬브리지 무어
150625,구 라이사우사 농장
1203200,그린슬리 홀
2255771,주비스 대성당
3304357,가어하우스 농장
4353927,구 벨라딘의 거처 유적
5405511,워위치
6454102,마스터하트의 무덤
7504661,애시스미스 농장
8553253,애시스턴 지하 묘지
9601832,다키바론의 영묘
10651391,가어하트 농장 유적
11700980,갤로마켓
12751564,사훌레사 은둔처
13801128,킹슬리 과수원
14850712,구 그린턴 판잣집 유적
15899294,무어하우스 농장
16955879,마스터슬리 그레인지 유적
18008477,그린윙 요새 유적
19063095,구 에벨라나의 오두막 유적
20115597,싱브러
21164199,구 이시비라의 오두막 유적
22212799,욤잉 저택 유적
23261407,구 바바라의 거처 유적
24312929,욤하트 묘지
25361511,바로만의 집
26412048,블라델룰론의 케언
27460713,헤스스미스 농장
28510249,코퍼링 과수원
29559836,무어포드 묘지
30609345,가어스미스 과수원
31657973,무어턴 묘지
32707505,호크슬리 묘지
33756086,그리닝 오두막 유적
34805654,구 라이세인의 오두막 유적
35854242,마엘로데우사 사당
36902847,마스터포드 근위대 유적
37951443,킹스턴 농장
39000033,욤윙 궁전 유적
40048624,구 반니랴의 농장 유적
41098135,구 욤잉 오두막 유적
42147750,싱버리
43196334,디레니 탑
44245868,블랙헤드
45294491,가어햄 홀 유적
46349068,구 캐롤라나의 판잣집 유적
47398630,욤햄 농장 유적
48448177,비그릴의 사당
49498745,게라테우스술라 구멍
50547327,조드 사당
51596953,헤스크로프트 탑 유적
52646490,코퍼링 요새 유적
53695097,그린하우스 저택 유적
54743685,욤하우스 묘지
55793228,구 그리닝 오두막 유적
56842789,업베일
57891426,헤스필드의 요새 유적
58940973,호크필드 탑 유적
59989563,버킹윙 농장
61040090,코퍼하트의 탑
62088691,애시슬리 묘지
63139260,보즈라호스 둥지
64187869,마스터턴 묘지
65237397,코퍼크로프트 코트 유적
66289023,구 킹포드 오두막 유적
67338571,우드크로프트 궁전 유적
68391165,킹햄의 지하 묘지
69440728,마스터스미스의 지하 묘지
431613,구 리브가 농장
1481187,구 크로스티의 오두막 유적
2530768,구 바알펜 오두막
3581351,오세투자
4631935,독트 과수원 유적
5682489,구 쿨타의 판잣집 유적
6732098,데르타 저택 유적
7781593,모라커의 둥지
8830220,아스머의 은신처
9878808,리스템 그레인지 유적
10928367,도크의 던전
11977015,박트 요새 유적
13027557,베어프 저택 유적
14076159,구 부르크타의 거처
15125637,수제 농장
16175206,사슈구의 거미줄
17224899,퍼쿤 농장
18274401,자고아리아
19323016,메소니아라
20371624,슈리븐 요새 유적
21421082,피르넨 농장 유적
22469727,타크 저택 유적
23519340,스코르텐의 둥지
24568856,데모타의 구멍
25617442,구 틀라디의 판잣집 유적
26666923,키즈컨 농장
27716641,구 쿨다의 판잣집 유적
28765244,바필 그레인지 유적
29814665,릴프테 광산
30863270,틀레른른 성채 유적
31911898,티샨 묘지
32961436,사올린 코트 유적
34010017,런치르 탑
35058602,타즈 과수원
36107196,구 나템 거처
37155800,트리서라스
38204410,를로트 홀 유적
39253991,루르남 농장
40303549,피스티 집회소
41352975,코르파 오두막
42401557,마침의 은신처
43450165,옛 파오치 오두막의 폐허
44498759,옛 슈레트자 거처의 폐허
45547431,케이사 소집소
46596895,스트레너 안식처
47645482,가비르 농장의 폐허
48694066,부르구르 오두막
49742662,비부
50791306,마네후스 지하 묘지
51840739,래트도스의 거미줄
52889353,옛 볼드시 오두막의 폐허
53937943,클라르트 탑의 폐허
54987478,잘리제르
56036064,티르치르 요새의 폐허
57084687,옛 바르트른 거처의 폐허
58133296,옛 부스티르 오두막
59181920,모르키테레사 은둔처
60230500,옛 바브파의 거처
61280043,보이르프타 저택의 폐허
62329487,게로돈의 구덩이
63378178,카우흐 농장
64427798,바게라닥스
65477292,옛 블리제 거처
66526947,데순 묘지
67576464,글렐담 저택
68625974,코르탐의 은신처
69675577,미참 저택의 폐허
70724212,보즈라도스의 거미줄
71772829,키슈트 농장의 폐허
72822285,아스몬 동굴
73870918,포르쿤의 소굴
74919500,사나운 노움 선술집
75968082,슈라이타 요새의 폐허
77016666,드워프와 새 선술집
78065320,체그툼의 은신처
79113909,모르케우스 저택
80163288,옛 보거 거처의 폐허
81211886,옛 랄프타 농장의 폐허
82260499,가촌 과수원의 폐허
83309126,시줌 농장
84357712,피오나하토르
85406346,노린 연구소
86455742,블랄룸 요새의 폐허
87504357,옛 데필 오두막
88552986,니존 홀의 폐허
89601617,옛 사일룸 오두막
90651050,움보코플렉스
91699676,첼데 그랜지의 폐허
92748287,디스파티테룰라의 소굴
93796930,를라즈른 탑의 폐허
94845524,게랑크스 사제관
95894118,슈레르크 저택의 폐허
96943543,크라즈 오두막
97992136,처그 성의 폐허
99040716,세르톰 탑의 폐허
100089302,카우르단 탑
101137944,바우스트시 숭배단
102186544,검은 오소리 선술집
103236040,람지이즈
104284624,헬텐의 거미줄
105333234,옛 루르티의 판잣집
106382668,크루흐타 저택의 폐허
107431332,옛 비벰 판잣집의 폐허
108479934,투르곤 농장
109529398,바레니스 경의 무덤
110578025,니르타 농장
111626613,카르크타 연구소
112675194,옛 그루잔 거처의 폐허
113723786,마그네주스의 돌무지
114772378,그롬토르의 거미줄
115820964,생쥐와 노움 선술집
116869606,미르트 저택의 폐허
117918186,틸드 홀의 폐허
118967585,옛 시브 거처
120016204,미르거 오두막
121064859,쿠다지시아
122113441,탁트의 은신처
123162909,드워프와 늑대 산장
124211637,옛 메르핀 오두막
125260254,사호돈 수도원
126309731,찰프 농장
127359300,패엘 궁정의 폐허
128407941,니르프 묘지
129456566,옛 두르남 오두막의 폐허
130505957,울부짖는 투구 산장
131554579,블라필러 저택의 폐허
132603186,포빈 요새의 폐허
133651858,슈루긴 성의 폐허
134701264,그립보르의 거미줄
135749859,추르크트 농장의 폐허
136798558,세다라
137847170,스테롬 저택의 폐허
138896552,옛 를로르키 판잣집의 폐허
139945175,키코스 마녀회
140993779,세룸바토르
142042429,비름트 탑의 폐허
143091869,목마른 그리핀 선술집
144140492,옛 시오름트 거처의 폐허
145189125,행운의 검 여관
146237703,네크터 성의 폐허
147286354,보그탐 요새
148334938,블루쉬 농장의 폐허
149384317,고르크른 농장의 폐허
150433012,다르틴 농장의 폐허
151481625,은색 머그잔 여관
152530204,크로르침 홀의 폐허
153578823,디스핑크스 구덩이
154627401,부르더 탑의 폐허
155676749,누트 궁정의 폐허
156725374,그럼토르의 거미줄
157773967,레르드 저택의 폐허
158822559,옛 크라즈바 오두막의 폐허
159872057,옛 루티 판잣집의 폐허
160920704,디르돈 그랜지의 폐허
161970272,코그티르 농장의 폐허
163018850,크레르멤 지하 묘지
164067428,코삼 농장
165116053,옛 토르툰 오두막
166164723,안호스의 둥지
167214070,고흐텐 궁정의 폐허
168262662,부즈컨 그랜지의 폐허
169311276,주비테룰라 구멍
170359865,찰루르 광맥
171408465,옛 를루스카 오두막
172457047,옛 포르프타 판잣집의 폐허
173505763,토필리르 저택의 폐허
174555224,게레보르고누나의 소굴
175603838,루르템 탑의 폐허
176652495,옛 비르흐타 판잣집
177701818,크레르 농장
178750512,옛 페잔 거처
179799151,바엘프타 농장
180847759,부르머 저택의 폐허
181897118,옛 마진 판잣집
182945791,옛 파엘프가 오두막
183994386,투자르 탑의 폐허
185043910,렐드 홀의 폐허
186092530,시트 탑의 폐허
187141159,그루른 광맥
188189797,주빙시아의 성소
189238402,옛 라우톰 판잣집의 폐허
190287842,은색 진 호스텔
191336433,셀돔 저택의 폐허
192385017,그립이를라트
193433691,푸르킴 오두막
194482274,옛 라크트가 판잣집
195530860,여왕의 사냥꾼 산장
196580305,안텔렐라
197629794,옛 라일드자 오두막
198678412,옛 블록트가 오두막
199726993,구스 홀의 폐허
200775737,로트텐 과수원
201825118,카군 탑의 폐허
202873749,옛 코드파 오두막
203922349,시르킴 농장의 폐허
204970993,두셴 저택의 폐허
206019608,옛 글레프자 거처의 폐허
1644,하스하우스 묘지
1050260,옛 캐롤리리아의 거처
2098852,우드스톤 묘지
3147527,조드 성소
4196108,체스터체스터
5244696,키나레스의 눈물 맺힌 징조
6293334,우딩 요새
7341915,욤스미스 탑의 폐허
8390543,체스터위치
9439137,코퍼슬리 농장
10487729,가어슬리 요새
11536982,보이트라크 사육장
12585570,마스터스미스 홀의 폐허
13634206,옛 엘리비라 판잣집
14682790,옛 이소나 판잣집
15731372,옛 이사우사 판잣집
16779998,가어슬리 묘지
17828600,코퍼윙 성의 폐허
18877206,윅햄 묘지
19925788,키나레스의 축복받은 징조
20974373,키나레스의 성스러운 별
22022953,모르코더의 동굴
23071535,옛 엘리비라 오두막
24120113,키나레스의 영원한 일출
25168738,모르킬로르곤 동굴
26217316,아스모데우스이바의 동굴
27265954,킹스턴 농장
28315200,버킹슬리 지하 묘지
29363789,녹색 사향쥐 여관
30412371,두꺼비와 마멋 선술집
31460970,애시포드 과수원
32509552,블랙체스터
33558134,목마른 드래곤 여관
34606713,무어햄 지하 창고
35655395,로딘 터널
36704011,우드스미스 무덤
37752631,옛 코퍼스미스 오두막
38801209,가어스미스 궁정의 폐허
39849797,은색 진 산장
40898431,옛 애시포드 오두막
41947686,밴크로프트 홀
42996325,야그도스
44044914,나이츠헤드
45093496,옛 윅슬리 판잣집의 폐허
46142085,킹턴 요새의 폐허
47190709,키나레스의 온화한 예언자
48239311,마스터턴 저택
49287929,사자와 고슴도치 산장
50336520,키나레스의 두려운 징조
51385101,키나레스의 무한한 유물
52433687,옛 킹포드 오두막
53482294,현자 기념비
54530931,그린스미스 농장
55580149,라엔의 성유물함
56628732,옛 벨라도나의 거처
57677384,나는 구덩이 호스텔
58725972,윅하우스 성의 폐허
59774562,로디크토르 채석장
60823183,메를레흐
61871781,킹엄 그랜지의 폐허
62920368,버킹엄 농장
63968949,그린햄 저택의 폐허
65017553,코퍼윙 무덤
66066147,가어하트 궁정
67114744,키나레스의 불타는 별
68163339,마스터스미스 농장
69211989,무어링 그랜지
70261325,허스스미스 농장
71309930,옛 이시사 농장
72358546,키나레스의 영구 제단
73407187,키나레스의 두려운 일출
74455787,호크포드 요새
75504411,디스풀리아 동굴
76552989,여왕의 장난꾸러기 선술집
77602257,윅턴 농장 유적
78650843,버킹턴 영지 유적
79699433,올드 윅스턴 판잣집
80748038,빅티사 콘클라베
81796618,두더지와 고블린 호스텔
82845208,키나레스의 피 흘리는 징조
83893801,올드 엘리자나 농장 유적
84942379,그림브론
85990961,스톡타운
87039553,애쉬크로프트 과수원
88088136,그린필드 성
89136756,세키르트락
90185358,에드워리안 채석장
91233951,조드 신전
92282534,키나레스의 온화한 일출
93331134,키나레스의 내실 우상
94379718,코퍼포드 과수원
95428310,그린하트 법정
96477633,윅윙 저택
97526214,호크턴 저택
98574845,코퍼스턴 탑 유적
99623434,아스마테우스의 구멍
100672015,키나레스의 축복받은 제단
101720598,올드 엘올다의 집 유적
102769181,데밀레우수나 동굴
103817759,우드하우스 탑 유적
104866338,키나레스의 영원한 선지자
105914961,윅필드 탑 유적
106963610,윅포드 농장
108012216,롱리
109060807,올드 모르기랴의 오두막
110109391,키에란 극장
111158673,올드 코퍼크로프트 판잣집
112207251,미드워크 들판
113255837,그린포드 농장
114304418,애쉬크로프트 홀 유적
115353015,고스캐슬
116401689,고스워크
117450301,키나레스의 성스러운 선지자
118498889,애쉬햄 법정 유적
119547483,애쉬슬리 영지
120596066,올드 허싱 오두막
121644647,Q'올웬 신전
122693230,테오딕터 던전
123741848,램워스
124790443,올드 빅틴의 집
125839025,생쥐와 드래곤 여관
126887609,키나레스의 두려운 빛
127936206,웨스트게이트
128984793,올드 엘레인 농장
130033374,애쉬슬리 근위대 유적
131081982,비명 지르는 노움 선술집
132131188,코퍼스미스 농장
133179783,여우와 고블린 여관
134228379,버킹필드 그랜지
135276992,키나레스의 통곡하는 빛
136325578,애쉬슬리 농장
137374178,버킹잉 요새
138422770,그린필드 성채
139471380,흰 염소 펍
140519963,키나레스의 피 흘리는 구원자
141568583,킹하트 저택 유적
142617171,페닝 민스터
143665774,코퍼턴 농장
144714352,욤슬리 농원 유적
145762949,진홍빛 진 여관
146811541,가어하우스 농장
147860134,올드 라이소나 농장
148908733,우드포드 묘지
149957315,키나레스의 통곡하는 승천
151005897,올드 무어스턴 오두막
152054481,마스터슬리 요새
153103083,그린윙 과수원 유적
154152288,레이워크
155200874,이시비라 전통
156249469,사히스 동굴
157298115,호크스미스 저택
158346795,박쥐와 새 호스텔
159395423,사이의 성유물함
160444066,나는 염소 호스텔
161492649,올드 엘리나의 집
162541235,무어슬리 탑 유적
163589839,올드 이시사의 집
164639053,가어윙 저택 유적
165687643,크리스타라 콘보케이션
166736234,가어윙 농장 유적
167784958,무어햄 영지
168833545,버킹윙 그랜지
169882143,키나레스의 두려운 구원자
170930735,키나레스의 무한한 징조
171979389,욤햄 오두막 유적
173027969,호크하우스 무덤
174076551,그레이포드
175125143,무어턴 오두막
176174380,올드 욤필드 판잣집
177223040,왕의 고슴도치 여관
178271618,나이트스위치
179320196,흰 야만인 펍
180368787,무어필드 무덤
181417374,키나레스의 통곡하는 유물
182465966,다코반의 지하 금고
183514590,우드하우스 영지
184563177,악마의 전갈 여관
185611769,키나레스의 불타는 징조
186660354,버킹하트 농장
187708957,코퍼크로프트 성
188757543,올드 바베인의 집
189806134,크로스포드
190854723,올드 벨라도랴의 집
191903306,사힐리테룰라 동굴
192951896,그린윙 그랜지 유적
194000478,드워프와 새끼 사슴 여관
195049067,호무네브로타의 구멍
196097657,디스포굴 동굴
197146930,호크하트 농장
198195512,키나레스의 무한한 빛
199244098,우드윙 홀
200292689,웃는 사향쥐 펍
201341268,그린슬리 요새
202389860,허싱 농장
203438449,허스필드 그랜지
204487042,버킹포드 무덤
205535649,차렌베리
206584250,올드 바비비라 농장 유적
207632836,호킹 농원
208681429,욤스미스 지하 금고
209730038,불운한 늑대 호스텔
210778621,욤슬리 그랜지
211827224,욤스미스 농장
212875832,우딩 성
213924425,죽은 주전자 여관
214973005,윅슬리 농원
216021639,차렌체스터 정원
217070855,비버와 오우거 호스텔
218119435,디스풀 구멍
219168019,마스터슬리 그랜지
220216600,올드 무어턴 오두막
221265198,그린윙 법정 유적
222313857,배타워
223362447,우드햄 요새
224411033,버킹슬리 농장
225459674,발로르곤 동굴
226508282,허스윙 오두막 유적
227556876,허스하우스 성 유적
228605479,마스터하트 농장
229654076,마스터크로프트 과수원
230703436,마스터하트 무덤
231752036,키나레스의 불타는 신탁
232800684,킹스턴 탑 유적
233849262,올드 바비비라 판잣집
234897852,애쉬윙 농원
235946453,깃털과 드래곤 여관
236995033,올드 윅슬리 판잣집
238043679,스코비트
239092262,체스터트리
240140841,마스터스미스 지하 금고
241189419,롱레크
242237998,버킹스미스 농원
243286585,버킹슬리 저택
244335820,여왕의 마멋 여관
245384418,다글라스의 은신처
246433092,올드 에블로랴 판잣집 유적
247481674,마스터턴 요새
248530265,호크하트 그랜지
249578844,램위치
250627441,램패스
251676029,블랙레크
252724611,무어턴 성
253773216,행운의 전갈 펍
254821828,마스터하트 탑 유적
255870429,두노레 터널
256919034,올드 킹크로프트 판잣집
257967619,올드 윅하우스 판잣집
259016219,호크윙 농장
260064804,사이의 성유물함
261114054,옥스몬트
262162645,두니스테어 채석장
263211382,사나운 개 선술집
264259985,올드 라이소나의 집
265308611,올드 라이시나 농장
266357292,무어햄 지하 묘지
267406514,크로슬리
268455093,그립비트
269503681,코퍼하트 묘지
270552284,올드 엘리랴 판잣집
271600876,비명 지르는 늑대 선술집
272649482,닥토스
273698071,킹턴 오두막 유적
274746739,애쉬스턴 농장 유적
275795363,호킹 궁전 유적
276843960,허스크로프트 묘지
277892546,그린윙 지하 금고
278941126,무어스미스 묘지
279989710,호크스턴 묘지
281038291,가어필드 성
282086873,올드 카롤라우사 오두막
283135462,주벡사 동굴
284184051,위킹 영지 유적
285232653,버킹포드 탑 유적
286281889,곤딕터 채석장
287330532,그린스턴 탑
288379125,싱워스
289427757,올드 킹하우스의 집
290476340,요밍 지하 묘지
291524921,알드게이트
292573518,무어턴 홀 유적
293622131,알드월드
294670710,허스햄 탑
295719331,황금 근위대 여관
296768640,우드크로프트 묘지
297817219,디어턴
298865831,올드 크리스타라 오두막
299914431,코퍼스미스 과수원
300963135,허슬리 영지
302011730,버킹엄 묘지
303060343,모르케브린시바 동굴
304108942,가어햄 그랜지
305157528,립턴
306206114,립웰
307254730,올드 마스터하트의 집
308303988,발로네사 동굴
309352649,올드 애쉬포드 오두막 유적
310401241,키나레스의 고요한 재탄생
311449835,로스가리아
312498415,올드 코퍼포드 판잣집
313547003,버킹엄 농원
314595585,입스턴
315644171,라엔의 성유물함
316692765,발리스 동굴
317741381,우드햄 성 유적
318790042,드워프와 수사슴 여관
319838638,바알릴렉술라의 구덩이
320887239,쥐와 고슴도치 선술집
321936445,바알로르곤의 은신처
322985071,반데일
324033655,애싱 성채의 폐허
325082269,모르도리안 연구소
326130849,키나레스의 무한한 제단
327179428,나이츠체스터
328228031,옛 욤포드 오두막의 폐허
329276668,옛 욤크로프트 오두막
330325274,황금 수사슴 여관
331373876,버킹턴 궁정의 폐허
332422496,드워프와 오소리 호스텔
333471090,나이츠트리
334519687,윅슬리 과수원
335568281,캐스브러
336617595,홀트리
337666191,옛 가어포드 저택
338714789,우드턴 농장
339763375,이사인의 소집
340811963,호크필드 장원의 폐허
341860560,하스필드 농장
342909225,유티위르 광맥
343957837,윅턴의 지하 묘지
345006451,키나레스의 영원한 영혼
346055029,황금 검 술집
347103642,옛 호크하트 오두막
348152813,옛 애쉬스턴 오두막
349201391,키나레스의 통곡하는 오라클
350249993,윅킹 묘지
351298608,우즈슬리 요새
352347248,키나레스의 영원한 오라클
353395858,비명 지르는 그리핀 선술집
354444436,윅크로프트 경비대의 폐허
355493044,옛 캐롤리리아의 거처
356541628,게로르곤 동굴
357590206,울부짖는 검 로지
358638827,펜의 성소
359687435,황금 수사슴 선술집
360736020,우드스미스 궁전의 폐허
361784621,버킹킹 탑
362833223,옛 무어슬리 거처
363882486,욤잉 궁전의 폐허
364931089,옛 캐롤로리아 오두막의 폐허
365979678,브로드햄
367028268,우드스미스 장원
368076847,옛 우딩 오두막
369125426,롱월
370174010,커크햄
371222599,애쉬스턴 농장
372271180,키나레스의 피 흘리는 우상
373319763,키나레스의 눈물 젖은 빛
374368341,옛 윅하트 오두막
375416924,호크포드 농장
376465528,무어햄 과수원
377514113,코퍼링 농원
378562700,코퍼스턴 장원
379611278,호무누초툴라 동굴
380659903,윅윙 지하 금고
381708594,애쉬하우스 농장
382757173,미드웨이
383806434,램우드
384855040,욤스미스 경비대의 폐허
385903652,키나레스의 거룩한 순교자
386952302,트리스토어 터널
388000933,펜의 안식처
389049620,여우와 고블린 호스텔
390098873,옥스카트
391147462,코퍼크로프트 오두막
392196059,알딩모스
393244656,게릴라수나의 구멍
394293298,가어하우스 성
395341900,뉴잉
396390520,윅햄 장원의 폐허
397439101,버킹엄 장원의 폐허
398487685,무어포드 농장
399536318,죽은 머그 로지
400584937,춤추는 새 호스텔
401633535,코퍼하우스 농장
402682144,옛 캐롤안나의 오두막
403730726,뉴워크
404779920,애쉬포드 과수원의 폐허
405828529,나이츠마켓
406877110,옛 욤턴 농원의 폐허
407925710,옛 모르가라의 농장
408974300,트리세리루고스
410022926,윅턴 성의 폐허
411071537,무어스턴의 무덤
412120126,하스하우스의 탑
413168706,크로싱
414217330,황금 염소 술집
415265955,키나레스의 피 흘리는 나무
416314569,윅하트 궁전
417363171,캐스베스
418411757,버기지
419460369,우딩 과수원
420508956,버그턴
421558142,곤딕터 광맥
422606723,킹하트 요새
423655339,옛 리시비리아의 농장
424703965,키나레스의 영원한 우상
425752568,롱본
426801173,화이트빌
427849810,옛 하스슬리 오두막
428898398,킹윙 농원
429946999,화이트베리
430995588,마스터하트 묘지
432044247,그린크로프트 궁전
433092842,우드하우스 농장
434141450,킹포드 탑의 폐허
435190628,여왕의 고양이 호스텔
436239216,악마의 야만인 선술집
437287865,코퍼스턴 농장
438336504,코퍼하트 홀
439385115,이릭의 제단
440433700,옛 빅틴의 오두막
441482301,키나레스의 피 흘리는 승천
442530914,디스피더의 구멍
443579498,마스터슬리 홀
444628080,체스터테일
445676670,옛 크리스티비리아의 거처
446725270,옛 크리스티사의 거처
447773871,롱포트
448822452,옛 엘리자비스의 농장
449871044,키나레스의 눈물 젖은 별
450920308,욤슬리 그레인지
451968887,두그로드의 성소
453017480,에드위낙 채석장
454066073,애쉬스턴 홀
455114698,에블린 교단
456163278,베디스테어 채석장
457211911,킹햄 묘지
458260531,호크윙 오두막
459309120,발리테레사 골짜기
460357727,하스필드 장원의 폐허
461406355,버킹하트 오두막의 폐허
462454958,노호스의 새장
463503542,무어턴 요새
464552936,폰트베일
465601526,옛 엘리잔나의 오두막
466650131,킹턴 농원
467698734,호크포드 요새의 폐허
468747312,옛 캐롤로나 오두막의 폐허
469795890,킹포드 묘지
470844472,마스터슬리 장원의 폐허
471893068,욤햄 농장
472941711,옛 엘린의 농장
473990323,폰트레치
475038907,드워프와 전갈 호스텔
476088092,코퍼필드 농장
477136674,래티트랙
478185280,바비리아 컬터스
479233885,와일더패스
480282469,키나레스의 불타는 빛
481331048,키나레스의 온화한 제단
482379672,탬몬트
483428251,마스터슬리 농장
484476849,무어윙 농장
485525428,무어슬리 탑
486574010,무어스턴 묘지
487622603,우즈슬리 장원의 폐허
488671191,업패스
489719779,홀타운
490768387,윅윙 묘지
491817009,홀브론 황야
492865610,옛 반놀다의 농장
493914215,깃털과 그리핀 로지
494963468,알드모스
496012082,사이의 성유물함
497060660,윅하트 묘지
498109272,모르디발 광산
499157879,옛 킹포드 저택의 폐허
500206470,코리바루스의 은신처
501255096,차렌우드
502303677,버킹필드 농장
503352280,킹하트 과수원
504400864,우드필드 농원
505449455,크롬워크 촌락
506498062,윅스턴 농장
507546651,깃털과 고슴도치 여관
508595289,크롬성
509643873,마레비트의 동굴
510692478,하스하우스의 무덤
511741074,우드윙 농장의 폐허
512790342,온실 묘지
513838945,키나레스의 불타는 나무
514887544,고싱
515936134,옛 그린크로프트 오두막의 폐허
516984728,우드윙 묘지
518033336,키나레스의 축복받은 별
519081917,키나레스의 영원한 환생
520130500,옛 그리닝 농장의 폐허
521179078,옛 이신의 거처
522227658,키나레스의 영원한 우상
523276274,황금 그리핀 여관
524324856,코퍼슬리 농원
525373473,사나운 전갈 로지
526422054,옛 모르긴의 농장
527470659,테오도리안 발굴지
528519897,무어햄 농장
529568475,황금 악동 로지
530617063,옛 킹스턴 오두막
531665643,옛 버킹윙 오두막의 폐허
532714223,그린턴 농장
533762809,옛 캐롤안나 오두막의 폐허
534811404,버킹포드 과수원의 폐허
535860010,마스터필드 농장
536908623,마스터슬리 농장
537957201,옛 하스크로프트 오두막
539005814,하스스미스 농원
540054413,데모스 골짜기
541103051,킹하트 농장
542151637,펜웰
543200222,윅턴 탑
544248860,죽은 노움 술집
545297443,옛 그위니사의 농장
546346030,키나레스의 노래하는 나무
547394649,비명 지르는 주전자 여관
548443236,키나레스의 내면의 일출
549492452,키나레스의 고요한 나무
550541030,옛 반나라의 오두막
551589642,하얀 노움 로지
552638292,무어슬리 농장
553686876,무어하우스 과수원
554735506,반윅
555784085,버킹윙 장원의 폐허
556832687,마스터필드 묘지
557881283,옛 빅틴 오두막의 폐허
558929865,두니스테어 구덩이
559978515,나이츠본
561027121,마스터햄 과수원
562075704,왕의 노움 호스텔
563124909,디스포나의 은신처
564173508,키나레스의 영원한 나무
565222090,키나레스의 두려운 제단
566270674,알라비릭 채석장
567319262,옛 리사라 오두막의 폐허
568367892,옛 애쉬필드 오두막의 폐허
569416483,옛 벨라데인의 농장
570465061,호크스미스 그레인지
571513649,키나레스의 두려운 우상
572562279,우드하트 오두막
573610871,탐빌
574659457,키나레스의 노래하는 재탄생
575708046,차렌모어
576756633,올드 바보리아 농장
577805287,곤다스티르 광산
578853881,보이팡
579902464,올드 에벨라바스의 판잣집 유적
580951042,호크윙 과수원
582000312,게링 지하 묘지
583048961,알드호프
584097569,욤톤 지하 묘지
585146179,올드 라이신의 판잣집 유적
586194835,다르키모어의 지하 묘지
587243415,올드 빅타나 농장
588292027,나는 새 여관
589340625,키나레스의 침묵하는 오라클
590389215,욤잉 저택
591437804,키나레스의 신성한 구원자
592487036,무어스미스 요새 유적
593535620,트리스틴 광맥
594584199,게르스톤 농장
595632850,게르슬리 그레인지
596681431,마스터윙 농장
597730023,올드 바노리아의 오두막
598778630,무어하트 과수원
599827222,허스스미스 농장
600875811,욤스미스 탑
601924409,우즈슬리 묘지
602973020,그린톤 그레인지
604021624,두더지와 성 로지
605070276,욤하트 묘지
606118859,마리더 할로우
607167471,우드햄 묘지
608216757,여우와 던전 호스텔
609265361,그린하트 저택 유적
610313947,마스터하트 저택
611362529,코퍼슬리 농장
612411107,키나레스의 즐거운 승천
613459696,왕의 오우거 호스텔
614508280,라엔의 성물함
615556858,킹스미스 묘지
616605521,그린크로프트 홀
617654124,버킹스미스 코트 유적
618702705,올드 게르포드 플레이스
619751314,목마른 악당 호스텔
620799900,올드 마스터슬리 플레이스
621848489,마스터슬리 오두막
622897833,코퍼슬리 묘지
623946460,깃털과 성 술집
624995044,레이캐슬
626043673,키나레스의 축복받은 유물
627092257,알딩엄
628140870,우드윙 농장
629189455,그린하우스 탑 유적
630238038,올드 캐롤린 농장
631286657,알딩워스
632335241,뉴레이
633383833,나는 수사슴 로지
634432411,윅햄 과수원
635481738,크로스게이트
636530340,쉬지 않는 사향쥐 여관
637578921,버그셔
638627512,게르스톤 성채
639676090,키나레스의 신성한 순교자
640724696,올드 호크포드 판잣집
641773286,올드 호크햄 판잣집
642821869,올드 그윈리아 농장
643870581,올드 그웨인 오두막
644919919,무어톤 과수원
645968542,코퍼햄 홀
647017131,아그리스티르 채석장
648065713,키나레스의 신성한 승천
649114294,트리세리돈
650162887,버킹크로프트 그레인지 유적
651211473,비명 지르는 우드척 술집
652260127,마스터스톤 저택 유적
653308718,키나레스의 노래하는 승천
654357299,크롬톤
655405899,게르스미스 홀 유적
656454522,욤슬리 코트 유적
657503108,윅스미스 탑
658551692,롱웰
659600289,마스터하우스 묘지
660649578,립베스
661698159,두더지와 개 술집
662746791,키나레스의 무한한 별
663795378,올드 바바바이스 농장
664843965,키나레스의 눈물 흘리는 제단
665892559,사자와 사향쥐 호스텔
666941229,이시리아의 원
667989813,올드 이사바이스 농장
669038402,무어슬리 농장
670086985,웃는 검 술집
671135577,안도르 채석장
672184183,무어햄 농장 유적
673232779,마스터크로프트 그레인지
674282062,우드포드 코트 유적
675330640,툰포트
676379243,툰테일
677427824,키나레스의 노래하는 순교자
678476406,람포트
679524987,욤톤 농장
680573566,람체스터
681622167,립월
682670829,두더지와 사향쥐 호스텔
683719429,키나레스의 불타는 재탄생
684768007,키나레스의 피 흘리는 별
685816586,호킹 과수원
686865176,차르브루
687913782,우드하트 농장
688962366,그럼구
690010962,버킹슬리 그레인지
691060309,올드 그린하트 오두막
692108916,우드크로프트 저택 유적
693157508,윅슬리 묘지
694206091,올드 라이시리아의 장소
695254739,버킹크로프트 홀 유적
696303333,킹윙의 지하 묘지
697351938,키나레스의 영원한 징조
698400517,호크크로프트 탑 유적
699449101,비그릴의 성소
700497685,버킹스미스 무덤
701546306,그린슬리 농장
702594891,그린슬리 농장
703644199,올드 바나라의 오두막
704692886,무어스미스 농장
705741485,킹하우스의 무덤
706790086,윅슬리 성
707838788,애쉬하우스 농장
708888076,싱햄
709936658,허스포드 성
710985254,키나레스의 영원한 빛
712033835,짐 세이 성소
713082415,윅슬리 농장
714130996,올드 벨라데인 판잣집
715179601,키나레스의 노래하는 영혼
716228202,올드 빅티비라 농장
717276791,올드 그위니나 농장
718325380,올드 코퍼크로프트 판잣집
719373983,버킹슬리 홀
720422567,싱월
721471153,올드 바바라의 오두막
722519733,하얀 성 여관
723568358,깃털과 전갈 호스텔
724616936,알들레이
725665516,올드 무어포드 오두막
726714097,무어톤 농장
727762701,키에란 극장
728811286,셰둔젠트
729859877,키나레스의 노래하는 예언자
730909210,키나레스의 피 흘리는 일출
731957832,키나레스의 축복받은 예언자
733006422,허스하트 농장
734055075,울부짖는 사제 로지
735103657,킹하우스 과수원
736152247,데마티툴라 구멍
737200883,사자와 고블린 로지
738249464,킹윙 탑 유적
739298773,디바드 기념비
740347354,사하툴레사 동굴
741395936,올드 그린햄 플레이스
742444548,게르스미스 농장
743493155,게르스톤 오두막
744541765,마엘라술라 동굴
745590374,욤포드 농장
746638965,호크슬리 탑
747687559,레이게이트
748736166,올드 엘리조리아 판잣집
749784748,비명 지르는 염소 로지
750833329,무어윙의 지하 묘지
751881918,올드 엘롤다 오두막 유적
752930521,키나레스의 두려운 나무
753979125,툰웰
755028448,욤톤 성 유적
756077030,반웰
757125628,코퍼윙 과수원
758174216,코퍼톤 과수원
759222805,윅포드 요새
760271387,그린크로프트 농장
761319984,올드 그린하우스 플레이스
762368563,키나레스의 눈물 흘리는 우상
763417141,안도리안 채석장
764465722,올드 바나나의 오두막 유적
765514314,울부짖는 거인 술집
766562906,킹크로프트 매장지
767611538,나이츠포드 자치구
768660119,킹햄 농장
769709493,윅햄 농장
770758109,키나레스의 신성한 빛
771806699,호크필드 궁전
772855295,더러운 진 호스텔
773903904,올드 라이시비라 판잣집 유적
774952503,살쾡이와 거인 술집
776001110,키나레스의 노래하는 빛
777049713,애쉬필드 농장
778099146,올드 바니나의 오두막 유적
779147739,울부짖는 수사슴 술집
780196348,코레호르의 소굴
781245023,무어크로프트 코트 유적
782293601,마스터슬리의 경비대
783342188,욤필드 요새 유적
784391577,키나레스의 축복받은 오라클
785440215,키나레스의 신성한 영혼
786488793,허스하트 홀 유적
787537372,우티스티르 채석장
788585971,욤하트 탑
789634558,게르햄 과수원
790683168,스톡포트
791731841,마스터스톤 농장
792780440,윅필드 성
793829740,이릭의 제단
794878326,우드포드 농장
795926922,애쉬크로프트 농장 유적
796975501,데모깅크스 동굴
798024079,올드 허스필드 플레이스
799072657,이스트트라이
800121258,키나레스의 내면의 징조
801169846,윅스미스 농장
802218493,호킹 오두막
803267104,키나레스의 내면의 승천
804315709,우즈슬리 그레인지
805364290,야만적인 구덩이 여관
806412870,올드 캐롤리비라 판잣집
807462219,쉬지 않는 우드척 로지
808510798,허스스톤 성채
809559408,붉은 성 호스텔
810607996,울부짖는 머그 술집
811656610,람레흐
812705192,욤윙 농장
813753806,허스포드 저택
814802426,웨스트패스
815851009,킹잉 오두막
816899609,녹슨 개 여관
817948192,여우와 고슴도치 산장
818996784,옛 이사비스의 농장 유적
820045365,옛 가어포드 오두막 유적
821094752,그레이호프
822143339,키나레스의 성스러운 예언자
823191933,옛 코퍼스미스 오두막
824240515,킹엄 홀 유적
825289107,버킹윙 농장
826337697,마스터스턴 무덤
827386290,코퍼슬리 저택 유적
828434893,윅크로프트 묘지
829483517,사나운 술잔 주점
830532110,하스스미스 성
831580728,사헤브리티아 동굴
832629316,옛 에벨라라의 농장
833677894,옛 킹윙 오두막
834727253,쥐와 개 산장
835775842,로도리안 채석장
836824431,킹포드 홀 유적
837873013,마스터윙 과수원
838921605,무어턴 묘지
839970220,코퍼하트 농장
841018800,붉은 고슴도치 산장
842067390,마린크스 동굴
843115974,애쉬스턴 농장
844164586,애쉬필드 저택
845213167,두니크터 구덩이
846261754,하스윙 농장
847310332,킹윙 요새
848358913,마스터하트 묘지
849407505,코퍼하트 궁정
850456083,우드크로프트 궁정 유적
851505497,호크크로프트 오두막
852554075,윅크로프트 묘지
853602667,크리스토리아 전통
854651250,주보나의 구덩이
855699828,쥐와 개 호스텔
856748406,키나레스의 무한한 영혼
857796996,버킹턴 저택 유적
858845580,애쉬포드 농원
859894185,가어포드 그랜지
860942790,아이릭의 제단
861991375,호크슬리 그랜지
863039988,키나레스의 기쁜 순교자
864089331,애쉬햄의 요새 유적
865137932,두더지와 오소리 여관
866186527,옛 애쉬필드 오두막 유적
867235268,할의 주점
868283849,옛 요엄햄 농장 유적
869332450,우딩 묘지
870381922,키나레스의 영원한 예언자
871430521,코퍼크로프트 황궁
872479099,키나레스의 성스러운 유물
873527715,웃는 염소 여관
874576296,우즈슬리 탑
875624910,테오디릭 채석장
876674258,옛 이산나의 거처
877722846,사나운 해골 주점
878771489,윅스미스 탑
879820074,키나레스의 온화한 우상
880868750,옛 호크스턴 거처
881917359,윅스턴 요새
882965937,옛 엘리조리아의 거처 유적
884014525,윅햄 성
885063104,에펜의 사당
886112463,버킹턴 그랜지 유적
887161089,요엄윙 성
888209690,블랙빌
889258271,키나레스의 영원한 환생
890306851,옛 우드턴 농장 유적
891355438,킹잉 농장
892404054,하스크로프트 농장
893452655,옛 엘리제인의 오두막
894501234,키나레스의 기쁜 환생
895549821,차본
896598448,키나레스의 영원한 영혼
897647779,더러운 던전 주점
898696365,베룰루스의 무덤
899744944,뉴빌
900793522,옛 코퍼필드 오두막
901842105,윅스미스 저택 유적
902890685,옛 카롤라라의 오두막
903939298,킹턴 요새 유적
904987888,옛 리시리아의 오두막
906036471,우드윙 요새 유적
907085061,킹윙 탑
908133661,바알론 동굴
909182345,옛 크리스틴의 농장
910230930,코퍼스턴 농원
911279528,두꺼비와 성 주점
912328106,그린슬리 농장
913377519,헤자돈
914426097,애쉬하우스 궁정
915474699,두그로드의 사당
916523296,윅턴 농장
917571880,탬위치 궁정
918620472,호크슬리 농장
919669060,코퍼윙 농장
920717642,업트라이
921766234,홀레흐
922814848,키나레스의 불타는 순교자
923864191,호크스턴 홀 유적
924912790,반디의 사당
925961404,옛 벨라도다의 오두막
927010061,요엄포드 과수원 유적
928058679,베딘 터널
929107260,키나레스의 영원한 예언자
930155848,유세인 연구소
931204432,호크포드 요새
932253011,우드스턴 과수원
933301591,호킹 무덤
934350947,키나레스의 기쁜 예언자
935399584,키나레스의 축복받은 환생
936448162,애쉬슬리 저택 유적
937496750,그린필드 오두막
938545346,키나레스의 눈물 젖은 일출
939593954,가어햄 농장
940642541,제프레의 사당
941691120,가어링 묘지
942739725,페로어 광맥
943788367,버킹스턴 그랜지
944837728,무어윙 요새
945886331,무어링 농장
946934917,호크하우스 과수원 유적
947983533,킹윙 그랜지
949032112,코퍼스턴 그랜지
950080814,체스터캐슬
951129420,하스햄 과수원 유적
952178807,애쉬슬리 탑 유적
953227386,알딩우드
954275965,그린햄 탑 유적
955324597,무어링 궁정
956373178,아스물룰룰라의 은신처
957421801,애쉬스미스 저택 유적
958470411,인베로기온의 돌무지
959519004,알딩모스 숲
960567590,옛 카롤리아의 오두막 유적
961616170,마스터필드 탑
962665516,탬월드
963714138,버킹하우스 지하 묘지
964762727,키나레스의 노래하는 별
965811308,옛 가어스미스 오두막 유적
966859966,마엘레베리아의 구덩이
967908553,예호스
968957165,라엔의 성유물함
970006514,키나레스의 피 흘리는 순교자
971055207,무어스미스의 근위대
972103790,여왕의 오우거 여관
973152402,스톡포드
974200981,우드크로프트 홀 유적
975249560,옛 그위닌의 거처
976298180,우드스턴 농장
977346766,곤도어 채석장
978395346,마엘로테사 대성당
979443947,키나레스의 기쁜 징조
980493281,무어턴 성 유적
981541891,붉은 새 산장
982590483,옛 엘리진의 거처
983639074,그리닝 과수원
984687662,키나레스의 내면의 예언자
985736246,트리스타스티르 발굴지
986784843,바니비라 수렴지
987833421,요엄스미스 그랜지
988882064,커크체스터
989930645,옛 호크하트 오두막 유적
990979223,윅슬리 탑
992027823,버킹하우스 그랜지 유적
993076422,버킹턴 황궁 유적
994125848,살쾡이와 염소 산장
995174436,쉬지 않는 드래곤 주점
996223025,에드윈 구덩이
997271648,요엄하우스 농장
998320243,가어하트 성
999368838,키나레스의 고요한 제단
1000417456,하스크로프트 무덤
1001466042,키나레스의 축복받은 우상
1002514644,발린사 구덩이
1003563957,그레이베일
1004612546,호무니테라의 구덩이
1005661227,웃는 개 주점
1006709808,마스터크로프트 농원
1007758389,옛 하스하우스 오두막
1008807008,와일더레흐
1009855627,버킹턴 지하 묘지
1010904986,옛 무어턴 농장 유적
1011953620,윅턴 지하 금고
1013002201,옛 무어필드 거처
1014050779,코퍼슬리 저택
1015099360,코퍼슬리 오두막
1016148019,버킹하우스 그랜지
1017196609,버킹스턴 저택
1018245217,여우와 사제 여관
1019293828,사헤브로툴라 동굴
1020342424,코퍼크로프트 묘지
1021391740,모리루고스
1022440336,가어스턴 과수원
1023488920,게루치테리아 동굴
1024537506,윅하트 궁정 유적
1025586137,워캐슬
1026634743,옛 바나우사의 농장
1027683347,무어크로프트 그랜지
1028731933,워워크
1029780513,그린하트 그랜지
1030829169,옛 하스하우스 근위대 유적
1031877770,옛 카롤라사의 오두막
1032927112,윅포드 농원
1033975694,디바드 기념비
1035024285,옛 버킹필드 근위대 유적
1036072877,차월드
1037121456,그린하트 홀 유적
1038170036,옛 애쉬하트 요새 유적
1039218657,키나레스의 두려움에 찬 예언자
1040267236,버킹잉 농원
1041315824,옛 킹포드 농장 유적
1042364404,블라델론 홀
1043412983,옛 윅슬리 오두막
1044461581,우드하우스 황궁 유적
1045510223,갈로포드 정원
1046559583,비버와 단검 산장
1047608170,죽은 고블린 주점
1048656786,키나레스의 기쁜 유물
1049705411,버킹하우스 지하 묘지
1050753990,사자와 고양이 여관
1051802575,조드 사당
1052851157,옛 바바나의 거처
1053899747,옛 윅필드 거처
1054948354,아크윅
1055996932,마스터스턴 궁정 유적
1057045535,킹스미스 지하 금고
1058094128,죽은 요정 주점
1059142717,요엄턴 성
1060191295,마스터하우스 농장
1061239885,버킹슬리 농장
1062289209,호크하트 오두막
1063337790,그윈올다의 농장
1064386392,더티 캐슬 주점
1065434976,캐롤라나의 판잣집
1066483590,호크햄 농장 유적
1067532175,가어스턴 농가 유적
1068580753,에본암의 모루
1069629337,애슐리 홀 유적
1070677929,무어하우스 저택 유적
1071726527,몰라스
1072775133,키나레스의 온화한 빛
1073823776,키나레스의 내면의 순교자
1074872377,에벨라나의 오두막
1075920960,옛 애쉬햄 판잣집 유적
1076970281,우드스턴 저택
1078018859,쉬지 않는 노움 여관
1079067454,화이트트리
1080116048,비버와 염소 호스텔
1081164627,버킹필드 탑
1082213222,키나레스의 성스러운 제단
1083261804,커크레크
1084310425,쥐와 단검 호스텔
1085359004,커크패스
1086407584,그윈오나의 오두막
1087456178,립크로프트 홀
1088504760,옛 버킹스미스 오두막
1089553359,캐롤레인의 농장
1090601978,옛 애쉬윙 오두막
1091650564,애쉬포드 농가
1092699154,바라네자르 성
1093747740,가어포드 탑 유적
1094797090,호크슬리 묘지
1095845698,발루아게룰라 골짜기
1096894296,예보르
1097942880,우즈슬리 오두막 유적
1098991500,옛 애쉬하우스 판잣집 유적
1100040088,호무나스 동굴
1101088691,윅포드 저택
1102137278,죽은 거인 호스텔
1103185906,호킹 그레인지
1104234512,키나레스의 통곡하는 제단
1105283090,옛 코퍼윙 거처
1106332406,키나레스의 노래하는 구원자
1107380990,반워크
1108429571,죽은 마멋 여관
1109478170,바알라테레사의 구멍
1110526760,게릴란크세사의 구덩이
1111575343,가어슬리 묘지
1112623938,옛 우드윙 오두막
1113672532,조드 신전
1114721127,드워프와 경비병 술집
1115769719,무어슬리 그레인지 유적
1116818297,허스하우스 과수원
1117866914,호크필드 그레인지 유적
1118915512,킹슬리 묘지
1119964113,벨라다비스의 농장
1121012717,던노리안 채석장
1122062063,나는 거인 호스텔
1123110665,사히블리타의 은신처
1124159261,돼지와 술잔 주점
1125207870,로다스티르 채석장
1126256456,키나레스의 눈물 흘리는 선지자
1127305088,롱카트
1128353717,허스햄 묘지
1129402300,애쉬슬리 묘지
1130451646,모르디와이어 광산
1131500230,키나레스의 두려움에 찬 영혼
1132548809,키나레스의 영원한 빛
1133597461,무어포드 지하 묘지
1134646138,무어스미스 법원
1135694746,옛 코퍼링 오두막
1136743328,버킹슬리의 경비대
1137791940,빅타비스의 거처
1138841259,버킹턴 저택
1139889856,네크로모간의 집
1140938435,진홍빛 오우거 호스텔
1141987044,무어필드 성
1143035650,펜윅 숲
1144084228,욤포드 홀 유적
1145132978,와일더위치
1146182283,킹슬리 탑
1147230884,바비사의 농장
1148279491,키나레스의 영원한 순교자
1149328074,윅크로프트 농가
1150376660,곤데인 발굴지
1151425244,호킹 홀
1152473842,차렌워스
1153522423,코퍼슬리 지하 묘지
1154571030,에벨올다의 오두막
1155619662,욤하트의 거점
1156668255,디어헤드
1157716835,업호프
1158765420,키나레스의 침묵하는 순교자
1159814003,베딕토르 광산
1160863349,애슐리 요새
1161911958,울부짖는 악동 술집
1162960565,그린윙 농가
1164009216,우드턴 과수원
1165057842,가어필드 탑
1166106445,버킹슬리의 무덤
1167155023,리테훌론의 무덤
1168203606,쉬지 않는 고슴도치 호스텔
1169252189,마론의 구덩이
1170300768,킹스미스 농가
1171349380,애쉬윙 묘지
1172398693,곤도리안 터널
1173447278,여왕의 해골 술집
1174495909,키나레스의 신성한 영혼
1175544527,코퍼포드 성 유적
1176593120,생쥐와 성 주점
1177641701,옛 가어슬리 거처
1178690282,모리바라우스 홀
1179738868,테오도리안 광산
1180787539,옛 에벨리리아의 거처 유적
1181836973,모르디스테어 발굴지
1182885552,옛 호크턴 판잣집
1183934132,옛 킹스턴 오두막 유적
1184982719,옛 우딩 판잣집
1186031358,키나레스의 무한한 오라클
1187079942,키나레스의 무한한 일출
1188128532,무어턴 묘지
1189177112,드워프와 틈새 호스텔
1190225737,키나레스의 온화한 유물
1191275088,미드워스
1192323730,여우와 거인 술집
1193372323,디스파시아 동굴
1194420918,버킹윙 매장지
1195469545,우드윙 탑 유적
1196518167,호크슬리 홀
1197566750,키나레스의 노래하는 제단
1198616098,가어햄 성 유적
1199664683,무어스미스 과수원
1200713304,옥스호프
1201761893,바나라의 농장
1202810481,우사드 광산
1203859104,키나레스의 온화한 승천
1204907756,키나레스의 온화한 예언자
1205956335,드워프와 그리핀 술집
1207004916,폰트게이트
1208053495,키나레스의 두려움에 찬 순교자
1209102109,키나레스의 무한한 환생
1210151483,로도리안 발굴지
1211200108,코퍼포드 묘지
1212248707,무어햄의 집
1213297285,호크슬리 성채 유적
1214345888,코퍼링 탑 유적
1215394543,홀브리지
1216443143,버먼돈 둥지
1217492471,그윈오나의 판잣집
1218541104,무어하우스의 거점 유적
1219589721,옛 요밍 판잣집
1220638301,게린크스 구멍
1221686887,레이웨이 데리
1222735523,크롬트리
1223784118,키나레스의 무한한 순교자
1224832703,윅포드 성
1225881284,우드스미스 성채
1226929867,코퍼햄 성 유적
1227979240,아스미울라 동굴
1229027821,섹토스
1230076438,그윈이사 오두막
1231125039,디미터의 은신처
1232173621,무어링 성 유적
1233222218,키나레스의 신성한 유물
1234270797,네크로물로르의 돌무지
1235319381,가어포드 탑 유적
1236368036,고스레크
1237416658,보이가곤
1238466023,펜호프 정원
1239514603,마엘로툴라 동굴
1240563203,마스터슬리 묘지
1241611792,에펜 신전
1242660388,롱헤드
1243708968,킹스턴 묘지
1244757552,우즈슬리 저택 유적
1245806148,무어하트 법원 유적
1246854755,옛 캐롤리리아의 오두막 유적
1247903358,가어포드 농가
1248951950,트리스타스티르 채석장
1250000546,옛 에블린의 판잣집 유적
1251049138,그리닝의 거점 유적
1252097720,입스베일
1253147050,키나레스의 통곡하는 영혼
1254195634,우드스턴의 경비대
1255244259,바니비라의 농장
1256292841,이릭의 제단
1257341425,무어하트 농가
1258390071,키나레스의 영원한 승천
1259438723,나이츠우드
1260488125,버킹하트 그레인지
1261536727,짐 세이 신전
1262585323,애쉬턴 성
1263633914,호워스
1264682495,욤햄 성 유적
1265731085,키나레스의 온화한 환생
1266779677,마엘리이테라의 구덩이
1267828258,코퍼하우스 과수원
1268876868,애쉬스턴 탑 유적
1269925480,캐롤라우사의 오두막
1270974064,빅톨다의 농장
1272022648,배일게이트
1273071998,데미블룰의 동굴
1274120580,춤추는 검 호스텔
1275169174,야거고드
1276217781,립트리
1277266413,롱웰 힐
1278315046,애쉬하트 농장
1279363653,버킹슬리 탑
1280412267,옛 윅스미스 판잣집
1281461616,사자와 사냥꾼 여관
1282510203,레이윅
1283558800,키나레스의 두려움에 찬 선지자
1284607410,옛 욤슬리 판잣집
1285655995,애쉬포드 저택 유적
1286704592,윅턴 저택 유적
1287753212,버킹포드 저택 유적
1288801801,키나레스의 내면의 오라클
1289850399,옛 이소나의 농장 유적
1290898984,욤슬리 과수원
1291947582,옛 호크턴 오두막
1292996163,옛 우드스미스 오두막
1294044766,키나레스의 눈물 흘리는 오라클
1295094098,진홍빛 고슴도치 여관
1296142704,옛 마스터스미스 거처
1297191286,왕의 고슴도치 주점
1298239903,키나레스의 축복받은 나무
1299288498,앤다드 채석장
1300337087,그린스턴 성채
1301385670,마스터하우스 묘지
1302434251,호무닌크술라 동굴
1303482844,그레이포트
1304532303,나이츠모어
1305580913,킹필드 농가
1306629545,키나레스의 성스러운 신탁소
1307678123,코퍼하트 성
1308726711,트리스티위르 광맥
1309775292,애싱 농가
1310823887,윅포드 탑
1311872476,개링 과수원
1312921054,키나레스의 두려움에 찬 선지자
1313969644,앤디스테어 광산
1315018227,아고르 채석장
1316066805,왕의 단검 여관
1317115392,그린포드 궁전 폐허
1318163972,허스하트 탑
1319212552,킹크로프트 과수원
1320261156,마스터포드 홀 폐허
1321309748,허스필드 요새
1322359140,마스터크로프트 성채
1323407826,웃는 머그잔 여관
1324456419,롱호프
1325505829,롱웨이
1326554439,애싱 오두막
1327603039,발로누나 동굴
1328651617,늙은 벨라다나의 판잣집
1329700216,마스터턴 농가
1330748819,입슬리
1331797406,애싱 저택 폐허
1332845991,그린스톤 과수원
1333894613,코퍼링 저택 폐허
1334943194,키나레스의 불타는 우상
1335991776,호크필드 탑 폐허
1337040370,앤디위르 터널
1338088956,키나레스의 신성한 승천
1339138290,호크슬리 농장
1340186878,호크스턴 농가
1341235466,개르크로프트 농가
1342284067,킹스턴 농장 폐허
1343332645,머위치
1344381227,옥시지
1345429816,커크월
1346478441,캐스웰
1347527039,애샴 농장 폐허
1348575699,늙은 그위노나의 집 폐허
1349624280,그림베일
1350672871,키나레스의 통곡하는 선지자
1351722195,늙은 바바비스의 집 폐허
1352770800,우딩 농장
1353819488,두꺼비와 단검 호스텔
1354868085,무어필드 요새
1355916686,더러운 염소 호스텔
1356965273,스톡브리지
1358013857,허스윙 궁전 폐허
1359062436,늙은 벨라도랴의 농장
1360111025,리신지온의 지하 묘지
1361159613,키나레스의 통곡하는 환생
1362208194,생쥐와 고슴도치 로지
1363256778,싱윅
1364306173,호크필드 과수원
1365354753,호크윙 농장
1366403339,젠 로지
1367451917,우드스미스 농가
1368500496,버킹스턴 오두막
1369549167,체스터데일
1370597767,마스터크로프트 성
1371647157,에드위발 구덩이
1372695756,블랙베일
1373744355,그림브리지
1374792954,갤로패스
1375841555,늙은 빅타나의 오두막
1376890140,죽은 새 선술집
1377938743,우즈슬리 과수원
1378987372,늙은 우즈슬리 오두막
1380035955,늙은 크리스타나의 집 폐허
1381084543,허싱 농장
1382133150,키나레스의 통곡하는 순교자
1383181728,늙은 이사비스의 집
1384231062,그린스톤 홀 폐허
1385279670,늙은 마스터슬리 판잣집
1386328258,나는 마멋 로지
1387376838,키나레스의 영원한 구원자
1388425429,욤슬리 농가
1389474039,호무나시바의 은신처
1390522641,코퍼크로프트 홀
1391571228,머타운
1392619817,호무네우스의 은신처
1393668395,허스크로프트 요새
1394716981,킹하트 농장
1395765600,키나레스의 온화한 순교자
1396814181,늙은 이시비라의 집
1397862764,늙은 이소나의 농장
1398911370,늙은 킹하트의 집
1399960706,코퍼포드 농가
1401009313,사한크스의 은신처
1402057907,갤로데일
1403106491,그린스톤 농가
1404155083,늙은 라이사사의 집
1405203673,개르크로프트 농장
1406252251,마스터슬리 홀
1407300854,늙은 마스터링의 집
1408349440,크로스빌
1409398052,늙은 윅햄 판잣집 폐허
1410446637,킹크로프트 농가
1411495223,애싱 탑 폐허
1412543834,그린포드 과수원
1413592412,브로드몬트 히스
1414641008,버킹턴 묘지
1415690352,그린슬리 탑 폐허
1416738930,늙은 개링의 집
1417787537,호크스미스 궁전 폐허
1418836121,모르쿠케우스 동굴
1419884709,무어크로프트 오두막
1420933289,랫가비스
1421981899,키나레스의 통곡하는 선지자
1423030482,코퍼필드 과수원
1424079086,키나레스의 신성한 환생
1425127687,키나레스의 신성한 제단
1426176284,키나레스의 영원한 순교자
1427224893,늙은 라이소나의 판잣집
1428274260,레이베스
1429322855,윅하우스 오두막 폐허
1430371434,게리온의 구덩이
1431420014,버킹스미스 과수원
1432468605,코퍼하우스 저택 폐허
1433517203,허스하우스 농가
1434565856,옥스베리
1435614439,트리스티낙 광산
1436663087,늙은 라이나의 집 폐허
1437711675,모르케브라시아 동굴
1438761026,그레이윅
1439809635,허싱 농장
1440858220,와일더본
1441906806,욤하트 농가
1442955407,무어링 오두막 폐허
1444003990,베디스테어 광산
1445052603,디어빌
1446101181,로스 마녀회
1447149812,늙은 그위나비스의 오두막
1448199213,배레이
1449247796,그림빌
1450296418,박쥐와 틈새 술집
1451345026,하얀 사냥꾼 호스텔
1452393695,우드턴 성 폐허
1453443091,테오데인 광맥
1454491707,버킹스미스 저택
1455540291,키나레스의 침묵하는 선지자
1456588902,늙은 바바우사의 오두막
1457637500,무어윙 농장
1458686079,늙은 윅햄 오두막
1459734657,롱위치
1460783238,키나레스의 성스러운 구원자
1461831892,허스하트 농장
1462880485,키나레스의 침묵하는 구원자
1463929077,코퍼스미스 농장
1464978462,워위치
1466027089,보지르고스
1467075682,키나레스의 영원한 신탁소
1468124355,허스스톤 영지
1469172936,무어햄 성
1470221515,늙은 엘리자나의 농장
1471270095,윅스턴 과수원 폐허
1472319447,키나레스의 통곡하는 나무
1473368037,키나레스의 축복받은 승천
1474416621,툰웨이
1475465216,램레이
1476513808,늙은 버킹스턴 오두막
1477562388,늙은 그린하우스 오두막
1478610974,그린하우스 오두막 폐허
1479659573,개르햄 홀
1480708180,윅슬리의 경비대
1481756773,늙은 바니사의 농장
1482805366,우드하우스 지하 묘지
1483854023,애싱의 경비대
1484903383,늙은 모르가비스의 판잣집
1485951981,우드크로프트 농가
1487000563,베데인 채석장
1488049193,헤즈루고스의 둥지
1489097784,버킹포드 농가
1490146387,옥스워스 촌락
1491194984,늙은 애시슬리 판잣집
1492243609,윅윙 농가
1493292187,네부체잠 성
1494340786,키나레스의 피 흘리는 영혼
1495390138,킹하우스 성
1496438723,개르윙 묘지
1497487352,애샴 궁전 폐허
1498535945,늙은 욤윙 오두막
1499584534,늙은 허스턴 오두막
1500633144,우드턴 홀 폐허
1501681732,킹하트 영지
1502730341,킹하우스 농장
1503778922,호크포드 요새
1504827544,윅필드 영지 폐허
1505876902,호크포드 과수원
1506925546,무어필드 과수원
1507974149,우드턴 탑 폐허
1509022799,나이츠헤드 정원
1510072188,싱턴
1511120778,윅필드 묘지
1512169374,올드웰
1513217952,늙은 호크스턴 오두막
1514266545,호크필드 농가
1515315132,버킹스턴 묘지
1516363725,게리티아의 구멍
1517412308,윅턴 농장
1518460970,코퍼윙 영지
1519509557,올드포드
1520558169,늙은 바볼다의 집
1521606748,늙은 윅슬리의 집
1522655327,트리스토어 발굴지
1523703908,차렌월드
1524752490,호크슬리 오두막
1525801825,늙은 벨라다이나의 판잣집 폐허
1526850434,키나레스의 축복받은 빛
1527899064,허스턴 탑
1528947694,머셔
1529996279,그린햄 과수원
1531044860,화이트베스
1532093514,다고스
1533142100,늙은 엘리지비라의 농장
1534191447,키나레스의 영원한 선지자
1535240057,개르하트 홀 폐허
1536288656,허스햄 농장 폐허
1537337244,그린하트 묘지
1538385872,무어슬리 무덤
1539434493,애시스턴 성
1540483071,개르하우스 묘지
1541531690,버킹스미스 궁전 폐허
1542581081,무어필드 농장
1543629659,입스포트
1544678237,페로리안 광산
1545726847,욤필드 농가
1546775439,코퍼필드 저택 폐허
1547824021,키나레스의 통곡하는 영혼
1548872615,개링의 무덤
1549921265,그린슬리 탑
1550969851,개르하우스 저택 폐허
1552018429,호크스미스 농장
1553067010,레이체스터
1554115609,우드윙 농가
1555164955,올드 마스터포드 오두막
1556213556,검은 새끼 사슴 여관
1557262203,그린슬리 탑 유적
1558310868,키나레스의 노래하는 오라클
1559360273,바알라스의 구멍
1560408858,람본
1561457467,올드 윅필드 판잣집
1562506058,테오디위르 채석장
1563554704,우드포드 과수원
1564603316,혹슬리 농장 유적
1565651917,코퍼스턴 홀
1566700508,캐스크로프트
1567749101,그린햄 영지
1568798490,머위치 언덕
1569847079,돼지와 야만인 호스텔
1570895659,유세인 발굴지
1571944248,그린햄 영지 유적
1572992838,코퍼윙 그랜지
1574041438,디스피아민크시바 구멍
1575090027,키나레스의 축복받은 선지자
1576138605,탐베일
1577187188,우즈슬리 그랜지
1578235809,올드 그위난나의 판잣집
1579284444,여왕의 투구 호스텔
1580333804,올드 크리스틴의 거처
1581382406,무어스턴 농장
1582430986,이릭의 제단
1583479628,킹슬리 과수원
1584528218,올드 그린슬리 거처
1585576802,섹트락
1586625399,올드 라이시사의 농장
1587673998,마스터햄 저택 유적
1588722597,우즈슬리 농장 유적
1589771193,래튜돈
1590819777,녹색 마멋 여관
1591869135,키나레스의 통곡하는 순교자
1592917731,마스터필드 오두막 유적
1593966320,웃는 오소리 산장
1595014900,앤디스테어 발굴지
1596063481,윅스미스 농장
1597112077,올드 바보나의 판잣집
1598160701,키나레스의 눈물 흘리는 성물
1599209293,페로레의 실험실
1600257899,하스윙 요새
1601306514,애슈턴의 탑
1602355976,키나레스의 피 흘리는 재생
1603404601,올드 그위니비라의 거처
1604454043,가어필드 저택 유적
1605502658,키나레스의 온화한 나무
1606551323,킹잉의 영지 유적
1607599938,욤크로프트 묘지
1608648528,윅윙의 지하 묘지
1609697108,뉴베스 공유지
1610745707,춤추는 진 술집
1611795089,올드 바노리아의 오두막
1612843675,버그빌
1613892255,마스터턴 경비대 유적
1614940882,윅스미스 오두막 유적
1615989466,앤대스터 광산
1617038044,올드 빅토리아의 거처
1618086623,버킹슬리 영지 유적
1619135203,올드 이소리아의 거처 유적
1620183799,버그베리
1621232378,무어턴 성채 유적
1622280961,인베로비온 홀
1623329588,비버와 거인 술집
1624378174,하스턴 요새
1625427570,하스윙 성채
1626476149,올드 윅크로프트 오두막
1627524741,무어스턴 홀 유적
1628573327,마스터하트의 무덤
1629621917,키나레스의 영원한 성물
1630670498,올드 에벨라우사의 거처
1631719089,올드 캐롤올다의 거처
1632767679,마이의 신전
1633816269,우드스미스 묘지
1634864868,윅필드 궁전 유적
1635913466,커크포트 자치구
1636962061,배일체스터
1638010654,키나레스의 두려운 성물
1639060184,윅슬리 농장
1640108766,올드 킹턴 판잣집 유적
1641157348,목마른 드래곤 여관
1642205927,왕의 늑대 여관
1643254543,버킹스턴 농원
1644303128,킹윙 묘지
1645351715,올드 라이세인의 오두막
1646401105,폰트패스
1647449713,올드 엘리자나의 오두막 유적
1648498301,노드레드
1649546894,박쥐와 거인 호스텔
1650595566,와일더베일
1651644166,더러운 오소리 여관
1652692750,킹턴 궁전 유적
1653741329,키나레스의 축복받은 일출
1654790743,그롬루고스
1655839326,탐레이 공유지
1656887912,키나레스의 피 흘리는 예언자
1657936490,올드 이세인의 거처
1658985070,윅크로프트 지하 묘지
1660033790,가어슬리 농장 유적
1661082371,그레이베리
1662131763,키나레스의 축복받은 순교자
1663180344,무어필드 홀
1664228959,무어하트 농원
1665277543,올드 에벨올다의 오두막
1666326160,그린스미스 그랜지 유적
1667374784,하스하우스 성
1668423368,키나레스의 불타는 승천
1669471963,올드 가어슬리 오두막
1670520547,올드 바니비라의 거처
1671569129,마스터포드 농장
1672618550,게리더의 구멍
1673667131,이릭의 제단
1674715713,그린슬리 그랜지
1675764346,버킹필드 경비대
1676812924,크롬게이트
1677861530,그린하트 영지 유적
1678910114,램리지
1679958720,킹필드 농원
1681007309,그린슬리 저택 유적
1682056695,우드윙 저택
1683105291,버킹턴 농장
1684153884,매일란크시아의 구덩이
1685202544,블랙테일
1686251123,하스하우스 영지 유적
1687299719,행운의 염소 호스텔
1688348310,버킹잉 묘지
1689396900,버킹턴 농원
1690445488,그레이베리 민스터
1691494067,코퍼윙 묘지
1692542650,여우와 새 여관
1693592043,코퍼하트 코트 유적
1694640667,우드포드 농장 유적
1695689323,올드 에벨라라의 농장 유적
1696737907,배일헤드
1697786505,무어윙 과수원
1698835104,키나레스의 무한한 예언자
1699884504,키나레스의 통곡하는 우상
1700933082,올드 크리스탄나의 오두막
1701981753,키나레스의 피 흘리는 선지자
1703030342,알딩모어
1704078953,휴식 없는 성 여관
1705127541,노래하는
1706176128,올드 벨라다라의 농장 유적
1707225553,데메레나의 동굴
1708274142,올드 크리스타라의 거처 유적
1709322801,키나레스의 신성한 징조
1710371437,앤도리안 광산
1711420827,마이의 신전
1712469411,올드 라이사비스의 농장
1713517992,키나레스의 즐거운 나무
1714566596,올드 캐롤라라의 농장
1715615249,무어턴 농장 유적
1716663869,킹슬리 농장
1717712461,가어슬리 농원
1718761856,버킹포드의 탑
1719810472,싱본 코트
1720859122,키나레스의 내면적 재생
1721907776,코퍼슬리 성 유적
1722957195,올드 바놀다의 오두막 유적
1724005858,워리지 햄릿
1725054437,두더지와 던전 호스텔
1726104082,가어슬리 농장
1727153616,비버와 고블린 여관
1728203153,버킹윙의 영지
1729251758,하스필드 오두막
1730300342,코퍼포드 그랜지
1731348949,무어크로프트 묘지
1732397528,마이의 신전
1733447051,혹윙 저택 유적
1734495656,킹크로프트 저택
1735544248,하스턴 농원
1736593766,반호프 숲
1737642358,다키미스의 소굴
1738690950,버킹슬리 과수원 유적
1739739531,진홍빛 늑대 여관
1740788146,레이워스
1741837668,가어슬리 농장
1742886250,올드 라이사나의 농장
1743934864,가어턴 그랜지
1744983445,에펜의 신전
1746032963,올드 벨라다비스의 거처
1747081544,키나레스의 통곡하는 별
1748130158,하스윙 저택 유적
1749178747,올드 그린턴 판잣집 유적
1750228292,그리닝 요새
1751277851,그린필드 농원
1752326448,무어필드 금고
1753375057,킹스미스 지하 묘지
1754424574,킹크로프트 묘지
1755473163,애슐리 농원
1756521774,박쥐와 그리핀 호스텔
1757570358,올드 벨라디비라의 농장
1758619874,키나레스의 온화한 선지자
1759668460,애슐리 매장지
1760717039,하스턴 농장
1761765625,아즈보르
1762814207,킹턴 농장 유적
1763862803,가어턴 오두막 유적
1764912325,돼지와 새 호스텔
1765960931,그린포드 영지
1767009529,에드워드 발굴지
1768059040,두꺼비와 고양이 산장
1769107636,키나레스의 불타는 영혼
1770156229,애슈윙 농장
1771204807,붉은 해골 여관
1772253390,애슈턴 농원
1773301983,키나레스의 불타는 구원자
1774351528,올드 가어윙 거처 유적
1775401096,키나레스의 고요한 빛
1776449696,앤디스티어 발굴지
1777498281,애슈스미스 그랜지
1778546867,애슈스턴 오두막
1779596382,안라스
1780644972,킹포드 그랜지
1781693599,워브리지 언덕
1782742186,하스필드 성채
1783791718,올드 그위니사의 오두막 유적
1784840311,가어크로프트 농원
1785888909,올드 마스터하우스 오두막
1786937488,캐롤리리아 의회
1787987006,올드 애슈하우스 오두막 유적
1789035622,올드 캐롤라우사의 거처
1790084201,모르케우세사 구멍
1791133720,무어윙 성채
1792182312,키나레스의 내면적 선지자
1793230903,테오디스테어 광맥
1794279499,가어스미스의 경비대
1795329065,키나레스의 눈물 흘리는 구원자
1796377668,램크로프트 코트
1797426249,에드위릭 터널
1798475784,허스햄 묘지
1799524367,모를라스
1800572948,허스윙 그레인지
1801621532,킹턴 농장
1802671083,올드 캐롤리리아의 오두막
1803719679,유소어 터널
1804768262,올드 애쉬하트 오두막
1805816844,올드 윅턴 오두막
1806866373,우드하트 저택
1807914951,마레리아의 구덩이
1808963537,우딩 저택 유적
1810012123,로딘 광맥
1811061704,코퍼필드 홀 유적
1812110313,마스터슬리 지하 묘지
1813159825,마스터턴 농장
1814208407,코퍼하우스 오두막 유적
1815257011,우드하우스 탑
1816305615,가어햄 저택 유적
1817355120,키나레스의 영원한 유물
1818403698,올드 이신(Ysyn)의 오두막
1819452310,올드 이시사(Ysyssa)의 오두막
1820500908,커크위치
1821550434,윅크로프트 그레인지
1822599014,롱워크 바위
1823647596,마스터필드 코트 유적
1824696178,애쉬크로프트 그레인지
1825744762,코퍼하트 농장
1826793360,올드 버킹크로프트 판잣집
1827842940,코퍼스턴 요새
1828891525,키나레스의 온화한 별
1829940103,스라소니와 구덩이 여관
1830989616,그린슬리 과수원 유적
1832038216,발리요누나의 소굴
1833086798,올드 엘리조리아의 농장
1834135390,코퍼슬리 과수원
1835183968,코퍼하우스 홀
1836233494,더러운 진(Djinn) 술집
1837283064,코퍼하우스 무덤
1838331642,우드윙 저택 유적
1839380232,모딘 광맥
1840428829,버킹슬리 성
1841477425,버킹필드 과수원
1842527016,체스터월드 골짜기
1843576529,램웨이
1844625111,악마의 검 여관
1845673704,올드 바보리아의 거처
1846722286,버킹슬리 농장
1847770864,홀월드
1848819452,허스햄 농장
1849868030,키나레스의 통곡하는 예언자
1850918605,키나레스의 불타는 선지자
1851968135,황금 고양이 여관
1853016719,올드 빅타우사의 농장
1854065301,탬패스
1855113882,가어턴 궁전
1856162497,마스터햄 농장
1857211082,키나레스의 영원한 구원자
1858260616,머베스
1859309197,화이트몬트
1860357782,욤턴 오두막
1861406384,욤잉 탑
1862454964,애싱 저택
1863504476,무어턴 코트 유적
1864553054,키나레스의 무한한 선지자
1865601634,올드 킹하트 판잣집
1866651215,코퍼하우스 농장
1867699844,브로드워크
1868749350,가어슬리 농장
1869797935,윅햄 과수원 유적
1870846531,가어슬리 성
1871895112,행운의 거인(Giant) 술집
1872944658,키나레스의 온화한 영혼
1873993250,우드필드 성
1875041873,키나레스의 신성한 빛
1876091384,두꺼비와 그리핀(Griffin) 여관
1877139970,여왕의 근위대 여관
1878188572,올드 엘라사의 오두막
1879237157,가어햄 묘지
1880287695,킹슬리 그레인지
1881336284,가어링 저택 유적
1882384870,그레이우드
1883433458,애쉬턴 지하 금고
1884483050,아이릭의 제단
1885532575,캐스모스 공유지
1886581187,키나레스의 즐거운 별
1887629770,무어슬리 탑 유적
1888679299,키나레스의 온화한 징조
1889727900,버킹하트 묘지
1890777466,애쉬턴 지하 묘지
1891826058,키나레스의 고요한 유물
1892875658,애쉬턴 저택
1893925192,올드 무어링 오두막
1894973772,비명 지르는 해골 술집
1896022354,옥스브리지
1897071910,마스터링 홀 유적
1898120489,발라탄크세사의 소굴
1899169108,그레이워스
1900218644,코퍼윙 묘지
1901267222,키나레스의 피 흘리는 제단
1902315802,가어스턴 묘지
1903364380,갤로체스터
1904412958,홀베리
1905461543,키나레스의 신성한 별
1906510136,올드 가어슬리 장소 유적
1907559692,펜타워
1908608273,버그캐슬 바위
1909656878,올드 무어링 오두막
1910706402,코퍼슬리 궁전 유적
1911755980,그린햄 요새
1912804563,킹턴 묘지
1913854134,그럼보어
1914902721,키나레스의 통곡하는 일출
1915951299,호킹 농장
1917000886,리시반의 서식지
1918049487,모디릭 발굴지
1919099061,쥐와 근위대 여관
1920148613,뉴포트
1921198220,비그릴의 신전
131233,호크스턴 묘지
1179833,애쉬윙 농장
2228420,올드 애쉬턴 판잣집
3277965,허스필드 저택
4326545,채링
5376109,우드스미스 농장
6424695,호크로프트
7473275,욤하트 저택
8521866,올드 욤슬리 오두막
9570447,네크로모간 성
10619029,키나레스의 축복받은 승천
11668571,가어포드 농장
12717158,올드 엘라라의 오두막
13765736,짐 사이(Sai) 신전
14814319,아크브리지
15863871,킹스턴 저택
16912457,가어하트 저택 유적
17961044,올드 그린슬리 판잣집
19009626,올드 라이시나의 거처
20058204,올드 라이시리아의 거처
21106790,알드모어
22156329,코퍼포드 과수원
23204908,램브론
24253503,램크로프트
25303064,키나레스의 불타는 예언자
26351650,올드 코퍼슬리 오두막
27400237,올드 버킹슬리 오두막
28448815,키나레스의 노래하는 선지자
29498364,올드 호크하트 오두막
30546948,사이(Sai)의 성물함
31595532,우드스미스 홀
32645087,욤턴 농장
33693665,알라비위르의 감옥
34742268,에펜의 신전
35790853,싱모스
36840401,아그린 감옥
37888982,욤햄 지하 묘지
38937561,차튼
39986144,체스터베리
41035708,키나레스의 고요한 선지자
42084302,마스터링 홀
43133869,캐스포트
44182460,키나레스의 노래하는 재탄생
45232008,웨스트레이
46280586,반월 언덕
47329165,머크로프트 코트
48377753,롱트라이 들판
49427320,커크웰
50475913,마스터턴 농장
51524492,무어스미스 궁전
52574041,고스햄
53622628,램캐슬 자치구
54671213,두노어 실험실
55720691,마스터링 저택
56769371,두더지와 우드척 술집
57818841,마스터스미스 지하 금고
58867426,윅슬리 궁전
59916004,가룰라우스 남작의 저택
60964647,코퍼슬리 저택
62013237,버킹윙 저택
63061829,홀캐슬
64111285,윅슬리 무덤
65159864,싱브리지
66208447,키나레스의 즐거운 예언자
67257029,크리스티나 컬터스
68305607,돼지와 고양이 선술집
69354190,허스스턴 저택 유적
70402769,미드크로프트
71451430,애쉬크로프트 무덤
72500010,차렌본 골짜기
73549483,코퍼턴 농장
74598066,배일브리지
75646652,배일위치
76695233,올드 버킹하우스 판잣집
77743878,윅킹 농장
78792458,립본
79841045,죽은 투구 여관
80890501,우즈슬리 홀
81939081,우즈슬리 홀
82987660,욤스미스 농장
84036238,키나레스의 피 흘리는 승천
85084816,허스하트 궁전
86133397,올드 욜다의 오두막
87181980,우드크로프트 성
88230562,미드모어
89279143,호크필드 코트
90327726,여왕의 거인(Giant) 여관
91376364,캐스위치
92424948,버그호프
93473531,키나레스의 불타는 빛
94522991,램데일
95571584,블랙위치
96620162,차트리
97668743,올드 그윈이리아의 거처 유적
98717325,키나레스의 영원한 제단
99765934,킹필드 농장
100815425,호크포드 홀
101864009,우드햄 코트
102912587,가어스미스 요새
103961172,키나레스의 신성한 제단
105009761,웃는 오소리 여관
106058341,애쉬턴 홀
107106930,애쉬햄 농장
108155512,윅킹 홀
109204112,블라딩구스의 저택
110252690,울부짖는 드래곤(Dragon) 선술집
111301277,옥스위치
112349872,디오딕 실험실
113398478,악마의 그리핀(Griffin) 선술집
114447915,올드 엘리리아의 오두막
115496495,버그타운
116545077,여우와 야만인(Barbarian) 술집
117593655,브로드포드
118642233,키나레스의 피 흘리는 우상
119690844,와일더타운
120739444,욤필드 매장지
121788033,가어슬리 저택
122836627,그린턴 코트
123885227,욤크로프트 성채
124934670,황금 새끼 사슴 선술집
125983278,크로스몬트
127031856,버킹슬리 저택
128080437,코퍼윙 지하 금고
129129020,애쉬하트 무덤
130177606,애쉬하트 농가
131226186,반월드
132274766,허스턴 무덤
133323345,무어포드 농가
134371924,반포트 공유지
135420502,그림우드
136469081,코퍼햄 요새
137517665,허스햄 무덤
138566243,그린포드 저택
139614830,그레이캐슬
140663412,화이트모스
141711992,스트레너 헤이븐
142760574,마스터윙 홀
143809163,무어턴 오두막
144857754,싱햄 홀
145907179,립리지
146955780,고스게이트
148004360,우딩 농장
149052941,알라베인 교정원
150101522,욤윙 저택
151150120,키나레스의 성스러운 유물
152198723,우드크로프트 요새
153247301,위킹 저택
154295887,캐스캐슬
155344474,웨스트게이트
156393064,머버리
157442518,턴턴
158491105,마스터스턴 홀
159539685,휴식하는 머그 여관
160588263,야만적인 틈새 주점
161636842,비명 지르는 고슴도치 여관
162685464,행운의 오소리 호스텔
163734042,아이릭의 제단
164782628,그림본
165831217,가어크로프트 홀
166879806,코퍼포드 묘지
167928394,알딩포드
168976991,블랙월드
170025573,펜버리 햄릿
171074153,이솔다의 오두막
172123580,스톡데일
173172166,버킹윙 농장
174220747,옥스워스
175269333,여왕의 구덩이 주점
176317913,가어링 황궁
177366492,래밍
178415074,진홍빛 성 주점
179463656,윅스턴 무덤
180512236,크리스틴의 오두막
181560848,롱잉
182609444,박쥐와 저그 로지
183658025,그린슬리 황궁
184706614,코로가르 성
185755211,가어링 농가
186803799,화이트본
187853213,프라이비티어스 홀드
188901793,마스터윙 성
189950376,크롬월
190998955,그위니사의 오두막
192047536,욤하트 과수원
193096135,립패스 황야
194144722,호타워
195193307,베다드 연구소
196241888,더러운 저그 여관
197290479,호체스터
198339077,폰체스터
199387669,반마켓
200436247,코퍼포드 농장
201484827,스톡헤드
202533424,그린햄 성
203582842,가어슬리 저택
204631423,리사나의 오두막
205680001,엘라라의 오두막
206728581,고스웨이 정원
207777159,버글리
208825740,허스필드 코트
209874333,킹포드 오두막
210922913,페리스테어 던전
211971525,야그루고스
213020106,호크스턴 농가
214068697,비버와 드래곤 로지
215117282,우즈슬리 과수원
216165860,웨스트몬트
217214448,키나레스의 온화한 제단
218263028,허스턴 농가
219311629,허스하트 장소
220360224,디어워스
221408805,차타운 바위
222457391,호킹 장소
223505971,펜브론
224555377,허스턴 저택
225603966,이스트포트 바위
226652559,킹잉 황궁
227701137,아크모스
228749718,그린포드 농가
229798298,키나레스의 성스러운 징조
230846876,박쥐와 그리핀 여관
231895458,그레이타운
232944052,엘로리아의 장소
233992630,고스웨이
235041208,왕의 던전 주점
236089811,킹잉 농가
237138390,킹스턴 장소
238186976,애쉬햄 요새
239235559,호크크로프트 저택
240284157,현자 기념비
241332737,애쉬하우스 묘지
242381333,그린슬리의 근위대
243429918,반모어
244479300,호크햄의 요새
245527879,윅스미스 코트 폐허
246576461,현자 기념비
247625046,무어하트 과수원
248673627,나이츠셔
249722206,체스터위치
250770796,여우와 야만인 주점
251819375,버킹필드 오두막
252867956,가로마우스의 지하 묘지
253916539,뉴햄
254965120,가어하우스 홀
256013702,마스터포드 코트
257062280,베일워스 햄릿
258110861,애쉬포드의 요새 폐허
259159439,곤디릭 연구소
260208017,가렌어 홀
261256595,죽은 그리핀 로지
262305173,그린햄 과수원
263353754,업데일 데리
264402339,가어하우스 저택
265450917,애싱 과수원
266499495,마스터스턴 그랜지
267548100,갤로웰
268596696,머게이트
269645275,불운한 사향쥐 여관
270693858,킹포드 코트
271742456,흰 사향쥐 주점
272791039,싱웰
273839617,싱브루 숲
274888195,무어하우스 성
275936777,우드크로프트 농가
276986161,키나레스의 즐거운 신탁
278034747,키나레스의 불타는 영혼
279083329,블랙포트
280131912,키나레스의 눈물 흘리는 순교자
281180491,버킹크로프트 홀
282229069,버킹하우스 농가
283277650,애싱 홀
284326251,롱마켓 정원
285374834,윅슬리 농가
286423432,반네인의 오두막
287472017,트리스티릭 아카데미
288520595,무어포드 오두막
289569176,코퍼하트 오두막
290617758,호킹 농가 폐허
291666354,브로드패스 민스터
292714933,캐롤라나의 장소
293763544,램턴
294812132,홀모어 들판
295860718,녹색 악동 주점
296910102,호크하우스 묘지
297958683,비버와 던전 로지
299007270,이스트위치
300055853,이스트브리지
301104445,허스하우스 오두막
302153024,체스터빌
303201603,가어윙 묘지
304250183,트로그커
305298763,사자와 전갈 로지
306347343,흰 사향쥐 로지
307395926,우드포드 그랜지
308444516,버그테일
309493098,욤스턴 묘지
310541707,주비아모르곤의 구덩이
311590307,롱테일
312638885,롱베리
313687467,벨라딘의 오두막
314736051,위킹 오두막
315784636,코퍼스미스 그랜지 폐허
316833219,마이의 신전
317881806,악당과 염소 주점
318930388,입스테일
319978968,나는 저그 주점
321028348,키나레스의 통곡하는 예언자
322076946,킹슬리 저택
323125528,죽은 투구 주점
324174109,탐위치
325222690,키나레스의 불타는 환생
326271281,키나레스의 피 흘리는 신탁
327319861,블랙모어
328368454,욤윙 오두막
329417038,키나레스의 축복받은 순교자
330465622,차빌
331514201,허스크로프트 농장
332562780,키나레스의 불타는 승천
333611376,윅포드 저택
334659958,조드 신전
335708538,버먼돈
336757116,우드스턴 저택
337805699,돼지와 야만인 호스텔
338854281,갤로포트
339902863,엘리나의 오두막
340951441,갤로테일
342000021,춤추는 노움 로지
343048599,진홍빛 사향쥐 여관
344097191,고스위크
345145773,우드필드의 근위대
346194356,사휴사 동굴
347242942,코퍼하우스 무덤
348292327,캐스타워 언덕
349340907,페리낙 연구소
350389486,뉴크로프트
351438067,뉴타워
352486645,엘로나의 소집
353535223,비버와 투구 여관
354583805,아크호프
355632391,그레이헤드 홀
356680973,그린슬리 농가
357729563,리시비라의 오두막
358778144,화이트위치
359826731,마이의 신전
360875320,욤슬리 과수원
361923920,위킹 농가 폐허
362972519,죽은 우드척 여관
364021109,킹턴 저택
365069702,바보나의 장소 폐허
366118281,그린크로프트 농가
367166867,빅티비라의 오두막
368215458,우드윙 저택
369264845,크로스크로프트 들판
370313433,녹슨 오우거 로지
371362034,가어턴 묘지
372410617,갤로베일 황야
373459197,코퍼하우스 홀
374507813,체스터위치 햄릿
375556398,그림웨이
376604988,버킹스미스 농장
377653568,펜의 안식처
378702148,애쉬하트 저택
379750727,이스트포트
380799306,가어스미스 탑 폐허
381847908,무어링 장소
382896492,웃는 구덩이 호스텔
383945079,리사나의 농장 폐허
384993669,코퍼크로프트 저택
386042252,그림워스 홀
387090833,테오디낙 연구소
388140218,윅슬리 묘지
389188796,우드윙 묘지
390237388,하울링 그리핀 주점
391285966,윅하트 홀
392334544,늙은 벨라도다의 오두막
393383147,디바드 기념비
394431728,키나레스의 성스러운 신탁
395480315,우드필드 그레인지
396528894,우즈슬리 농가
397577481,욤슬리 농가
398626068,늙은 엘리비라의 오두막
399674648,무어하우스 영지
400723229,늙은 바보리아의 농장
401771807,늙은 캐롤롤다의 농장 폐허
402820404,폰트위치
403868984,악마의 드래곤 호스텔
404917563,호크턴 농가
405966151,알라보어 감옥
407014734,커크레이
408063321,늙은 캐롤리비라의 거처
409111910,늙은 캐롤로나의 농장
410160488,커크워스
411209072,리플레이
412257663,립샤이어
413307037,호크하트의 탑
414355624,체스터워크
415404221,코퍼슬리 묘지
416452799,키나레스의 무한한 우상
417501379,악당과 검 주점
418549958,욤스미스 궁전
419598568,플라잉 그리핀 주점
420647156,늙은 이산나의 오두막
421695738,펜워스 언덕
422744340,늙은 엘리지나의 오두막
423792922,늙은 바비사의 농장
424841513,그린필드 저택
425890098,블라디미스 성
426938676,하스윙 무덤
427987276,우드스미스 농가
429035859,펜게이트
430084449,드워프와 우드척 여관
431133848,윅햄 홀
432182428,턴모스
433231027,미드베리
434279610,알딩워크 숲
435328205,코퍼크로프트 그레인지
436376794,버킹스미스 저택
437425374,윅슬리의 경비대
438473961,블랙이지
439522539,모라록의 조류 사육장
440571117,마스터슬리 저택
441619711,하울링 버드 여관
442668297,무어스턴 궁전
443716877,킹하트 영지
444765473,가어스턴 저택
445814071,블랙게이트
446862659,그린윙 코트
447911246,그린톤 농가
448960626,악마의 고슴도치 여관
450009205,사이의 성유물함
451057798,스쿠스
452106376,에벨리리아 숭배
453154958,찰리
454203539,욤하우스의 지하 묘지
455252118,차렌테일
456300712,우즈슬리 저택
457349304,반브리지
458397882,버킹포드 저택
459446460,사자와 우드척 여관
460495051,크롬위치 언덕
461543639,윅스턴 농가
462592220,아스메우세나의 은신처
463640805,옥스웰
464689385,홀트리 골짜기
465737963,늙은 에벨리리아의 거처
466786551,립체스터 숲
467835136,사슬로스 거미줄
468883718,펜베리 정원
469932304,애쉬스미스 저택
470980883,아크베리
472029462,윅필드 그레인지
473078055,배일모스
474126637,무어슬리 농가
475175217,진홍빛 거인 숙소
476224594,키나레스의 기쁜 성유물
477273191,무어스턴 영지
478321803,마스터링 농가
479370390,탬위크
480418971,키나레스의 통곡하는 징조
481467561,뉴모어
482516140,레이베리
483564720,차렌본
484613301,커크레이
485661883,늙은 그린슬리 거처
486710461,가어슬리 궁전
487759048,마스터스턴 그레인지
488807631,차웨이
489856220,여왕의 장난꾸러기 숙소
490904806,호르테일
491953409,입스몬트
493001993,갈로호프 바위
494050572,스톡위치 들판
495099163,그린하트 홀
496148562,키나레스의 온화한 일출
497197145,고스체스터
498245723,버킹하우스 그레인지
499294305,생쥐와 수사슴 숙소
500342883,늙은 애쉬하트 오두막
501391471,키나레스의 고요한 일출
502440091,윅슬리 코트
503488683,코퍼슬리 성채
504537273,무어턴 저택
505585925,브로드포트
506634506,코퍼크로프트 홀
507683885,키나레스의 두려운 승천
508732478,킹포드 지하 묘지
509781106,호크슬리 성채
510829688,키나레스의 눈물짓는 별
511878271,체스터브론
512926861,키나레스의 내부 제단
513975447,반타워 코트
515024030,목마른 노움 여관
516072613,리플레치
517121192,늙은 엘리자비스의 농장
518169773,블랙포드
519218354,키나레스의 온화한 예언자
520266937,늙은 모르고나의 거처
521315517,싱워크
522364096,늙은 그위닌의 거처
523412675,미들리
524461254,그레이웨이
525509846,크로스호프
526558438,녹슨 늑대 숙소
527607817,무어슬리 농가
528656439,키나레스의 눈물짓는 일출
529705017,램리 데리
530753605,레이브론
531802200,그림호프
532850781,무어하우스 코트
533899363,키나레스의 타오르는 일출
534947955,알딩월
535996546,늙은 구리 세공소
537045128,크로스본
538093731,뉴웨이
539142320,버킹턴 묘지
540190899,가어햄 그레인지
541239478,가어필드의 경비대
542288056,가렐라우스의 무덤
543337464,미드위크
544386059,그린슬리 과수원
545434637,업타운
546483224,늙은 리시비라의 거처
547531804,홀우드 정원
548580387,늙은 욤햄 거처
549628976,나이트샴
550677558,키나레스의 영원한 별
551726138,크로스캐슬
552774733,킹포드 농장
553823312,바로고스의 무덤
554871902,늙은 모르기리아의 오두막
555920488,곤딘의 은신처
556969079,우드윙 농가
558017665,디바드 기념비
559066249,욤스미스 과수원
560114829,요밍 코트
561163410,하스크로프트 홀
562211989,애쉬슬리 저택
563260583,애쉬스턴 저택
564309179,보즐로돈
565358558,버킹포드 농가
566407170,예텐의 거미줄
567455751,웨스트위크
568504357,여우와 검 주점
569552936,반포드
570601515,무어하우스의 무덤
571650120,늙은 엘리비라의 오두막 폐허
572698711,마스터필드 묘지
573747291,불운한 새끼 사슴 숙소
574795879,코퍼슬리 그레인지
575844460,머리
576893056,그린스미스 농가
577941637,블랙위치
578990217,싱우드
580038796,깃털과 검 숙소
581087381,와일더우드 바위
582135965,리시반의 지하 묘지
583185348,탬베스
584233936,늙은 엘리자인의 오두막
585282531,늙은 빅타나의 오두막
586331109,그린포드 홀
587379693,롱게이트
588428275,우딩 홀
589476872,가어필드 묘지
590525450,목마른 악당 숙소
591574043,하스턴 농가
592622622,키나레스의 눈물짓는 나무
593671200,가어햄 묘지
594719785,늙은 엘리조리아의 오두막
595768363,윅햄의 무덤
596816947,우티스테어의 은신처
597865525,늙은 우드스미스 오두막
598914106,뉴우드 숲
599962689,욤하트 홀
601011276,바알루쳇의 은신처
602059862,버킹엄의 무덤
603108445,크롬포트
604157029,은빛 새 주점
605205610,킹슬리 탑
606254198,검은 던전 숙소
607302778,호크하우스 홀
608351377,사호더 동굴
609400751,마스터스미스 요새
610449333,코퍼스턴 지하 묘지
611497929,키나레스의 성스러운 성유물
612546525,사셰루스
613595112,윅스턴 성채
614643690,키나레스의 영원한 일출
615692269,하스하트 매장지
616740858,키나레스의 노래하는 별
617789463,키나레스의 온화한 나무
618838041,키나레스의 신성한 나무
619886628,배일카트
620935207,하울링 해골 숙소
621983793,립마켓
623032374,늙은 바노리아의 오두막
624080963,와일더포드
625129543,호르웰
626178122,마스터포드 성
627226703,페리스테어 실험실
628275284,와리지 황야
629323867,스타디밤의 고분
630373287,롱포드
631421883,늙은 엘리진의 거처
632470465,스톡워스
633519047,비명 지르는 고양이 호스텔
634567630,더러운 오소리 선술집
635616216,입스브리지
636664794,키나레스의 무한한 징조
637713372,모르긴 마녀회
638761950,미드마켓 바위
639810532,버그몬트
640859129,욤스턴 영지
641907716,윅킹 오두막
642956295,고스포트
644004873,죽은 고블린 호스텔
645053477,폰트빌
646102069,우드하우스 그레인지
647150663,깃털과 진 선술집
648199257,키나레스의 내면의 별
649248639,깃털과 고양이 여관
650297245,갈로포드
651345835,디어윅
652394413,벅킹스미스 농가
653443004,우드윙의 탑
654491599,올드 라이소사의 오두막
655540178,가필드 요새
656588757,허스리 저택
657637342,우드크로프트 매장지
658685923,폰트브루
659734505,춤추는 드래곤 호스텔
660783101,키나레스의 축복받은 나무
661831688,탐카트
662880276,사나운 요정 호스텔
663928854,가튼 저택
664977433,올드 라이사비스의 오두막
666026022,킹슬리 그레인지 폐허
667074613,스토크모스 골짜기
668123197,키나레스의 축복받은 예언자
669171775,올드 무어햄 오두막
670221161,두닌 연구소
671269760,올드 빅테인의 농장
672318346,우딩 궁전
673366927,갈로본
674415505,에드워리안 연구소
675464091,올드 크리스티리아 농장 폐허
676512680,뉴체스터
677561269,올드 이사나의 오두막
678609897,키나레스의 성스러운 일출
679658516,윅슬리 그레인지
680707105,호크크로프트 농가
681756494,더러운 늑대 산장
682805081,코퍼스턴 지하 묘지
683853662,알라보어의 은신처
684902241,벅킹잉 오두막
685950821,롱워크
686999405,업윅
688048019,윌더트리
689096625,키나레스의 신성한 승천
690145206,키나레스의 내면의 영혼
691193791,올드 마스터하트 오두막
692242369,키나레스의 두려움에 찬 순교자
693290984,키나레스의 무한한 환생
694339563,크로스카트
695388161,키나레스의 노래하는 영혼
696437584,무어하트 지하 묘지
697486172,가어슬리 묘지
698534759,버그트리
699583341,킹스미스 저택
700631921,고스웨이 홀
701680499,그림타워 골짜기
702729081,알드카트
703777669,가어햄 과수원
704826255,사자와 거인 호스텔
705874834,싱타워
706923415,허스하트 저택
707972003,옥스우드
709020595,킹슬리 농가
710069176,허스리 그레인지
711117757,아그린 연구소
712166341,호크슬리 농장
713214933,호크하트 농가
714263516,키나레스의 피 흘리는 순교자
715312130,키나레스의 눈물 흘리는 유물
716360708,우딩 성
717410110,홀햄
718458723,윅포드 그레인지
719507315,키나레스의 통곡하는 별
720555893,욤윙 탑
721604483,반햄 숲
722653063,코퍼하트 농장
723701649,코퍼슬리 농가
724750227,그림타워 홀
725798806,올드 캐롤리리아의 오두막
726847384,애쉬필드 홀
727895979,벅킹하우스 홀
728944563,윅크로프트 저택
729993159,엘리진 마녀회
731041741,데무초툴라 동굴
732090322,반디의 신전
733138903,울부짖는 성 여관
734187492,코퍼슬리 농장
735236070,올드 벅킹하우스 장소
736285463,애쉬스미스 농가 폐허
737334059,킹슬리 농가
738382642,크롬웰
739431222,가필드 그레인지
740479805,욤슬리 농가
741528389,욤크로프트 농가
742576979,머브리지
743625586,허스포드 농장
744674179,키나레스의 온화한 순교자
745722781,디어버리
746771360,비그릴의 신전
747819945,롱타운
748868545,이스트카트
749917136,제프레의 신전
750965716,그린하우스 요새
752015090,무어필드 묘지
753063697,올드 벅킹슬리 장소
754112279,올드 애쉬크로프트 장소
755160860,나이츠타워 언덕
756209442,킹포드 성
757258024,윅햄 농장
758306603,무어슬리 오두막
759355185,올드 크리스테인의 오두막
760403766,코퍼윙 궁전
761452354,올드 에벨라라의 오두막
762500935,올드 벅킹엄 오두막
763549516,벅킹잉 과수원
764598095,베라텐
765646674,키나레스의 불타는 예언자
766695252,올드 라이사라의 농장
767743831,캐스데일
768792417,우드윙 궁전
769841007,머캐슬
770889602,워햄
771938189,롱테일 고지
772986782,드룰로텐 둥지
774035386,마스터슬리 지하 묘지
775084764,올드 이솔다의 오두막
776133344,립게이트 들판
777181949,킹윙 저택
778230535,허스하트 매장지
779279154,호크햄 저택
780327745,올드 호킹 오두막
781376326,우드하우스 과수원
782424912,키나레스의 침묵하는 구원자
783473492,바니지 엔드
784522074,스타딩간의 집
785570653,턴리
786619234,마스터스미스 매장지
787667824,올드 윅슬리 장소
788716424,윅햄 과수원
789765002,롱모스
790813580,에블린 콘클라베
791862159,키나레스의 성스러운 징조
792910741,우드크로프트 오두막
793959321,벅킹하우스 오두막
795007908,반나우사 공동체
796057308,킹햄 저택 폐허
797105909,가어스미스 저택
798154488,블랙패스
799203079,차우드
800251662,스토크헤드 골짜기
801300244,그루메토스의 둥지
802348822,램빌 골짜기
803397406,코퍼필드 농가
804445996,베딕터의 감옥
805494581,그린크로프트 저택
806543162,벅킹스미스 지하 묘지
807591758,홀레이
808640338,가필드 농가
809688936,마스터슬리 홀
810737515,마스터슬리 농가
811786093,에드위발 교화소
812834681,올드 이소나의 농장
813883263,레이포드
814931845,벅킹스미스 성채
815981225,키나레스의 불타는 순교자
817029820,왕의 틈새 선술집
818078402,조드 신전
819126989,코퍼턴 탑
820175572,코퍼하트 과수원 폐허
821224163,크롬호프
822272743,가어스미스 과수원 폐허
823321321,욤필드 저택
824369931,벅킹슬리 농가
825418511,애쉬슬리 그레인지
826467136,올드 애쉬윙 오두막
827515755,윅하우스 홀
828565139,디바드 기념비
829613720,올드 바비비라의 농장
830662299,키나레스의 기쁜 우상
831710882,불운한 사향쥐 술집
832759479,마스터스미스 농가
833808071,알딩우드 정원
834856662,주반시아 동굴
835905245,탐웨이 황야
836953823,불운한 해골 여관
838002402,벅킹잉 그레인지
839050983,벅킹필드 농가
840099564,목마른 고양이 산장
841148145,올드 가어크로프트 오두막
842196732,키나레스의 통곡하는 구원자
843245313,디바드 기념비
844293918,트리서곤
845342496,무어윙 묘지
846391074,목마른 성 호스텔
847439673,머체스터
848488263,그린스미스 묘지
849536842,욤스미스 성
850585422,그린슬리 농가
851634010,펜베스
852683385,절벽의 마녀회
853731992,턴크로프트
854780570,키나레스의 두려움에 찬 빛
855829158,허스윙 법정
856877738,올드 바바비스의 농장
857926321,허스포드 법정
858974899,키나레스의 온화한 영혼
860023478,가어햄 묘지
861072057,미드포트 데리
862120636,탐우드
863169234,우즈슬리 농가
864217831,아크포드
865266411,벅킹턴 법정
866315046,애쉬스미스 오두막
867363642,롱웰
868412223,그위노리아 마녀회
869461603,애쉬포드 묘지
870510182,폰트헤드
871558767,가어포드 그레인지
872607355,체스터리
873655943,레이윅
874704550,무어포드 저택 폐허
875753136,옥스베일
876801715,우드윙 법정
877850294,발룰의 구멍
878898884,킹크로프트 궁전
879947481,알딩윅
880996081,키나레스의 축복받은 예언자
882044659,블랙이지 마을
883093240,워베일
884141821,그레이패스
885190420,무어링 요새
886238998,운 좋은 사제 산장
887287576,벅킹스턴의 탑
888336154,그린하우스 홀
889384733,킹스턴 과수원
890433317,그린하트 농장
891481899,무어링 농가
892531280,키나레스의 영원한 예언자
893579865,블라디본 성
894628448,폰트베리
895677035,은빛 늑대 선술집
896725613,라엔의 성유물함
897774200,롱마켓
898822783,생쥐와 고슴도치 술집
899871367,차렌타운
900919953,무어하트 홀
901968534,코퍼크로프트 코트
903017121,코퍼스미스 저택
904065704,버킹잉 저택
905114287,호르월
906162865,체스터워스
907211447,캐스몬트
908260026,펜포트 데리
909308653,안라루고스
910357235,뉴빌 코트
911405813,키나레스의 성스러운 우상
912454391,차렌브리지 필드
913502969,키나레스의 두려움에 찬 선지자
914551560,머햄 히스
915600139,가어하우스 농장
916648725,디어워크
917698099,롱리
918746687,입스워스 필드
919795268,테오디발 연구소
920843850,엘리자인의 옛 농장
921892460,화이트우드 자치구
922941045,모르가라의 옛 오두막
923989628,싱브론
925038211,배일성
926086791,호본 숲
927135371,귀니사 원
928183954,스톡워스 황야
929232539,가어햄 영지
930281126,다르코부스의 고분
931329708,윅하우스 농장
932378295,안디나크 연구소
933426882,호크크로프트 영지
934475466,호킹 농장
935524047,옛 우드스톤 장소
936572643,스톡브리지
937621223,옛 버킹크로프트 장소
938669816,윅스톤 저택 폐허
939719214,키나레스의 기쁜 제단
940767792,애쉬크로프트 묘지
941816378,코퍼스미스 농장
942864958,옛 코퍼크로프트 오두막
943913537,고스워크 바위
944962115,여왕의 해골 술집
946010694,키나레스의 축복받은 빛
947059273,아넬로스의 둥지
948107852,마스터햄 묘지
949156433,마스터하트 저택
950205057,스트레너 헤이븐
951253640,윅햄 성
952302230,미드햄
953350818,킹필드 오두막
954399413,킹하우스 그레인지 폐허
955447996,롱이지
956496579,키나레스의 불타는 구원자
957545158,탐헤드
958593751,턴워스
959642330,욤슬리 농장
960690914,옛 허스슬리 판잣집
961740299,옥스햄 필드
962788890,그레이베스
963837472,호크필드 홀
964886052,키에란 극장
965934656,다르케자르의 무덤
966983234,호크윙 성
968031817,킹슬리 성
969080396,가어윙 농장
970128976,윅슬리 매장지
971177565,키나레스의 두려움에 찬 신탁소
972226155,키나레스의 무한한 승천
973274740,키나레스의 피 흘리는 구원자
974323342,옛 무어하트 오두막
975371925,무어크로프트 저택
976420511,옛 코퍼슬리 오두막
977469107,코퍼윙 홀
978517689,애쉬필드 탑
979566278,머햄
980614856,나이츠타운
981663437,캐스월드
982712812,엘리졸다의 옛 오두막
983761406,에드위스테어 정신병원
984809984,빅티사의 옛 오두막
985858595,코퍼필드 성
986907203,라이사비스의 옛 농장
987955786,키나레스의 영원한 신탁소
989004375,우드스미스의 무덤
990052959,알드포트 언덕
991101562,뉴본 골짜기
992150166,브로드트라이
993198756,레이턴
994247347,마스터스미스의 지하 묘지
995295927,키나레스의 통곡하는 승천
996345313,에벨라우사의 옛 장소
997393891,그림이지 정원
998442476,녹슨 투구 선술집
999491068,마스터슬리 탑
1000539664,웨스트브론
1001588242,쥐와 구덩이 호스텔
1002636826,그림포트
1003685407,옛 마스터하우스 장소
1004733988,그림헤드
1005782582,모르디스티르의 소굴
1006831165,키나레스의 영원한 승천
1007879745,키나레스의 두려움에 찬 구원자
1008928329,캐롤라나의 옛 판잣집
1009976938,커크카트 숲
1011025540,키나레스의 노래하는 나무
1012074126,턴위치
1013123518,화이트크로프트
1014172103,홀마켓
1015220688,램리 필드
1016269271,아자르고스의 거미줄
1017317857,죽은 거인 술집
1018366444,허스포드 농장
1019415024,엘리자이나의 옛 판잣집
1020463604,옥스웨이
1021512191,보이곤의 둥지
1022560783,턴타워
1023609366,우드포드 저택
1024657948,화이트톤
1025706541,고스패스
1026755119,왈레크
1027803707,레이잉
1028852288,웨스트크로프트 촌락
1029900873,살쾡이와 사향쥐 여관
1030949454,욤포드 코트
1031998043,키나레스의 신성한 제단
1033046634,키나레스의 두려움에 찬 일출
1034095220,윅킹 농장
1035143800,키나레스의 피 흘리는 별
1036192381,욤스톤 궁전
1037241787,춤추는 악동 술집
1038290369,키나레스의 기쁜 승천
1039338948,허스스톤 매장지
1040387534,크롬베리 홀
1041436118,마스터스톤 궁전 폐허
1042484703,목마른 사향쥐 선술집
1043533282,턴베스 촌락
1044581860,디어링 자치구
1045630448,갈로성
1046679027,애쉬슬리 탑
1047727609,엘로리아의 결사
1048776199,옛 코퍼슬리 장소
1049824782,주비티바의 소굴
1050873360,롱윅 정원
1051921947,옛 그린스톤 장소
1052970528,코퍼필드 묘지
1054019117,업샤이어
1055067719,크로스월드 자치구
1056116297,키나레스의 침묵하는 우상
1057164888,무어하트 농장 폐허
1058213481,이신의 옛 판잣집
1059262068,키나레스의 성스러운 재탄생
1060311452,욤슬리 오두막
1061360030,홀윅
1062408613,가어턴 성 폐허
1063457208,나이츠모스
1064505786,비버와 단검 호스텔
1065554370,깃털과 사냥꾼 호스텔
1066602962,모르가나의 옛 판잣집
1067651540,체스터윅
1068700145,캐스워크
1069748723,깃털과 그리핀 선술집
1070797307,마스터링 농장
1071845885,제프레의 신전
1072894463,옥스빌
1073943041,애쉬스미스 농장
1074991628,아크워크
1076040215,옛 윅하우스 오두막
1077088797,미드패스
1078137376,갈로워스 히스
1079185956,키나레스의 내면의 빛
1080234554,돼지와 근위대 여관
1081283141,그림윅
1082331720,펜패스 데리
1083380302,애쉬햄 홀
1084428885,버그우드
1085477463,차레닝
1086526042,홀마켓 공유지
1087575440,코퍼톤 저택
1088624018,알딩워크
1089672596,호리지
1090721176,벨라다우사 마녀회
1091769767,호튼 촌락
1092818356,가어햄 홀
1093866935,립월드 엔드
1094915526,행운의 주전자 선술집
1095964127,허스윙 저택
1097012705,이소나의 옛 장소
1098061294,킹햄 농장
1099109874,울부짖는 고슴도치 여관
1100158458,욤스톤 묘지
1101207067,마스터링의 탑
1102255648,키나레스의 통곡하는 재탄생
1103304235,배일워스
1104353667,베레누스의 고분
1105402252,에벨라라의 옛 판잣집
1106450833,웨스트크로프트
1107499411,커크베리
1108548002,롱브루 황야
1109596593,흰 오소리 산장
1110645172,왕의 고슴도치 술집
1111693755,바닌의 옛 농장
1112742339,브로드몬트 숲
1113790917,웃는 근위대 여관
1114839499,코퍼크로프트 농장
1115888078,알딩호프 정원
1116936664,버킹윙 코트
1117985245,키나레스의 불타는 징조
1119033839,윅하트 요새
1120082422,업타워 황야
1121131020,박쥐와 사향쥐 술집
1122179606,킹하트 묘지
1123228203,여왕의 고블린 산장
1124277603,제프레의 신전
1125326194,옛 호크스톤 판잣집 폐허
1126374788,살쾡이와 사제 여관
1127423366,버킹잉 탑
1128471953,가어슬리의 영지 폐허
1129520561,차르테일
1130569144,마엘룰라의 동굴
1131617749,엘레인의 옛 오두막
1132666330,반크로프트 숲
1133714908,허스스톤 홀
1134763491,바알라수나 골짜기
1135812076,깃털과 전갈 선술집
1136860655,호크하우스 저택
1137909244,박쥐와 수사슴 술집
1138957827,펜테일 공유지
1140007255,윅스톤 과수원
1141055836,비버와 전갈 호스텔
1142104415,킹하우스 성
1143153002,애쉬윙 저택 폐허
1144201590,코퍼스톤 코트
1145250178,옛 코퍼하트 오두막
1146298768,안다네 연구소
1147347366,미드베스
1148395945,옛 애쉬윙 오두막
1149444523,애쉬스미스 그레인지
1150493112,스톡웰 데리
1151541691,욤크로프트의 근위대
1152590286,무어하우스 저택
1153638865,곤딕터의 소굴
1154687457,갈로윅
1155736040,리토간의 은신처
1156784628,욤스톤 홀
1157833206,그린하우스 과수원
1158881785,욤스턴 지하 묘지
1159930364,가어햄 저택
1160979809,우드윙 농장
1162028389,로도리안 교도소
1163076967,키나레스의 영원한 예언자
1164125550,구 하스스토프트 장소
1165174138,업레치
1166222716,킹포드 저택
1167271297,킹윙 성
1168319899,버킹스턴의 무덤
1169368485,크로스마켓
1170417075,입스헤드
1171465660,애쉬하우스 농장 유적
1172514245,욤햄 법정
1173563675,구 코퍼크로프트 장소
1174612259,코퍼하우스 저택
1175660844,행운의 수사슴 호스텔
1176709424,립위치
1177758003,애슐리 농장
1178806585,롱월드 법정
1179855167,바니비라의 낡은 오두막
1180903755,체스터셔
1181952338,무어햄 저택
1183000920,버킹하트의 무덤
1184049500,버그월
1185098091,롱월
1186146675,버킹턴 농장
1187195255,그린햄 궁전
1188243846,화이트햄
1189292424,애쉬포드 농장
1190341030,목마른 야만인 호스텔
1191389617,현자 기념비
1192439045,윅필드의 지하 묘지
1193487624,하스하트 유적
1194536207,립몬트 법정
1195584797,무어필드 법정
1196633375,마스터턴 장원 유적
1197681956,워우드
1198730545,우드햄 장원
1199779128,트리스테인의 던전
1200827710,버킹하트의 탑
1201876297,그린필드 요새
1202924875,킹잉 저택
1203973455,윅스턴 홀
1205022037,생쥐와 술잔 선술집
1206070617,웨스트포트 데리
1207119202,그윈인의 낡은 농장
1208167800,그윈이랴의 낡은 장소
1209216381,엘로랴의 낡은 장소
1210264959,그린햄의 지하 묘지
1211313537,코퍼스미스 홀
1212362117,여우와 노움 펍
1213410697,윅윙 묘지
1214459281,키나레스의 내면의 예언자
1215507860,호크슬리 장원
1216556443,비버와 오우거 펍
1217605888,구 코퍼스미스 장소
1218654467,에벨리사의 낡은 농장
1219703060,입스셔
1220751644,차웨이 바위
1221800232,가어햄 농장
1222848815,펜브루
1223897411,키나레스의 통곡하는 신탁
1224945992,그린크로프트 저택 유적
1225994576,에본암의 모루
1227043156,윅스턴 묘지
1228091741,킹윙 농장
1229140341,구 킹필드 오두막
1230188926,이스트윅 황야
1231237514,키나레스의 노래하는 구원자
1232286103,악마의 장난꾸러기 여관
1233335508,건달과 드래곤 펍
1234384087,호크하트 홀
1235432669,우즈슬리 법정
1236481261,크로스트리
1237529839,폰트월드
1238578417,디어위치
1239626995,에펜의 성소
1240675577,버킹스턴 요새
1241724166,버그베스 데리
1242772764,버그체스터
1243821342,버킹턴 요새
1244869923,옥스베스
1245918501,우드크로프트 홀
1246967085,쥐와 개 여관
1248015667,매그노건의 소굴
1249064258,알딩윅 언덕
1250112842,키나레스의 영구적인 유물
1251161420,애슐리 저택
1252210001,이릭의 제단
1253258594,키나레스의 즐거운 예언자
1254307188,캐스턴
1255356624,화이트위치
1256405213,와일더마켓 엔드
1257453791,키나레스의 신성한 구원자
1258502372,춤추는 고슴도치 여관
1259550952,구 킹슬리 오두막
1260599548,킹슬리 매장지
1261648130,녹슨 진 여관
1262696721,드루이고드
1263745309,울부짖는 단검 여관
1264793903,가어링 홀
1265842509,버킹스턴 장원 유적
1266891087,키나레스의 피 흘리는 예언자
1267939670,차렌포드
1268988249,블랙리 공유지
1270036836,검은 새끼 사슴 여관
1271085415,욤포드 지하 묘지
1272134826,애쉬하우스 농장
1273183423,코퍼스미스 묘지
1274232023,크로스테일 숲
1275280605,차렌브루 햄릿
1276329198,립위치 공유지
1277377788,모르가나의 낡은 농장
1278426375,돼지와 전갈 선술집
1279474959,가어포드 지하 묘지
1280523546,싱브루 공유지
1281572139,돼지와 장난꾸러기 선술집
1282620718,반디의 성소
1283669298,캐싱
1284717898,나이트스카트
1285766481,그림이지 민스터
1286815895,키나레스의 두려움에 찬 영혼
1287864509,행운의 근위대 여관
1288913089,가어슬리 과수원
1289961672,구 가어하우스 장소
1291010263,대거폴
1292058842,구 마스터햄 장소
1293107422,롱셔
1294156000,욤하우스 지하 묘지
1295204584,요밍 저택
1296253182,펜게이트 데리
1297301791,키나레스의 통곡하는 유물
1298350371,그리닝 농장
1299398949,립모어
1300447529,구 가어포드 오두막
1301496107,바알리시아 골짜기
1302545546,키나레스의 통곡하는 순교자
1303594156,킹잉의 탑
1304642739,하스하트 탑
1305691319,호킹 농장
1306739903,코퍼필드 저택
1307788490,키나레스의 신성한 일출
1308837069,버킹턴 장원
1309885655,코퍼필드의 무덤
1310934233,바비사의 낡은 오두막
1311982811,머몬트
1313031446,반베일
1314080025,블랙카트 골짜기
1315129455,마스터링 과수원
1316178064,호킹 요새
1317226661,에벨리나의 모임
1318275256,립위크
1319323837,블랙웨이 숲
1320372468,빅타라의 낡은 오두막
1321421942,가어하트 지하 묘지
1322470529,캐슬레이
1323519126,바나우사 마녀회
1324567704,애쉬필드 묘지
1325616282,업베일 자치구
1326664861,람포드 햄릿
1327714387,구 호크슬리 장소
1328762965,알드타워 언덕
1329811553,구 코퍼링 장소
1330860135,여우와 고양이 선술집
1331908718,미드브루
1332957319,블라디바라의 돌무지
1334006847,가어슬리 요새
1335055425,울부짖는 고블린 여관
1336104019,그린 던전 로지
1337152615,하스스톤 저택
1338201197,그리밍
1339250717,이릭의 제단
1340299295,베르메로그의 거미줄
1341347877,키나레스의 피 흘리는 징조
1342396463,이스트웰 공유지
1343445045,쉬지 않는 그리핀 로지
1344493643,그롤라돈 거미줄
1345542227,깃털과 거인 펍
1346590807,하스슬리의 근위대
1347640330,춤추는 늑대 펍
1348688911,키나레스의 침묵하는 신탁
1349737492,고튼 엔드
1350786075,크리스티나의 낡은 장소
1351834685,곤디스티르 연구소
1352884200,폰트본
1353932793,뉴위치
1354981376,키나레스의 침묵하는 재탄생
1356029978,옥스위치
1357078556,레이테일
1358127136,코퍼필드 묘지
1359176663,디어브리지 골짜기
1360225242,욤스턴 과수원
1361273834,버킹윙 묘지
1362322414,악마의 고슴도치 선술집
1363371960,하스햄 요새
1364420538,더러운 단검 로지
1365469134,키나레스의 통곡하는 승천
1366517712,크리스티비라의 낡은 오두막
1367566292,에벨로나의 낡은 오두막
1368614887,웨스트헤드 황야
1369663471,은빛 염소 여관
1370712999,바니비라의 낡은 장소
1371761579,버그트리 공유지
1372810157,박쥐와 근위대 호스텔
1373858736,엘리지사 평의회
1374907314,와일더햄
1375955892,키나레스의 신성한 빛
1377004474,바노나 마녀회
1378053055,그린햄 농장
1379101633,가어크로프트 저택
1380150225,머타워
1381198804,싱크로프트
1382248327,호무누체사 구멍
1383296906,호크턴의 근위대
1384345489,롱위치 엔드
1385394085,마스터햄의 근위대
1386443677,애슐리 홀
1387494257,킹잉 법정
1388549770,폰트호프 엔드
1389599343,그림턴
1390649917,펜월드
1391699491,모르기랴의 결사
1392748072,알드패스 홀
1393796650,우드하우스 농장
1394847220,마스터스턴 법정
67150,아크모어
1116757,디바드 기념비
2166310,싱베일
3214912,윅윙 장원
4264466,호크크로프트 궁전
5313044,우드하우스 농장
6361622,화이트호프
7410205,커크웨이
8459765,게레룰라 수도원
9508343,펜햄
10556943,제니타르의 신성한 빛
11606497,블랙워크
12655076,킹윙의 무덤
13703658,코퍼크로프트 저택
14752250,블랙캐슬
15801799,애슐리 과수원
16850396,폰트포트
17899942,킹하우스 장원 유적
18948530,모디크터의 탑
19997130,올드 벨라도다의 오두막
21046686,버킹필드 농장
22095265,제니타르의 무한한 성물
23143854,코퍼링 묘지
24193399,우딩 저택
25241983,우드필드 과수원
26290563,폰트리
27339154,미드카트
28387740,레이타워
29437289,애쉬스턴의 무덤
30485878,제니타르의 불타는 성물
31535433,올드 코퍼크로프트 오두막
32585005,호크슬리 묘지
33633593,스타데혼 성
34682192,펜모어
35731740,가어햄 농장 유적
36780324,버킹턴 장원
37829910,제니타르의 영원한 일출
38878489,코퍼햄 농장
39927067,와일더빌
40975647,탬모어
42024244,깃털과 구덩이 호스텔
43073763,버킹하트 묘지
44122351,싱모어
45170930,블라디바란의 은신처
46219510,욤슬리 성
47268121,욤스미스 탑 유적
48316706,마이의 신전
49366243,애쉬슬리 과수원
50414824,윅하트 묘지
51463413,마스터스미스 오두막
52512005,웨스트호프
53561525,제니타르의 불타는 선지자
54610108,올드 모르게인의 오두막 유적
55658686,윅슬리 장원
56707289,마스터턴 농장
57755889,무어스미스 저택
58804469,무어스턴 홀
59853997,올드 요밍 장소 유적
60902583,버킹슬리 농장
61951175,나이츠워스
62999754,홀워크
64048332,윅스미스 홀
65096927,위킹 저택
66146465,차포드
67195065,화이트카트
68244607,브로드브리지
69294187,레이테일 들판
70342766,바알브레리바 수도원
71391347,위킹 과수원 유적
72439938,레이포트
73488535,우즈슬리 묘지
74538050,올드 빅토리아의 장소 유적
75586640,나이츠위치
76635239,올드 벨라도다의 판잣집 유적
77684797,엘올다 숭배
78733375,애쉬하우스 농장
79781983,윅포드 농장
80831512,진홍빛 야만인 호스텔
81880098,화이트브론 홀
82928690,젠 로지
83977283,가어크로프트 농장
85025865,애쉬턴 공동묘지
86075382,애쉬슬리 저택 유적
87123972,욤햄의 거점 유적
88172558,버킹크로프트 농장
89221138,허스하트 오두막 유적
90269718,두더지와 드래곤 호스텔
91318301,가어필드 농장
92366881,워워스
93415479,두더지와 개 술집
94464996,램카트
95513577,생쥐와 악동 여관
96562160,욤스턴 지하 묘지
97610773,올드 모르고리아의 장소
98660302,올드 킹크로프트 오두막
99708899,그린하우스 과수원
100757504,올드 호크포드 오두막
101806087,레이월드
102855618,게라토스 구멍
103904201,그린포드 과수원
104952806,로디릭 아카데미
106002326,젠 로지
107050910,베라네자르 성
108099489,이신 마녀회
109148083,올드 크리스티나의 농장
110196692,드워프와 염소 호스텔
111246227,버킹슬리 저택
112294806,애쉬하우스 과수원
113343390,블라도반 백작 성
114391968,윅슬리 요새
115440546,짐 세이 신전
116489152,마스터스미스의 탑
117538658,레이패스 바위
118587238,살쾡이와 해골 선술집
119635819,툰레크
120684417,알딩패스
121732995,알딩크로프트
122781586,무어하트 오두막 유적
123830182,욤필드 농장
124879704,제니타르의 불타는 일출
125928302,캐스우드
126976887,허스턴 과수원
128026415,애쉬스미스 오두막 유적
129075012,올드 모르기사의 판잣집 유적
130123596,킹슬리 저택 유적
131172180,그린슬리 농장
132220765,애쉬슬리 공동묘지
133269366,가어링 저택 유적
134318886,버킹스미스 황궁
135367472,생쥐와 단검 호스텔
136416062,미드월드
137464659,레이햄
138514182,버킹필드 농장
139562779,버킹슬리 저택
140611357,킹포드 공동묘지
141659944,제니타르의 기쁜 성물
142709492,마스터턴 탑 유적
143758072,와일더데일 바위
144806670,킹하우스 홀
145856204,모르도르의 실험실
146904798,사자와 수사슴 여관
147953384,나이츠타워
149001963,트리스티낙 감옥
150050542,스토킹
151099147,롱샤이어
152147728,버그포트
153196306,알라보리안 감옥
154244896,우드햄 농장
155294424,싱베스
156343017,킹윙 황궁
157391605,허스슬리 거점
158441111,툰우드 히스
159489708,킹잉 코트 유적
160538290,툰타운
161586869,허스햄 성
162635452,제니타르의 내면의 일출
163684040,그린하우스 홀
164732630,탬호프
165781209,램햄
166829794,에드위발 아카데미
167878375,디바드 기념비
168927873,올드 라이솔다의 농장
169976466,윅크로프트 지하 묘지
171025055,마스터슬리 홀 유적
172073638,허스윙 저택 유적
173122226,젠 로지
174170804,무어크로프트 농장
175219409,욤포드 홀 유적
176268910,발테지스의 무덤
177317490,코퍼하우스 지하 묘지
178366070,마스터크로프트 홀
179414675,마스터슬리 코트
180463265,허스필드 공동묘지
181511853,가어윙 과수원 유적
182560434,코퍼슬리 황궁
183609012,짐 세이 신전
184657590,크롬베리 황야
185706174,올드 빅토나의 농장
186755665,올드 벨라디사의 오두막
187804256,올드 모르가우사의 오두막
188852841,발테론의 집
189901423,글렌포인트
190950013,그레이레이
191998594,버킹필드 저택
193047182,현자 기념비
194096699,무어필드 성 유적
195145284,호크햄 농장
196193889,우딩 농장
197242471,윅하트 홀 유적
198291087,허싱 성
199339665,욤턴 오두막
200389158,호타워 데리
201437746,그린슬리 농장 유적
202486329,탬타운
203534910,탬월
204583488,애쉬스미스의 탑
205632075,차렌햄
206680657,제니타르의 두려운 빛
207730195,사이의 성물함
208778788,레이샤이어 성당
209827390,와일더레이
210875985,캐롤로나 결사
211924573,마스터스미스 성 유적
212974062,애쉬하트의 탑
214022643,엘리조나 결사
215071221,킹햄 저택
216119806,가어스미스의 거점 유적
217168400,제니타르의 온화한 승천
218216978,그린윙 저택
219265565,윅슬리 거점
220314157,허스슬리의 탑
221362753,마스터슬리 오두막 유적
222412274,조드 신전
223460866,알딩턴
224509474,싱글레이
225558055,가어하트 저택
226606641,가어크로프트 농장
227656133,앤디낙 실험실
228704711,가어햄 공동묘지
229753293,버킹스미스 저택 유적
230801872,올드 모르가나의 장소
231850456,호크포드 농장
232899036,욤윙 농장
233947634,우드크로프트 과수원
234996237,날아다니는 구덩이 여관
236044827,나이츠크로프트
237094333,싱타워 촌락
238142957,싱포트
239191537,그린스턴 저택
240240119,그린하트 저택
241289612,폰팅
242338201,애쉬슬리 농장
243386786,인베로보르 성
244435367,마스터턴 오두막
245483959,무어하트 코트
246532558,립크로프트
247581137,가어크로프트 묘지
248629732,코퍼윙 황궁
249678316,그리닝 성
250726896,제니타르의 무한한 나무
251776427,마엘리테레나 저택
252825028,우드스미스 농장
253873626,베데인 실험실
254923113,가어크로프트 오두막
255971696,조드 신전
257020282,마스터턴 저택
258068866,이신 전통
259117445,발토보스의 지하 묘지
260166029,허스슬리 코트
261214607,킹하우스 농장
262263203,워카트
263311791,제니타르의 영원한 구원자
264361288,옥슬리
265409875,버킹잉의 무덤
266458470,가어크로프트 성 유적
267507070,무어스미스 묘지
268555648,마스터포드 장원
269604226,올드 욤햄 오두막 유적
270652806,무어스미스 농장
271701391,무어스턴 과수원
272749996,코퍼윙 농장
273799493,아크모스 엔드
274848074,욤포드 저택
275896660,올드 모르가나의 오두막 폐허
276945239,와일더헤드
277993818,호르브루
279042402,웨스트월드
280091005,그린포드 지하 묘지
281139589,허스하트 지하 묘지
282189086,버킹스턴 묘지
283237686,스토크브루
284286292,올드 코퍼스미스 오두막
285334871,코퍼링 농장
286383451,올드 빅틴의 거처 폐허
287432061,호링
288481539,윅포드 농장 폐허
289530156,코퍼포드 농장
290578743,올드 버킹턴 오두막
291627351,알라비스테어 연구소
292676850,욤윙 홀
293725428,검은 투구 여관
294774011,올드 이시나의 농장
295822590,허싱 그레인지
296871169,바리바레자르 남작 홀
297919748,에벨리비라 컬터스
298968329,애시하우스 홀 폐허
300016931,가어필드 묘지
301065532,우드스턴 농장
302114119,우드필드 저택
303163646,마스터스턴 농장
304212239,마스터링 묘지
305260828,올드 무어크로프트 오두막
306309407,무어하우스 농장
307358915,킹윙 성 폐허
308407497,윅윙 농장
309456083,올드 윅턴의 거처
310504701,발레브루세나 동굴
311553297,제니타르의 침묵하는 나무
312601877,우드필드 농장
313651365,올드 그린햄의 거처
314699980,에펜의 성소
315748568,그레이모어
316797150,윅스미스 지하 묘지
317845730,마스터턴 오두막
318894318,허스스미스 저택
319942907,올드 이시리아의 농장
320991488,킹엄 과수원 폐허
322040966,올드 바나비스의 거처
323089564,두그로드의 성소
324138147,가어슬리 농장 폐허
325186725,버그타워 코트
326235304,아크크로프트
327283897,목마른 수사슴 여관
328332478,킹엄의 요새
329381068,디바드 기념비
330429652,아크헤드
331478238,제니타르의 기쁜 영혼
332526826,무어필드 홀 폐허
333576314,탐웨이
334624902,가어필드 요새
335673503,우드크로프트의 무덤
336722084,차렌패스
337770688,호크스턴 농장
338819272,그린햄 그레인지
339867855,제니타르의 노래하는 순교자
340917340,킹슬리 저택
341965928,올드 엘리졸다의 오두막
343014544,더러운 우드척 로지
344063122,킹엄 농장 폐허
345111702,마스터스미스 농장
346160287,우드스미스 과수원
347209835,이스트우드
348258442,블라데히우스의 은신처
349307021,버킹잉 농장
350356513,욤스미스 저택
351405091,허싱 홀
352453674,애시크로프트 묘지
353502262,욤크로프트 탑 폐허
354550843,네크로멜레온의 집
355599421,람리
356648017,호크스턴 홀
357696598,비그릴의 성소
358745177,람모스
359793758,올드 엘레인의 오두막
360842370,버킹잉의 요새
361891846,가어링 저택
362940429,와일더웰
363989007,무어슬리 지하 묘지
365037588,더러운 진 여관
366086170,제니타르의 영원한 영혼
367134802,킹잉 오두막
368183390,차렌턴
369231971,그린포드 오두막
370280550,모리버스 홀
371330035,네부출람 성주
372378617,마스터크로프트 탑
373427199,버킹포드 오두막 폐허
374475821,가어스미스 경비대 폐허
375525361,립데일
376573941,그린슬리 농장
377622520,그린하우스 저택 폐허
378671099,제니타르의 영원한 우상
379719681,미드샤이어
380768274,와트리 숲
381816855,애시필드 농장 폐허
382865449,올드 크리스토나의 농장
383914031,킹윙 농장 폐허
384962610,크로스헤드
386012099,마스터턴 저택
387060681,가어링 성
388109267,쥐와 고블린 선술집
389157873,스토크캐슬
390207405,버킹엄 농장
391256003,애싱 저택
392304584,애시필드 과수원
393353179,호르헤드
394401763,제니타르의 축복받은 별
395450344,옥스타운
396498938,호킹 궁전
397548430,호크턴의 요새
398597046,롱캐슬 민스터
399645675,크로스워크
400694256,윅스턴 그레인지
401743756,허스스턴 묘지
402792347,네부초보르의 은신처
403840935,그린햄 궁전
404889519,은빛 야만인 로지
405938102,윅포드 요새 폐허
406986682,욤포드 오두막
408036193,짐 세이 성소
409084775,그린크로프트 궁전
410133368,황금 오소리 로지
411181973,베다르의 연구소
412230554,스토크햄
413279144,호르포트
414328657,마이의 성소
415377273,람테일
416425889,버킹엄 저택 폐허
417475379,우드하트 농장
418523973,우드크로프트 그레인지
419572586,욤슬리 농장
420621164,여왕의 요정 선술집
421670711,라엔의 성유물함
422719306,에드위위르 연구소
423767916,킹스미스 홀
424816506,그린하트 저택 폐허
425865991,코퍼슬리 저택
426914598,더러운 노움 선술집
427963178,버킹포드 탑 폐허
429011757,킹엄 코트 폐허
430060351,립포트
431108931,제니타르의 침묵하는 별
432157516,킹필드 묘지
433207020,미드타운
434255604,허스턴 오두막
435304182,그린슬리 저택
436352776,윅슬리 오두막
437401369,툰우드
438449947,제니타르의 내면의 선지자
439498526,코퍼스미스 요새
440547104,스트레너 헤이븐
441595698,호크하트 홀 폐허
442644281,제니타르의 피 흘리는 빛
443693823,알딩윅
444742437,무어슬리 과수원
445791932,제니타르의 노래하는 선지자
446840513,리시바라우스의 무덤
447889150,무어슬리 탑 폐허
448937736,모라토스의 소굴
449986319,업이지
451035820,허스스턴 농장
452084447,호무노곤 수도원
453133036,욤포드 홀
454181620,허스햄 코트
455231119,올드 벨라도다의 오두막
456279697,베로보르의 무덤
457328281,호크포드 코트
458376905,사이의 성유물함
459425485,애시햄 과수원
460475059,올드 우드크로프트 오두막
461523641,우드하우스 그레인지
462572220,킹잉 저택 폐허
463620798,버킹턴 농장
464670301,가어햄 저택
465718879,제니타르의 영원한 제단
254125,키에란 극장
1303690,커크베스 햄릿
2352284,트리스토어 연구소
3401853,마스터슬리 과수원
4451431,마라의 노래하는 빛
5500014,마라의 온화한 순교자
6549568,마라의 내면의 징조
7598148,허스하우스 요새
8647736,흰 염소 여관
9697304,울부짖는 그리핀 여관
10745891,이릭의 제단
11795453,그위노나 결사
12845024,욤크로프트의 요새
13893611,무어필드 농장
14943183,화이트포트
15992750,욤하우스 지하 묘지
17041339,녹색 우드척 로지
18090909,욤턴 탑
19141479,윅크로프트 오두막
20190063,호크하우스 홀
21241630,커크헤드 바위
22290211,호크윙 농장
23340783,진홍색 전갈 로지
24390361,윅크로프트 요새 폐허
25439935,윅슬리 묘지
325404,파알렘 성
1373982,셀파 농장
2424556,부비시다타
3474137,로르케 홀
4535696,팔라톤
5585279,포줌 요새
6634853,센티넬
7684419,아겔리렛
8733005,두더지와 진 선술집
9782562,데좀 탑
10831143,메르그 농장
11880734,클롤폰 탑
12930287,잘로니아
13978869,라케 코트
15027455,리니사
16077012,보삼 농장
17125612,메시톤
18175166,야거토스의 둥지
19223747,피쉬 저택
20272325,타수-고라
21321890,나레사
22370472,올드 블리슈텐의 거처
23419056,나리리렛
24467634,아케이의 신성한 나무
25517216,이스파카비
26566769,바알레브론 수도원
27615348,움반다디수
28664932,부보파다
29713513,아케이의 피 흘리는 구원자
30762091,여왕의 늑대 여관
31811644,올드 로스키의 오두막
32860226,로르트-아이의 오두막
33908814,클라넴의 요새
34958376,슬리필케 농장
36006958,카오르톰 성
37055545,파름 농장
38105100,시아크 농장
39153678,아카하누
40202270,아코투다타
41251811,음지-이즈
42300408,클레르크바 교단
43348986,크로쉬 농장
44397569,올드 푸르쿰 장소
45447118,고톤 홀
46495699,안텔라즈다
47545267,제누흐노
48593849,가르센의 지하 묘지
49642443,크리스-시의 오두막
50691023,피르투르 저택
51740574,잘라-코롬
52789156,사훌라 구멍
53837745,디브카의 오두막
54887304,황금 늑대 여관
55935882,올드 라름 오두막
56984466,깃털과 투구 숙소
58033062,자굼바-콤
59082633,아푸투완
60132186,이사쿠투다
61180773,마코라나
62229351,시스트-케른 법정
63278911,모가렛
64327493,모갈라자
65376071,춤추는 사제 선술집
66424659,구르티르 법정 폐허
67473237,목마른 새끼 사슴 술집
68521817,케르크테 홀
69570397,호무나테우시아 동굴
70619940,크라트의 경비대
71668522,두꺼비와 검 숙소
72717110,붉은 전갈 호스텔
73765699,라르프-케른 저택
74815237,돌론 저택
75863816,블로브타의 옛 농장
76912400,아케이의 눈물짓는 별
77960988,카조아제트
79009568,카지시자
80058146,버젬 농장 폐허
81106729,바하자르
82157267,플랄프-케른 궁전
83205851,올드 매치 오두막
84254435,게슈르 농장
85303018,시에자 홀
86351605,디스피오스 동굴
87401141,아케이의 눈물짓는 일출
88449726,아케이의 통곡하는 징조
89498320,나로누
90546901,탈피르 과수원
91595492,사나운 경비병 여관
92644073,올드 투쉬 장소
93692652,루즈텐 오두막
94742177,마코디수
95790755,체테투리아
96839363,피르탄 광산
97887951,글루그텐 궁전
98936585,큐올웬의 성소
99986051,왕의 주전자 술집
101034655,모링기스 가문
102083241,블레스키 마녀회
103131835,노르드가의 오두막
104181366,라미리라나
105229947,아케이의 무한한 승천
106278527,라메미-고라
107327113,키르프카의 오두막
108375695,자비리카트
109424282,올드 베숨 오두막
110472862,호무누아젝스 공동
111521446,여왕의 지하 감옥 숙소
112570043,베르나르 농장 폐허
113618647,미르프티의 오두막
114668122,블롤드-케른 탑 폐허
115716713,쿠데나-하시
116765292,슬러참 농원
117813883,올드 메스른 장소
118862482,올드 파우르트 장소
119911071,쿠다카사
120959655,부붐바레트
122008238,카바르 오두막
123056817,더러운 머그잔 선술집
124105395,부바크자
125153973,호무네우수나 동굴
126203456,은빛 지하 감옥 숙소
127252047,베르비우스
128300638,비버와 성 여관
129349225,코즈 농원
130397815,아케이의 온화한 우상
131446419,부친 농장
132495934,세로파토르
133544527,세랄라플렉스
134593108,이사쿤누제트
135641692,코르니르 농장
136690281,라네라자
137738881,올드 닐펜 오두막
138787459,주빈자 공동
139836037,아키이레아
140884621,블로즈 저택
141933199,아카스쿠-이즈
142981779,비명 지르는 악동 숙소
144031241,피부다
145079819,아케이의 불타는 별
146128402,올드 레르카르 오두막
147176980,피토투라나
148225560,미르키의 옛 장소
149274154,블라콤의 경비대
150322733,카이기르 저택
151371314,타르파의 옛 장소
152419897,라에르크 저택
153468490,틀루탐의 실험실
154517069,기사하-고라
155565660,기소투카트
156614240,블루벰의 영지
157662818,여우와 고블린 술집
158711409,나릴리시아
159759993,나로하노
160809483,포첸 궁전 폐허
161858063,크레그타의 옛 농장
162906654,블루르크의 경비대
163955235,바르콤 오두막
165003824,춤추는 성 선술집
166052413,마르거 오두막
167100998,페오나하웨인
168149585,아케이의 무한한 선지자
169198172,그루트가의 오두막
170247638,안텔릴리가
171296217,아케이의 통곡하는 일출
172344797,보그케 성
173393385,올드 폴디 오두막
174441987,엘릴라비
175490582,디스핀시바 대성당
176539167,움보코-콤
177587755,아케이의 눈물짓는 우상
178636347,제노구스
179685833,카진리아
180734421,카지아
181783002,아트루히사
182831584,다차르의 무덤
183880163,두꺼비와 지하 감옥 여관
184928743,그리체 홀
185977336,아트릴라완
187025920,잘루토르
188074499,쿠디플렉스
189123089,쿠데흐제트
190171672,올드 피르프른 오두막
191220255,올드 파우치 오두막 폐허
192268840,불운한 거인 숙소
193317420,코르두르 농장
194366886,실렌 법정
195415468,칼로톤
196464054,레흐 저택
197512674,바가스타라나
198561285,올드 데즈케른 오두막
199609866,아케이의 무한한 제단
200658458,사일 저택
201707956,아케이의 무한한 순교자
202756537,니르크사의 오두막
203805122,타시의 오두막
204853703,올드 라에잔 오두막
205902287,올드 크레스타 오두막
206950866,아케이의 신성한 순교자
207999446,라침 요새
209048027,베르베투카트
210096606,랄프텐 홀 폐허
211145193,베르비시아
212193771,더러운 고슴도치 숙소
213242362,아피리노
214290948,오셀라
215340401,다마스타-코롬
216388979,이사쿰바안
217437562,를루크트사의 오두막
218486159,라김 농장
219534738,이사케투비아
220583318,마케미가
221631903,아카아크비
222680497,툴라에미-콤
223729099,툭타의 옛 농장
224777690,쇼즈 성
225826282,툴라우스
226875777,카온타의 오두막
227924361,기좀의 영지
228972944,붉은 거인 선술집
230021533,생쥐와 새 술집
231070111,호리아
232118692,박트파의 옛 장소
233167272,슬로눔 홀
234215850,블로스 법정
235264428,마엘로타 은둔처
236313008,모가카
237361590,그룰단 농장
238410170,쿡트 홀
239458762,모기사
240507343,움바크완
241555924,아케이의 노래하는 구원자
242605374,구르네 저택
243653957,네트사 전통
244702540,사하스 구덩이
245751134,아케이의 축복받은 별
246799718,더러운 주전자 숙소
247848301,이스포파오
248896886,마우르프 저택
249945498,이스피제르
250994076,시루르 홀
252042656,티르다르 홀
253091257,아케이의 무한한 영혼
254140714,풀의 실험실
255189297,부비부레그
256237886,생쥐와 성 술집
257286491,왕의 고슴도치 선술집
258335089,제나노
259383674,플레르테 홀
260432254,주빌론 수도원
261480842,부르켐 성
262529420,악마의 성 술집
263577998,로갈랄라
264627462,녹슨 고양이 숙소
265676046,리스 저택
266724628,카조하레트
267773206,펠드 묘지
268821829,바엘레 저택
269870409,사나운 오소리 여관
270918990,베라자
271967574,슈리스 저택
273016156,보하웨인
274064736,아케이의 즐거운 구원자
275113325,잘라스쿠-코롬
276161913,잘렐리안
277210499,다크히스 공작의 저택
278259078,폴카 결사
279307657,오시시비아
280356235,아케이의 신성한 징조
281405682,세다하-콤
282454260,플루르멤 농원
283502860,포스트의 영지
284551465,여왕의 성 술집
285600052,아케이의 영원한 순교자
286648633,생쥐와 틈새 선술집
287697222,메소투우스
288745811,클룸 과수원
289794391,베르치 농장 폐허
290842979,메실리니스
291892447,올드 부흐타 오두막
292941038,글루필람 농장
293989630,아케이의 내면의 우상
295038211,살쾡이와 늑대 호스텔
296086790,라오줌 홀
297135398,늙은 크룰프티의 거처
298183985,늙은 두치파의 거처
299232589,바길리디수
300282062,바르크'컨 묘지
301330649,아코아이사
302379229,헬텐 거미줄
303427809,토르칸 농장
304476407,늙은 노슈티의 거처
305524994,아포니완
306573574,나는 고양이 로지
307622155,아케이의 피 흘리는 우상
308670738,타소아토르
309719344,아케이의 통곡하는 예언자
310768824,왕의 고슴도치 호스텔
311817403,글리자르 농장
312865995,늙은 로른티의 오두막
313914585,늙은 코그파의 오두막
314963180,기실리레아
316011767,아케이의 불타는 승천
317060349,사이숀 농장
318108927,토솜 광산
319157507,돼지와 전갈 주점
320206085,다밀라-이즈
321254666,글롤푼 저택
322303254,다메호
323351849,티'익테의 지하 묘지
324401293,툴라우레그
325449874,미가르 농장
326498453,푸'브의 감옥
327547038,페오누흐노
328595621,베'그타 결사
329644199,페오놀라
330692777,늙은 티'이른카의 오두막 유적
331741402,아케이의 두려운 구원자
332790000,후-하시
333838583,히닥스
334887187,안텔레흐레트
335936640,늙은 를레흐템 오두막
336985225,바알릴로네나 동굴
338033803,늙은 F'알드-시의 오두막
339082389,헬리라스의 거미줄
340130967,와디주안
341179548,를렐딤 탑 유적
342228130,테'게틴 농장
343276714,와디자비아
344325309,웃는 고양이 로지
345373892,라모가
346422472,늙은 V'아르프-에의 거처
347471056,웃는 고양이 여관
348519642,늙은 라그톰 거처
349568237,드루루고스의 둥지
350616818,라마스타-코롬
351666283,쿠데미-콤
352714870,글루탐 과수원
353763451,쉬지 않는 고블린 주점
354812053,서드 농장
355860631,늙은 랄둠 거처
356909248,크랄림 오두막
357957829,쿠디리우스
359006411,클리르다르의 지하 묘지
360055004,부반다니스
361103586,부르트 궁정
362152164,늙은 툴드타의 오두막
363201614,행운의 그리핀 주점
364250193,추름타 저택
365298774,아케이의 영원한 나무
366347353,주비아모르곤의 동굴
367395941,자구투디수
368444530,박쥐와 전갈 로지
369493110,로게나리아
370541697,데미블레룰라의 은신처
371590278,늙은 컬론 거처
372638871,칼루투아라
373688372,칼룸바이사
374736983,틀롤레 농원
375785564,플레르콤 무덤
376834145,바가카완
377882732,게린쿨라의 동굴
378931318,보아르흐텐 요새
379979901,아케이의 즐거운 신탁
381028481,건달과 거인 주점
382077064,두'시르 금고
383125647,모르크 농장
384174228,늙은 그리사의 거처
385222811,베미토르
386271403,진홍빛 검 로지
387319983,늙은 D'올키의 거처
388368564,생쥐와 머그잔 여관
389418007,오수자
390466595,오산다레아
391515173,늙은 네필타의 오두막
392563752,오소-이즈
393612332,세두투오
394660910,세도제르
395709505,디르크'컨 농장
396758104,아케이의 무한한 구원자
397806706,슬레필 저택
398855285,틀라곤 요새
399903865,늙은 코르그른 거처 유적
400953349,블로캄 탑
402001938,모르케우스의 구덩이
403050520,모리라나
404099102,세라카-고라
405147682,늙은 블리르크 오두막
406196267,록터 탑
407244846,늙은 바스툰 오두막
408293426,비명 지르는 사제 여관
409342007,세레카트
410390613,이사카크레그
411439225,나는 주전자 로지
412488682,아쿨라
413537270,Q'올웬의 성소
414585848,후필리르 탑
415634430,박쥐와 그리핀 호스텔
416683020,아케이의 통곡하는 나무
417731598,아케이의 축복받은 승천
418780198,아케이의 거룩한 일출
419828786,아카-하시
420877371,미'이스른 금고
421925953,플레르크 농장
422974534,부르네 홀
424023114,타살라닥스
425071695,늙은 누룸 오두막
426120276,타소파레트
427168871,블라둘론의 소굴
428218329,피툰누웨인
429266914,기세라-타르
430315513,왕의 드래곤 로지
431364113,늙은 포즈타의 오두막
432412694,기시안
433461277,투르크 홀
434509867,모가스쿠비아
435558458,를리즈른 무덤
436607039,나리부가
437656528,춤추는 노움 호스텔
438705113,푸르간 저택
439753693,보아벤의 경비대
440802271,쇼르캄 과수원
441850856,시오르톤 홀
442899468,토르크트 오두막
443948047,미부-콤
444996633,쿠르그 농원
446045211,늙은 빌판 오두막 유적
447093790,늙은 V'오르크-에의 오두막
448143268,비'이르트'컨 농장
449191848,슈리르크트 농장
450240428,노브 홀
451289007,틀로르기르 궁정
452337589,세토투우스
453386186,행운의 투구 여관
454434771,세탈라니스
455483368,늙은 비르캄 거처
456531962,파포하다타
457580540,수줌 무덤
458629150,세빔 농장 유적
459678628,바오르케의 요새 유적
460727214,무름타 마녀회
461775792,늙은 스티트사 거처
462824397,안텔리시완
463872992,늙은 거트타 거처
464921581,늙은 넬드 거처
465970159,게브 저택
467018739,다르쿨루스의 고분
468067325,블리체 홀
469116791,나는 노움 로지
470165371,마름 궁정
471213968,제나하제트
472262556,제노투자
473311152,진홍빛 새끼 사슴 여관
474359736,스쿨가록 거미줄
475408322,초그케 요새
476456907,불운한 새끼 사슴 호스텔
477505490,라바르 궁정
478554079,호무니오티아 수도원
479603558,아즈돈의 횃대
480652143,라밀리오
481700723,카조구제르
482749324,말파르 홀
483797907,자보코톤
484846526,루필란 실험실
485895104,아트라드라나
486943683,아트로니-고라
487992270,쿠다드카트
489041737,메세흐레트
490090344,티'이르콘 요새
491138924,쉬지 않는 머그잔 주점
492187517,늙은 티'올프카의 오두막
493236096,노춘 저택
494284702,쿠신 과수원
495333296,아케이의 즐거운 승천
496382795,바르딤 요새
497431374,보르체르 묘지
498479958,마린쿨라 동굴
499528536,시가르 요새
500577136,베르빈비아
501625721,아푸가
502674301,늙은 글로그 오두막
503722888,오수흘라
504771466,블로흐텐 황궁 유적
505820071,카즈 성채
506869549,케흐테 탑
507918129,리토베자르 성
508966713,부르콤 매장지
510015305,늙은 슈리그 오두막
511063883,노짐 과수원
512112475,생쥐와 근위병 주점
513161063,초쉬 농장
514209666,늙은 카오시의 오두막 유적
515259164,시루후스
516307753,스쿨고스 거미줄
517356331,비명 지르는 머그잔 로지
518404920,미투르 농장
519453525,소반 묘지
520502103,드루가돈의 둥지
521550693,피티니스
522599291,덱템 농원
523648777,다메디수
524697359,바알로기테르의 구덩이
525745985,다미리리아
526794575,카악템 홀
527844065,플라르'컨 농장
528892646,늙은 블라르드-이의 오두막
529941225,목마른 사제 호스텔
530989803,라르김 요새
532038381,이사케아라
533086970,카'스 과수원
534135582,다르담 저택
535184163,늙은 발디 거처
536232743,사에르 농장
537281340,이사키리이사
538329931,데흐톰 요새
539379420,조드 성소
540427998,마카완
541476617,나는 수사슴 호스텔
542525204,코숀 탑
543573785,아케네이터
544623294,카우브 농원
545671925,행운의 사향쥐 주점
546720528,라탐 유적
547770073,헤미오
548818651,웃는 심연 주점
549867262,아케이의 두려운 나무
550916807,레스트'컨 저택
551965404,모기리자르
553013995,아즈라돈의 둥지
554063529,쉬지 않는 사향쥐 여관
555112108,릴리플란 그레인지
556160715,검은 검 여관
557209294,세즈 광맥
558258839,더러운 야만인 오두막
559307423,이스페미레트
560356005,오래된 플라즈른 판잣집
561404600,아구하
562453178,아간다웨인
563502730,오래된 수시 판잣집
564552290,아케이의 눈물 젖은 재탄생
565600898,사자와 마멋 여관
566649483,카지니스
567699020,악당과 수사슴 여관
568747611,플러트의 무덤
569796204,오래된 코르그타 오두막
570844783,오래된 보스바의 판잣집
571894322,틀리탐 오두막
572942907,누크타의 거점
573992478,불운한 머그잔 여관
575043054,아케이의 기쁜 나무
118395,마스터포드 묘지
1166987,안텐 둥지
2216540,차마켓
3265118,폰트캐슬
4313703,킹턴 저택
5362289,펜베일
6410871,허스포드의 무덤
7459454,우드윙 저택
8508040,반워스
9557559,그리닝 그레인지
10606157,윅턴의 무덤
11655702,업워스
12704280,오래된 욤크로프트 오두막
13752858,마라의 고요한 별
14801441,마라의 통곡하는 나무
15850030,윅필드 저택
16898609,홀게이트
17947203,홀샤이어
18995798,호크윙 저택
20045303,가렐라 경의 무덤
21093929,그리미지
22142516,마라의 영원한 제단
23192028,호캐슬
24240615,생쥐와 경비병 호스텔
25289196,트리스틴 교화소
26337779,오래된 코퍼하트 판잣집
27386366,코퍼턴 농장
28434955,버킹스미스 농가
29483533,버킹잉 농가
30532138,로디스테어 요새
31581655,허스턴 오두막
32630238,브로드테일
33678818,윅크로프트 오두막
34727416,오래된 모르게인의 오두막
35775994,마라의 영원한 신탁
36824589,우드턴 농가
37874104,허스윙 홀
38922701,킹포드 저택
39971281,킹엄 홀
41019867,블랙타운
42068452,입스테일
43117971,알딩체스터 황야
44166549,알딩트라이
45215133,다코굴론 성
46263731,블랙브루
47312325,에드워리안 감옥
48361881,호크슬리 탑
49410462,바비비라 결사
50459061,그레이월드 데리
51507639,악당과 단검 술집
52556217,예라스락
53604804,크로스게이트 코트
54653383,호무누코스 동굴
55701961,디스판크시바 수도원
56751485,마라의 기쁜 순교자
57800087,백성 오두막
58848692,마라의 영원한 신탁
59898188,롱브론
60946771,박쥐와 저그 여관
61995363,윅크로프트 농가
63043962,불운한 전갈 술집
64092541,호크윙 코트
65141130,호크턴 지하 묘지
66189712,롱타운
67238298,호브론
68287809,알들리
69336393,윅스턴 저택
70384981,오래된 호크윙 판잣집
71433594,오래된 호크턴 판잣집
72482174,애시슬리 저택 폐허
73531685,브로드타운
74580268,디바드 기념비
75628856,오래된 그린필드 장소
76677435,키에란 극장
77726018,가어슬리 오두막
78774608,은빛 구덩이 오두막
79823192,브로드캐슬
80871773,카롤라라 결사
81921286,갈로이드지
82969867,버킹하우스 홀
84018460,펜워크
85067053,애시햄 저택
86115634,욤하트의 거점
87164221,윅슬리 궁전
88212822,마라의 온화한 신탁
89261451,블랙월
90310032,나이츠크로프트 자치구
91358614,스톡위치 촌락
92408040,여왕의 오소리 호스텔
93456635,버킹스턴 묘지
94505213,비명 지르는 해골 술집
95553801,옥스월
96602382,마라의 영원한 예언자
97651013,윅슬리 과수원
98699598,우드포드 탑
99748176,비명 지르는 진 오두막
100796784,킹엄 묘지
101845370,나이츠브리지
102893955,녹슨 새끼 사슴 호스텔
103943378,킹슬리 그레인지
104991957,롱모어
106040551,그리닝 저택
107089131,드워프와 사향쥐 오두막
108137730,에블린 숭배
109186310,오래된 우드크로프트 판잣집
110234891,오래된 엘리비라의 농장
111283469,검은 검 오두막
112332048,버킹하트 묘지
113380633,두난 채석장
114429212,고스위치
115477802,윅하우스 농장
116526387,호크포드 저택
117574971,모다드 채석장
118623583,윅스턴 저택 폐허
119672165,차렌브루
120721599,우드포드 농가
121770182,체스터포트
122818776,욤슬리 코트
123867366,욤슬리 저택
124915966,마라의 거룩한 승천
125964565,오래된 허스포드 판잣집
127013144,마스터스미스 묘지
128061727,마라의 무한한 유물
129110305,브로드헤드
130158885,호크윙 묘지
131207464,우드턴 저택
132256042,우드햄 폐허
133304621,반베일 촌락
134353217,오래된 버킹필드 판잣집
135401809,애시포드 저택
136451231,비명 지르는 틈새 여관
137499812,무어스턴 농장
138548448,허스하트 오두막
139597028,탐레크
140645609,차호프
141694188,쥐와 머그잔 오두막
142742777,갈로월
143791383,갈로베일
144839982,크리스탄나 숭배
145888575,그린윙 성채
146938011,뉴호프 들판
147986589,우즈슬리 묘지
149035172,비명 지르는 노움 여관
150083753,곤다스티르 실험실
151132336,캐스햄
152180926,애시슬리 성
153229526,코퍼크로프트 저택
154278115,오래된 카롤리비라의 농장
155326699,버킹윙 궁전
156375278,가어턴 농가
157423861,마라의 내면의 영혼
158472441,뉴월
159521019,그린슬리 묘지
160569597,무어포드 농가
161618179,무어햄 오두막
162666769,코퍼스미스 오두막
163715348,아캄
164763930,그린하트 저택
165812509,우드하우스 묘지
166861936,애시하우스 농가
167910520,윅포드 농가
168959103,윅하트 과수원
170007688,허스턴 경비대 폐허
171056283,호게이트
172104872,데만크세나 동굴
173153450,코퍼포드 그레인지
174202031,버킹엄 농가
175250609,우드필드 경비대
176299187,애시하우스 홀
177347767,여우와 수사슴 술집
178396366,마엘루키스 회랑
179444981,버그워스 엔드
180493566,마라의 눈물 젖은 재탄생
181542155,이스트캐슬
182591573,오래된 우드스턴 판잣집
183640156,비버와 사제 오두막
184688745,차본 숲
185737334,비버와 머그잔 여관
186785912,빅타라 숭배
187834493,애시필드 농가
188883071,차렌워크
189931677,크로미지
190980265,호크하우스 농가
192028849,호크슬리 그레인지 폐허
193077427,곤디스티르 터널
194126010,크롬워크
195174590,마라의 영원한 나무
196223168,허슬리 매장지
197271746,애시포드 농장
198320329,마스터포드 탑
199368907,검은 틈새 오두막
200417485,브로드웰
201466067,백색 사제 호스텔
202514658,아노트보르
203563246,호크스미스의 거점
204612681,요밍 그레인지
205661268,입스위치
206709849,발렉스 골짜기
207758443,허스크로프트 홀
208807026,킹엄 코트
209855607,레이브리지
210904185,호크필드 저택
211952763,페라드 성채
213001344,그레이본
214049928,마라의 축복받은 재탄생
215098506,모르키테리바의 은신처
216147101,알딩본 공유지
217195704,허슬리 저택
218244303,애시슬리 농가
219293722,허스턴 탑 폐허
220342303,버킹스턴 저택
221390883,디어위치
222439463,디어브루
223488041,비그릴의 신전
224536620,오래된 반나나의 농장
225585210,마스터턴 그레인지
226633838,무어햄 홀
227682422,업위치 엔드
228731022,킹하우스 과수원
229779602,오래된 엘리자나의 판잣집
230828182,애시크로프트의 무덤
231876771,오래된 빅틴의 농장
232925358,가어스턴 그레인지
233973937,반브루
235022516,마스터포드 저택
236071110,울부짖는 진 여관
237120516,아크데일
238169124,마라의 두려움에 떠는 예언자
239217704,블라도밤 백작의 묘지
240266285,앙고스의 거미줄
241314865,아크위치
242363447,머트리
243412045,오래된 애싱 장소
244460625,폰트모스
245509216,마라의 무한한 승천
246557797,탬트리
247606376,무어스미스 농장
248654985,코퍼링 저택
249703566,코퍼필드 저택
250752144,나는 고블린 여관
251800743,하얀 진 술집
252850153,킹스턴 농장
253898735,그린필드 농장
254947321,반디의 사당
255995899,마라의 침묵하는 제단
257044480,우드하우스 농장
258093066,엘리사 할머니의 오두막
259141676,스톡레크
260190258,악당과 구덩이 여관
261238850,로도리안의 요새
262287447,스타다니우스의 묘지
263336026,마라의 침묵하는 우상
264384604,호크햄 홀
265433182,호크크로프트 저택
266481765,배엘마켓
267530348,리시사 마녀회
268578932,사히아밍크스의 은신처
269627517,워크로프트
270676099,알드월
271724679,애시하우스 농장
272773265,가어슬리 농장 폐허
273822681,브로드베일 코트
274871260,턴리
275919865,롱패스
276968447,가어스턴 저택
278017033,가어윙 궁전
279065617,마스터포드 농장
280114198,커크몬트
281162790,무어링 저택
282211400,오래된 하스필드 오두막
283259985,에드워어의 실험실
284308579,킹크로프트 저택
285357183,우드크로프트 홀 폐허
286406589,하스윙 탑
287455167,램우드 황야
288503751,코퍼슬리 무덤
289552333,버킹슬리 농장
290600912,크로스호프 코트
291649492,버킹턴 성채
292698076,우드윙 탑
293746659,마스터슬리 저택 폐허
294795264,윅크로프트 농장
295843842,생쥐와 그리핀 여관
296892462,무어윙 농장
297941042,펜리
298989640,펜샤이어
300038224,마라의 타오르는 일출
301087647,옥스캐슬
302136233,배엘리지
303184853,차모스
304233436,뉴카트
305282017,두노리안 요새
306330605,애시하우스의 경비대
307379188,마라의 노래하는 유물
308427773,진홍빛 거인 호스텔
309476355,이솔다 할머니의 농장
310524952,마라의 영원한 구원자
311573534,갤로위치
312622126,그레이카트
313670709,그린스미스 과수원
314719291,호크슬리 코트
315767871,우드턴 묘지
316816456,윅필드 묘지
317865034,와일더모스
318913613,크로스턴 자치구
319963022,폰트위크
321011609,버그포드
322060187,젠 여관
323108774,마스터하트 묘지
324157352,마라의 신성한 나무
325205944,버그월드
326254573,그림브리지 숲
327303165,캐롤리나 할머니의 농장
328351754,마라의 눈물 흘리는 별
329400336,그린턴 탑
330448915,마스터하트 농장
331498351,빅톨다 숭배
332546932,차타워
333595515,마라의 타오르는 나무
334644108,크롬베리
335692760,롱턴
336741354,마라의 통곡하는 징조
337789932,가로메자르의 묘지
338838511,화이트위치 공유지
339887111,호크슬리 저택
340935703,코퍼하트 성채
341984283,알드헤드
343033689,가어턴 저택
344082283,펜트리
345130862,마스터스턴 농장
346179460,무어하트 궁전 폐허
347228045,이스트베리
348276633,업위크
349325211,오래된 코퍼윙 오두막
350373790,바알레우스 수도원
351422373,스톡턴
352470952,그린크로프트 농장
353519548,펜리지
354568139,호무니아물 사당
355616731,앤딘의 감옥
356665314,롱트리
357713907,가어링 묘지
358762492,고스카트
359811902,악당과 늑대 여관
360860483,코퍼스턴 저택
361909065,모르키테룰라의 동굴
362957643,바레자르의 무덤
364006245,마스터링 묘지
365054840,마라의 피 흘리는 예언자
366103418,그린필드 성
367152030,마라의 통곡하는 구원자
368200631,마스터턴 농장
369249211,무어하우스 탑
370297797,그린크로프트 농장
371346381,코퍼필드 농장
372394959,코퍼슬리 농장
373443540,버킹슬리 농장
374492127,코퍼윙의 요새
375540712,램헤드
376590140,윅햄 탑
377638718,하얀 틈새 호스텔
378687314,마라의 영원한 영혼
379735897,턴타운 정원
380784496,웃하드의 경비대
381833084,리토마우스 성
382881677,호크슬리 묘지
383930315,웨스트모스
384978898,호크슬리 저택
386028313,코퍼필드 묘지
387076892,애시슬리 코트
388125482,호크턴 저택 폐허
389174070,호크스미스의 무덤
390222652,헤즈노커의 거미줄
391271240,검은 해골 여관
392319818,욤턴 저택 폐허
393368429,캐스베일 골짜기
394417017,뉴레크
395465596,마라의 온화한 유물
396514184,워베스
397562785,마그노본의 영묘
398611370,킹필드 홀
399659952,춤추는 사제 선술집
400709373,하스크로프트 농장
401757960,블라도보스 홀
402806544,더러운 개 술집
403855132,쥐와 수사슴 여관
404903722,버킹슬리 금고
405952317,탬햄
407000895,우드하우스 저택
408049473,업월
409098058,우드필드 저택 폐허
410146641,하스스미스 농장
411195219,마라의 신성한 유물
412243832,윅윙 농장
413292411,홀리
414340990,모르기나 할머니의 오두막
415389590,호킹 농장
416438171,롱월드 수도원
417486749,오래된 우드윙 오두막
418535327,캐롤라라 할머니의 농장
419584734,그린턴 농장
420633334,오래된 가어스미스 장소
421681928,뉴모스
422730506,크롬워스
423779099,크롬리 숲
424827677,하스슬리 농장
425876270,업캐슬
426924854,화이트우드
427973450,킹하트 과수원
429022042,체스터리지
430071520,마라의 무한한 징조
431120102,애시슬리 저택
432168682,발토몬의 고분
433217261,체스터마켓
434265852,워마켓
435314433,그린필드 금고
436363035,입스카트 바위
437411619,마라의 무한한 예언자
438460200,우드윙 무덤
439508779,머캐슬 정원
440557358,버킹슬리 농장
441605936,마라의 내면의 빛
442654517,가어포드 홀
443703117,마스터햄 코트
444751702,화이트크로프트 황야
445800291,윅포드 성
446848880,무어윙 궁전
447898287,하얀 야만인 선술집
448946871,차웰
449995449,마리블라스 수도원
451044032,로다드 요새
452092610,엘로나 할머니의 장소
453141194,배엘위치
454189803,하싱 홀
455238383,마라의 축복받은 예언자
456286965,갤로베스
457335545,모르기사 전통
458384125,디어본
459432709,이릭의 제단
460481306,검은 단검 호스텔
461529895,우드슬리 코트
462578475,곤디스테어 교정원
463627068,욤스미스 매장지
464675667,조드 사당
465725091,웨스트마켓
466773678,아크모어 수도원
467822261,그린슬리 탑
468870843,알드샤이어
469919424,애시하우스 탑
470968010,커크위치 정원
472016618,블랙트리
473065199,욤슬리 코트
474113780,탬포트 정원
475162360,모리만 홀
476210950,아스메우수나 수도원
477259566,목마른 드래곤 호스텔
478308992,바니리아 할머니의 오두막
479357576,나이트스트리 언덕
480406160,싱체스터 코트
481454739,브로드패스
482503329,브로드크로프트
483551914,욤포드 궁전
484600496,우드스턴 성채
485649078,홀리
486697658,커크호프
487746236,무어턴 무덤
488794815,코퍼윙 매장지
489843408,무어하트 농장
490891993,무어크로프트 농장
491940574,코퍼슬리 저택
492989193,폰트크로프트
494037771,아크트리
495086371,호크윙 궁전
496135782,늙은 바바우사의 오두막
497184364,옥스모스
498232948,행운의 우드척 여관
499281534,윅윙 저택
500330128,욤스턴 묘지
501378715,허스슬리 묘지
502427296,마라의 두려운 승천
503475885,코퍼하우스 저택
504524478,입슬리 언덕
505573073,버킹턴 궁전
506621651,마라의 온화한 나무
507670230,늙은 애싱 오두막
508718824,발테지온의 영묘
509767405,반디의 사당
510815992,크롬체스터
511864581,앤디릭의 근위대
512914001,그림윅
513962582,윅하트 농가
515011167,쥐와 고양이 여관
516059757,호크슬리 홀
517108342,마라의 축복받은 영혼
518156922,인베로거스 성
519205503,업게이트
520254085,늙은 버킹크로프트 오두막
521302671,애시하우스 저택
522351262,늙은 애시윙 오두막
523399843,마라의 노래하는 구원자
524448433,늙은 벨라딘의 거처
525497047,알딩이지
526545625,웃는 진 숙소
527594206,홀카트
528643667,가어햄 묘지
529692249,다케나우스 홀
530740837,데모르곤 수도원
531789425,킹하우스 코트
532838014,윌더모어
533886600,알딩타운
534935181,비명 지르는 근위대 선술집
535983772,여우와 고블린 숙소
537032352,그린하우스의 지하 묘지
538080932,블라둘론 홀
539129515,허스햄 농장
540178116,애시크로프트 저택
541227567,코퍼스미스 저택
542276149,킹스턴 농가
543324746,블랙샤이어
544373332,그롬라스 둥지
545421910,가어햄 농가
546470493,가어스미스 저택
547519073,마스터스턴 궁전
548567652,우즈슬리의 탑
549616234,뉴웰
550664828,로디낙 광산
551713407,벨라도나 공동체
552762024,마라의 영원한 구원자
553810613,마엘레벡스 구덩이
554860041,호크필드 지하 금고
555908620,허스스턴 저택
556957205,호크스미스 코트
558005786,마스터햄 농장
559054380,데미테레나 동굴
560102966,마라의 내면의 구원자
561151573,마라의 신성한 징조
562200177,코퍼턴 농가
563248777,마라의 무한한 나무
564297355,버킹하트 과수원 유적
565345938,미드윅
566395375,버그워스
567443968,크롬타운
568492567,늙은 바바우사의 농장
569541164,행운의 야만인 숙소
570589742,마스터윙 묘지
571638320,호크윙 농가
572686907,쥐와 우드척 숙소
573735499,옥스트리
574784077,늙은 코퍼크로프트 오두막
575832657,킹하트 농장
576881236,다키바리스의 집
577929839,늙은 바바라의 오두막
578979284,욤스턴 저택
580027868,폰트데일
581076446,허스포드 농가
582125025,킹햄 농가
583173612,워링
584222193,업레치 히스
585270773,홀패스
586319364,사자와 요정 여관
587367945,킹슬리 성채
588416523,왕의 진 술집
589465101,홀크로프트
590513692,늙은 바바비스의 농장
591562282,애시크로프트 농장
592610909,크로스브론
593660350,윅하트 묘지
594708928,싱패스
595757515,위킹 궁전 유적
596806116,마스터스턴 농가
597854695,펜타운
598903273,안라곤
599951854,박쥐와 고양이 선술집
601000450,늙은 엘리자나의 오두막
602049037,마라의 성스러운 제단
603097623,킹포드 묘지
604146217,알드브론
605194799,우드하우스 묘지
606243381,크로스윅 숲
607291960,욤톤 농가
608341445,코퍼링 농가
609390036,고스모스
610438620,버킹하트 농가
611487199,마그노비스의 무덤
612535777,더러운 검 여관
613584366,찰리 할로우
614632946,마스터필드 농가
615681530,늙은 마스터슬리 오두막
616730113,무어크로프트 홀
617778691,무어하우스 농가
618827299,우드스턴의 탑
619875882,붉은 사냥꾼 호스텔
620924460,람타운
621973038,반트리
623022477,미드웰
624071058,마라의 눈물 흘리는 구원자
625119638,입스카트
626168218,은빛 요정 여관
627216798,입스샤이어 홀
628265376,예돈 둥지
629313957,안티클레어
630362536,게로깅스 은둔처
631411160,욤하트 궁전
632459757,아그리발의 실험실
633508337,다카노르의 집
634557845,마스터하우스 농가
635606424,늙은 바노나의 오두막
636655008,레이호프
637703591,웃는 개 술집
638752169,마스터필드 농장
639800749,바보리아 마녀회
640849330,그린포드 궁전
641897909,그린햄 농가
642946488,가어링 농가
643995079,갤로게이트 들판
645043659,가어슬리 성
646092242,허스슬리 묘지
647140829,늙은 엘린의 농장
648189416,허싱 농장
649237994,허스필드 홀
650286576,배일데일
651336029,코퍼스턴 코트
652384614,코퍼하트 저택
653433219,윅슬리의 지하 묘지
654481830,탐체스터
655530428,가어톤 농가 유적
656579009,우드하트 홀
657627615,탐포드
658677068,우드윙 궁전
659725681,욤톤 저택
660774261,욤스미스 저택
661822857,와트리
662871435,허스하우스 홀
663920019,그린스턴 탑
664968597,마라의 성스러운 재탄생
666017176,차렌레치
667065766,호크스턴 농가
668114373,트로그후 닭장
669162954,우드톤 탑
670212410,버킹턴 코트
671260989,마스터링 저택
672309583,브로드위치 성당
673358161,마스터윙 농장
674406741,애시슬리 농장
675455340,체스터슬리
676503929,킹톤 요새
677552524,코퍼슬리 저택
678601127,늙은 킹윙의 거처
679650610,윅필드 홀
680699223,안도어 발굴지
681747813,호크톤 농가
682796399,욤크로프트 매장지
683844978,나이츠웨이
684893558,크로스모어
685943042,늙은 무어톤 오두막
686991620,킹스미스 농가
688040199,늙은 엘리지사의 농장
689088784,네부출란의 고분
690138355,마라의 피 흘리는 빛
691186985,크로슬리
692235574,버그워스 바위
693284166,버킹윙 농가
694333647,마스터하트 저택
695382232,뉴레치 들판
696430822,그린스미스의 지하 묘지
697479458,바노리아 숭배
698528040,늙은 라이소리아의 농장
699577530,킹햄 농장
700626122,배일월드
701674748,호크슬리 농가
702723336,버킹하우스 농가
703772842,싱헤드
704821474,가어윙 코트
705870055,이스트웰
706918634,체스터턴
707968154,람톤 햄릿
709016788,마라의 피 흘리는 우상
710065368,크롬워스 공유지
711114870,무어하우스 묘지
712163449,레이빌
713212031,늙은 빅타라의 거처
714260659,옥스포트
715309237,허스하트 농가
716357818,곤도르의 요새
717406405,욤포드 농장
718455897,모리토르의 조류 사육장
719504475,우드햄 농장
720553061,욤슬리 농가
721601707,늙은 엘레인의 농장
722651205,탐타워
723699843,람베리
724748432,차렌베일
725797941,허스슬리 농가
726846569,알드월 바위
727896087,립타운
728944671,애시햄 농장
729993301,가어슬리 저택
731042813,허스윙 농가
732091397,코라니우스 남작의 무덤
733140024,윅스미스 농가
734189598,그린하트 농장
735238179,가어크로프트 홀
736287758,캐스월드 히스
737337268,악당과 사향쥐 호스텔
738386847,무어하트 저택 유적
739436421,애시하우스의 요새
740487017,욤하트 저택
741536590,입스패스
742585174,무어윙 묘지
743635737,반우드 할로우
744684318,버킹윙 묘지
745732897,애시햄 무덤
746781479,마라의 고요한 승천
747830057,호크하우스의 지하 묘지
748880618,윌더테일
749929206,윌더베리 바위
750978773,캐스모어 홀
752028351,그린포드의 무덤
753077924,마스터스미스 농장
277751,그릭트케 감옥
1327340,블라칸 홀
2376796,진홍빛 야만인 주점
3425425,포프의 요새
4474053,줄리아노스의 무한한 영혼
5522634,칼룬누누
6571222,바가스쿠완
7620682,바우르둠 농장
8669355,스툴드 홀
9717935,베르바스쿠니아
10766518,클리르쿰 묘지
11815980,은빛 사제 숙소
12864558,아팔라레아
13913144,바알리블레우술라 수도원
14961722,시로투부
16010303,쿠르그른 농장
17058915,시랄라오
18107494,피토하자
19156072,고르트의 요새
20204685,모릴리톤
21253280,슈르펜 홀
22301861,악마의 틈 숙소
23350442,가브'컨의 요새
24399897,골루르 농장
25448536,줄리아노스의 타오르는 승천
26497124,사이의 성유물함
27545704,라우스텐의 낡은 오두막
28594283,이어록의 조류 사육장
29642862,줄리아노스의 축복받은 나무
30691441,줄리아노스의 거룩한 승천
31740019,줄리아노스의 영원한 일출
32788601,다모코-고라
33837180,이사켈리카트
34885762,쿠젬 무덤
35935229,미르타의 낡은 거처
36983817,를레르팀 성
38032399,마코아다
39080999,토치 저택
40129580,마코닐라
41178163,줄리아노스의 두려움에 찬 예언자
42226743,파르콘 농장 폐허
43275323,크릴'컨 과수원
44323913,줄리아노스의 노래하는 순교자
45372509,베이르흐테 저택
46421096,줄리아노스의 내면의 오라클
47469678,스타데제온의 무덤
48518257,툴라하-하시
49567726,필라자
50616333,필리웨인
51664935,로스트 저택
52713516,호구-타르
53762101,기소코안
54810685,줄리아노스의 무한한 일출
55859264,모가드비아
56907843,모고니가
57956423,크로르툼 묘지
59005004,현자 기념비
60053587,글레밤 홀
61103069,줄리아노스의 신성한 빛
62151652,틀로르프텐 무덤
63200230,므지-콤
64248818,글루르쿰 감옥
65297413,와디지누스
66345993,렐판 성
67394571,흰 고슴도치 호스텔
68443197,데춘의 낡은 오두막
69491783,툴폰 묘지
70541240,모즈타의 요새
71589819,파푸다이
72638418,파필라디수
73687017,세즈카의 낡은 오두막
74735610,글레르뭄 농장
75784190,자베리아
76832773,페르크 지하 묘지
77881351,이스포구아라
78929933,행운의 드래곤 여관
79978515,아가즈누
81027093,배르미르의 낡은 오두막
82075674,아게완
83124263,엘라즈토르
84172841,슈라르크텐 농장
85222311,부부아
86270898,마즈 과수원
87319479,제나스타자
88368062,로고레아
89416697,라엔의 성유물함
90466185,웃는 그리핀 주점
91514771,므후샤르 궁전
92563413,투즈른 홀
93612005,고잠 묘지
94660583,검은 마멋 호스텔
95709162,줄리아노스의 노래하는 별
96757743,블로르크-e의 낡은 오두막
97806329,카제투제르
98855806,잘레-고라
99904389,두더지와 수사슴 숙소
100952967,잘리리카트
102001554,오사레그
103050133,레나다
104098736,글루김 궁전
105147314,깃털과 검 호스텔
106195896,여우와 야만인 숙소
107244482,세다스탈라
108293065,레인린
109341643,바르크텐 교정 시설
110390246,가스탐의 탑
111439710,수르틴 탑
112488288,보크톰 저택
113536885,슈로겜 농장
114585477,세데나-하시
115634060,그로트'컨 농장
116682641,치슈가의 낡은 거처
117731219,클리르크테 홀
118779797,키에란 극장
119828406,카우르드 탑 폐허
120876994,녹색 대거 주점
121925573,메세투닥스
122974162,쉬지 않는 요정 주점
124023629,사자와 고블린 호스텔
125072219,토그텐 저택
126120804,황금 투구 숙소
127169409,바기리-타르
128217987,비명 지르는 대거 호스텔
129266588,라난다사
130315173,스쿨돈의 거미줄
131363762,베이팀 농장
132412341,라니리비아
133461829,타수투-콤
134510423,블로르그텐 성
135559022,두더지와 새끼 사슴 주점
136607610,시리우스
137656193,젠 숙소
138704786,이'릭의 제단
139753364,피타카니스
140801944,검은 그리핀 여관
141851417,볼트 매장지
142900002,마르프테 농장
143948609,보자곤 조류 사육장
144997194,카에르흐트 홀
146045776,테르덴의 낡은 오두막
147094361,피테다이
148142942,다마크디수
149191524,사르피의 낡은 거처
150240107,라트케 저택
151288685,플레르흐툼 과수원
152337266,부르크 탑
153385844,다메리아
154434436,나루아라
155483918,벨 농장
156532524,시에르콘의 무덤
157581110,네부체하우스의 고분
158629706,두꺼비와 드래곤 주점
159678312,마코파토르
160727784,슬루크른 농장
161776370,춤추는 새끼 사슴 숙소
162824984,악당과 구덩이 숙소
163873568,툴라운누아
164922165,비버와 머그 여관
165970748,비명 지르는 투구 호스텔
167019326,페오니자
168067908,페오눈누레아
169116489,헤부
170165070,줄리아노스의 내면의 나무
171213651,보알트 홀
172263133,부산 저택
173311714,죽은 마멋 숙소
174360292,므후스탐 궁전
175408873,걸 저택
176457457,사이의 성유물함
177506037,움바자르
178554621,춤추는 머그 주점
179603211,줄리아노스의 무한한 예언자
180651791,쉬지 않는 늑대 여관
181700369,룰텐 농장
182748950,플룰프테 오두막
183797531,움발라-고라
184846113,슈라신 홀
185894712,므'오잔 농장
186943298,틀로스트 농장
187992810,틀루르둔 요새
189041415,푸슈케의 낡은 거처
190089996,비필룸 홀
191138577,티스트 저택
192187171,블라그타르 매장지
193235751,라모하다
194285220,델드의 요새
195333799,코르치가의 농장
196382377,주불 수도원
197430957,자벨리-하시
198479540,파에스트 농장
199528138,시르논 홀
200576720,자바스쿠닥스
201625309,비명 지르는 고양이 숙소
202673891,아트로아시아
203722470,조드 신전
204771071,카에르뭄 성채
205819656,아기시자
206869143,돼지와 술잔 주점
207917758,보아필롬 성
208966355,줄리아노스의 거룩한 재탄생
210014934,춤추는 투구 여관
211063523,새그타르의 낡은 오두막
212112110,마오톤의 탑
213160696,자고할라
214209275,줄리아노스의 노래하는 유물
215258744,칼로니니스
216307322,두더지와 사제 호스텔
217355914,줄리아노스의 침묵하는 승천
218404507,보아다이
219453090,누티의 농장
220501683,그라르트 궁전
221550261,보니디수
222598840,카즈텐 탑
223647442,베르바하리아
224696024,사히블로나 신전
225744603,잘지아라
226793181,스투즈 매장지
227842662,세도구니아
228891261,두꺼비와 사냥꾼 호스텔
229939852,노르투르 성채
230988451,데물레나 신전
232037036,그룸루고스 둥지
233085630,블라르눔 홀
234134217,를라르김의 낡은 오두막
235183686,이사쿠플렉스
236232267,라닌제르
237280851,켈룬 교정 시설
238329437,줄리아노스의 침묵하는 순교자
239378030,아코톤
240426610,타그트 교정 시설
241475208,플로르크테 저택
242523791,라이르흐 요새
243572394,아쿠흐자르
244620973,타소-이즈
245670455,기사즈-하시
246719050,모가닥스
247767636,세르크'컨의 탑
248816223,무브의 낡은 거처
249864810,포르그'컨 저택
250913395,에펜 신전
251961973,마이 신전
253010576,라필 채석장
254059159,줄리아노스의 영원한 선지자
255108637,피르간의 낡은 오두막
256157219,체타스타-타르
257205808,마로나 저택
258254392,녹슨 수사슴 여관
259302977,체티사
260351562,체세투비아
261400152,불운한 거인 산장
262448757,페오네가
263497338,줄리아노스의 피 흘리는 나무
264545921,호문쿨루스 대성당
265595426,울부짖는 거인 호스텔
266644005,라람 묘지
267692601,안텔레나다이
268741179,엘루투비
269789757,래처 저택
270838340,펜의 안식처
271886920,디즈 코트
272935503,버름 농장
273984082,움베나리아
275032660,블렐핀 그레인지
276082156,줄리아노스의 통곡하는 예언자
277130734,레갓 발굴지
278179314,페군 홀
279227896,라그의 요새
280276476,스타크 농장
281325056,줄리아노스의 노래하는 영혼
282373639,비명 지르는 고블린 선술집
283422233,네름른 홀
284470813,왕의 틈새 호스텔
285519412,줄리아노스의 성스러운 빛
286568007,은빛 야만인 선술집
287616593,카자크니아
288666072,잘로부
289714654,블루즈 저택
290763254,쿠두투플렉스
291811835,낙텐의 무덤
292860429,녹슨 검 펍
293909011,줄리아노스의 고요한 일출
294957607,구슈타 농원
296006195,블라이트 지하 묘지
297055678,브가르 농장
298104271,스트레너 헤이븐
299152850,여우와 악동 산장
300201435,닐드-이 결사
301250017,보필람 저택
302298598,바구라나
303347178,코트 농원
304395757,투좀 농장
305444335,티른케의 무덤
306492915,하얀 사제 선술집
307541496,블리샨 성
308590077,라노파-하시
309638661,크로르트 지하 묘지
310687249,부타르 농원
311735841,베르보다크
312785320,세크라비트
313833901,피티이사
314882484,조드 신전
315931111,모르크 저택
316979689,그로르크 성
318028274,닉탐 홀
319076862,죽은 고양이 호스텔
320125440,디스 과수원
321174935,마코할라
322223525,틀릴렘 감옥
323272108,아케라-코롬
324320687,빌드사 할머니의 농장
325369280,줄리아노스의 즐거운 영혼
326417863,세그탄의 요새
327466460,페탐 농장
328515041,베르 홀
329563619,툴라엘리우스
330612203,케일드타 할머니의 집
331661690,호아리아
332710268,벨드 홀
333758850,기소투아라
334807439,다키반의 고분
335856017,슬라트자 할머니의 농장
336904627,줄리아노스의 눈물 흘리는 구원자
337953208,패던 홀
339001792,반디 신전
340050381,사오브의 탑
341098966,모가하누
342147546,모고하다타
343197041,와디조코아
344245636,마르템 오두막
345294229,주비아물룰라 은둔처
346342818,쥐와 늑대 산장
347391402,니르켐의 요새
348439985,와디젤리자
349488571,클라드 코트
350537152,를라르른 농장
351586657,서돔 저택
352635237,러스티르 저택
353683815,악당과 고슴도치 산장
354732399,젠 산장
355780998,파파드부
356829576,줄리아노스의 신성한 예언자
357879099,줄리아노스의 성스러운 제단
358927682,푸르크타 할머니의 농장
359976318,비필트 성
361024904,글라필 홀
362073483,코스트케 농장
363122068,아지톤
364171549,라엔의 성유물함
365220144,바오즈타 할아버지의 오두막
366268772,포필 저택
367317358,줄리아노스의 영원한 영혼
368366863,모브 성
369415444,줄리아노스의 영구적인 나무
370464022,카이즈 오두막
371512602,줄리아노스의 영원한 일출
372561231,스코구의 횃대
373609820,블란케의 지하 묘지
374658398,잘레비아
375707892,라일라
376756544,모라루고스 조류 사육장
377806112,세라비
378854690,보아시키 할아버지의 집
379903270,존 신전
380951850,울부짖는 구덩이 산장
382000428,테기르 홀
383049923,박쥐와 늑대 선술집
384099566,시레미아
385148149,발티마 홀
182888,크로스위치
1231466,크로스데일 황야
2281035,크롬웨이
3330580,웨스트턴
4379163,에펜 신전
5427741,워우드 황야
6476336,업웰
7524917,아카토쉬의 노래하는 나무
8573502,마스터필드 농장
9622090,무어햄 매장지
10670668,그림데일 황야
11720192,와일더호프
12768775,우드스미스 저택
13817358,욤스턴 홀
14865938,코퍼필드 지하 묘지
15914523,애슐리 할머니의 낡은 오두막
16963104,애쉬햄 할머니의 낡은 오두막
18011682,킹하트 저택의 폐허
19060265,윅스턴 농장
20108854,우드윙의 요새
21157433,호크크로프트 과수원
22206947,마스터필드 오두막
23255525,두니스티르 감옥
24304127,스쿨라트락의 횃대
25352705,갈로잉 햄릿
26401285,엘리리아 마녀회
27449870,그림레이 성당
28498458,차렌위치
29547992,버그카트
30596587,애싱 그레인지
31645167,아크마켓
32693745,윅포드 요새
33742343,존 신전
34790921,아카토쉬의 노래하는 예언자
35840437,욤톤 묘지
36889015,폰트우드 정원
37937628,킹스미스 할아버지의 집
38986206,호브리지
40034793,가어스미스 묘지
41083371,호크포드 저택
42131956,우드햄 그레인지
43181490,디어체스터
44230072,립포드
45278664,체스터워크 코트
46328191,허스스미스의 요새
47376774,브로드브러 황야
48425355,우드필드 저택
49473944,그위노나 할머니의 오두막
50522525,아카토쉬의 노래하는 우상
51571115,트리세르비트
52619694,미드워크
53668274,키에란 극장
54716864,에본암의 모루
55766395,브로드호프
56814978,펜타워 황야
57863568,애쉬스턴 농장
58912152,가어윙의 근위대
59960734,반놀다 할머니의 오두막
61009318,두노어 발굴지
62057898,폰트모어
63106479,황금 드래곤 선술집
64155991,욤크로프트 저택
65204590,리사우사 마녀회
66253179,애쉬윙 과수원
67301770,마스터윙 탑
68350348,화이트웨이
69399877,가어스턴 그레인지
70448465,반레크 코트
71497043,반노나 할머니의 집
72545625,버킹크로프트 묘지
73594203,네크로메햄 성
74642782,차렌레이 데리
75691365,허스하트 할아버지의 낡은 집
76739950,킹크로프트 과수원
77788528,에본암의 모루
78837111,그리닝 저택
79885691,크롬셔
80934271,우즈리 오두막
81983783,캐슬레크
83032363,우드본 홀
84080944,코퍼슬리 과수원
85129544,이스트셔
86178123,불운한 단검 산장
87226704,윅하트 지하 묘지
88275292,아카토쉬의 눈물 흘리는 나무
89324820,툰카트
90373406,애슐리 묘지
91421984,아카토쉬의 고요한 우상
92470567,벨라딘 할머니의 집
93519147,우드포드의 요새
94567734,더러운 새끼 사슴 펍
95616317,람월드
96664897,두니발의 근위대
97713481,롱워스
98762059,그레이브러
99810642,애쉬하트 오두막
100860142,배일셔 숲
101908726,빅티리아 할머니의 오두막
102957313,가어스턴 저택
104005899,가어필드 묘지
105054497,레이포드 황야
106103083,아크햄 햄릿
107152615,에벨로나 할머니의 집 폐허
108201197,업위치
109249777,그레이브론
110298365,홀위크
111346945,욤크로프트 할아버지의 낡은 오두막
112395543,캐롤린 할머니의 오두막
113444123,커크마켓
114492704,바보리아 할머니의 농장
115541284,윅슬리 농원
116590791,가어스미스 그레인지
117639392,알들레크
118687997,롱마켓
119737523,호크스미스 과수원 폐허
120786113,나이츠브러
121834701,롱호프 엔드
122883285,테이밍
123931880,워웨이
124980460,레이몬트
126029039,툰레이 황야
127078553,킹잉의 요새
128127133,코퍼스턴 지하 묘지
129175718,아카토쉬의 고요한 예언자
130224303,아카토쉬의 노래하는 승천
131272891,아카토쉬의 축복받은 구원자
132321498,우딩 할아버지의 낡은 집
133370077,그린톤의 탑
134419594,캐롤라비트 할머니의 오두막
135468180,빅테인 노인의 오두막
136516769,가어윙 저택
137565351,리시사 노파의 오두막
138613934,롱이지
139662518,디바드 기념비
140712055,유시릭의 탑
141760633,이스트본 황야
142809215,브로드베스
143857793,엘리리아 마녀회
144906373,버킹엄 저택
145954983,다쿨리스의 무덤
147003561,모로베자르의 은신처
148052140,화이트브리지
149101655,그린포드 농장
150150237,뉴타운 골짜기
151198821,웨스트빌
152247409,가어스턴 오두막
153296026,고스이지
154345525,아카토쉬의 무한한 일출
155394105,모르고나 노파의 농장
156442703,우드햄 대농장
157491293,그림워스
158539899,크로스데일
159588477,레이브러 대성당
160637993,바니사 노파의 오두막
161686571,엘로리아 노파의 농장
162735155,허스슬리 대농장
163783755,큐올웬의 성소
164832360,디어레치
165880941,아카토쉬의 눈물짓는 별
166930441,낡은 위킹 오두막의 폐허
167979029,아카토쉬의 영원한 구원자
169027609,호킹 과수원
170076190,웨스트워크 들판
171124769,캐스호프
172173360,폰트호프 홀
173221943,낡은 버킹스미스 오두막
174270529,월레치 대성당
175319112,배일턴
176367698,커크트리
177416280,마스터하트의 무덤
178465785,무어턴의 지하 묘지
179514382,아크월드 코트
180562965,빅티리아 노파의 농장
181611547,롱햄 정원
182660130,버킹턴 요새
183708722,마스터햄의 경비대
184757303,반테일
185805891,리플리
186855391,스톡모어
187903975,에벨리나 결사
188952553,배일본 들판
190001152,롱리 자치구
191049734,붉은 그리핀 여관
192098317,낡은 킹포드 오두막의 폐허
193146913,에본암의 모루
194195496,울부짖는 경비대 숙소
195244080,마스터링 농가
196293570,아스메라의 구덩이
197342157,알딩위치 코트
198390740,차렌이지 골짜기
199439318,램워크
200487896,킹햄 농가
201536486,블랙웰
202585086,마스터턴 묘지
203633664,우드윙 홀
204682242,우드턴 농가
205730835,차게이트
206779413,현자 기념비
207828003,허스필드 농가
208877456,애싱 홀
209926063,마이의 성소
210974661,바니나 노파의 오두막
212023248,크리스틴 노파의 오두막
213071830,가어링 묘지
214120417,예이호스
215169004,코퍼크로프트 과수원
216217590,크로스베일
217266176,아크월드
218315667,홀베스 코트
219364250,베다스티르의 감옥
220412830,크로스베리
221461408,허스스미스 요새
222509986,크로스테일
223558587,호크크로프트 저택
224607185,미드월 자치구
225655770,허스크로프트 요새
226704357,호체스터 언덕
227752947,욤슬리 저택
228802431,반웨이
229851012,트로그커
230899598,홀브론
231948180,애슐리 농장
232996764,브로드데일
234045372,마스터링 저택
235093951,웨스트월 황야
236142543,반디의 성소
237191123,낡은 무어크로프트 오두막
238239703,코퍼하우스 저택
239288286,체스터월
240337740,뉴베스
241386320,다구비스의 둥지
242434899,두나드 발굴지
243483480,낡은 호크포드 오두막의 폐허
244532058,그윈올다 노파의 농장
245580641,홀링
246629220,입스워크 골짜기
247677802,게룰라술라 대성당
248726383,체스터베일
249774991,아카토쉬의 기쁜 별
250823579,아카토쉬의 무한한 예언자
251872169,두더지와 던전 술집
252920749,펜레치
253969327,차렌트리
255017905,그린크로프트 요새
256066484,우드윙 오두막
257115065,트리세라스
258163649,우즈슬리 요새
259213104,턴월 자치구
260261701,그린햄 지하 묘지
261310286,무어스턴 묘지
262358868,웜모어
263407472,낡은 버킹하우스
264456050,붉은 개 숙소
265504645,아크이지
266553235,은빛 구덩이 산장
267601827,허스하트 성채
268650405,허싱의 무덤
269699862,애시포드 영지
270748454,허스스미스 저택
271797032,턴브러
272845610,갈로몬트
273894212,롱몬트
274942800,디어타운 들판
275991389,나이트스워크
277039979,반타운
278088559,업체스터
279137141,나이트샴 공유지
280185737,무어턴 저택의 폐허
281234328,호크하우스 영지
282283797,머우드
283332376,윅햄 농가
284380959,벨라도다 노파의 오두막
285429545,호크슬리 대농장
286478144,탐게이트
287526734,그윈아라 노파의 농장
288575321,우드스미스 궁전
289623903,불운한 전갈 여관
290672486,워헤드 자치구
291721080,애시포드 과수원
292769660,차몬트 숲
293818238,옥스베일 자치구
294867704,에펜의 성소
295916307,크롬베스
296964886,리토비온 성
298013466,리사비스 전통
299062044,아카토쉬의 신성한 별
300110642,카롤라비스 노파의 오두막
301159228,알딩브론
302207825,에펜의 성소
303256404,아니보르
304304984,낡은 마스터햄 오두막
305353563,호카트
306402141,펜우드
307450722,윅슬리 묘지
308499304,욤턴의 무덤
309548749,킹햄 홀
310597329,호크스턴 탑의 폐허
311645917,와일더체스터 들판
312694549,디어데일
313743137,알드워크
314791718,그윈이비라 노파의 농장
315840304,욤포드 농장
316888884,램몬트 홀
317937462,허스슬리 저택
318986056,브로드우드
320035511,다코부스의 은신처
321084108,여우와 던전 선술집
322132689,브로드월드
323181270,낡은 호크스턴
324229857,우드필드 대농장
325278437,롱잉
326327032,윅햄 영지
327375611,그루메루스의 횃대
328424193,코퍼슬리 농가
329472773,커크마켓 대성당
330521362,아카토쉬의 거룩한 재탄생
331569940,낡은 윅슬리 오두막
332618530,커크테일 대성당
333667111,무어필드 저택
334715689,롱베리
335764268,고스본
336812846,카롤리비라 노파의 오두막
337861431,카롤로나 노파의 오두막
338910884,스트레너 헤이븐
339959465,이스트테일
341008044,차렌베리 코트
342056641,아카토쉬의 축복받은 별
343105222,버름드레드
344153808,크리스타라 결사
345202389,차위치
346250967,아카토쉬의 영원한 우상
347299546,머모스
348348124,캐스브론
349396710,모르긴 결사
350445297,펜브리지
351493914,머베일
352543374,낡은 그린슬리 오두막
353591967,짐 세이 성소
354640549,낡은 우드포드 오두막
355689131,알드베스
356737713,이스트베일
357786313,엘레인 노파의 거처
358834899,펜빌 황야
359883483,스톡샤이어
360932061,바알리블랑시아 저택
361980669,애싱 영지
363029247,박쥐와 염소 여관
364077833,모다드 광산
365127279,모르디낙 터널
366175864,버그월드 황야
367224442,아카토쉬의 침묵하는 제단
368273026,이스트게이트 끝
369321617,롱호프
370370204,화이트크로프트 홀
371418782,버킹슬리 농장
372467381,킹스턴 성채
373515960,애시하우스 농가
374564541,낡은 윅포드 오두막
375613132,윅필드 코트
376661710,업포트
377710295,네부치보르의 은신처
378758878,나이트스테일
379807456,무어스미스 지하 묘지
380856042,버킹엄 농가
381904620,낡은 버킹크로프트
382953199,차크로프트
384002644,아카토쉬의 피 흘리는 승천
385051236,비그릴의 성소
386099815,알드위치
387148399,리신 숭배자
388196987,코퍼윙 탑
389245566,크리스토리아 노파의 오두막
390294183,그린필드 지하 묘지
391342763,킹크로프트 저택
392391353,버그레치
393439947,가어스턴 홀의 폐허
394489410,허스스톤 농장
395538016,여왕의 수사슴 여관
396586601,킹포드 농장
397635181,윅햄 과수원
398683763,살쾡이와 고슴도치 여관
399732347,두나스티르 광산
400780931,싱헤드 대성당
401829509,화이트패스
402878089,폰트브론
403926677,배엘헤드 법원
404975261,낡은 애쉬필드 오두막
406023862,스트레너 헤이븐
407072444,욤슬리의 무덤
408121904,낡은 버킹하우스 저택
409170488,황금 구덩이 주막
410219072,마그노바우스 홀
411267650,커크우드
412316249,깃털과 마멋 산장
413364829,스톡워스 대성당
414413413,아카토쉬의 고요한 빛
415461992,무어스미스 농원
416510582,미드캐슬 자치구
417559160,배엘크로프트
418607739,조드 신전
419656320,낡은 버킹턴 판잣집
420704907,베데인 성
421753498,욤슬리 성
422802080,스트레너 헤이븐
423851566,낡은 무어링 오두막
424900153,코퍼스턴 농장
425948731,롱게이트
426997309,립호프
428045909,마스터링 묘지
429094488,워월
430143066,미들리 황야
431192582,우드스미스의 탑
432241176,크롬윅 마을
433289759,낡은 하스포드 저택
434338345,모리루고스
435386924,차몬트
436435503,그린슬리 저택
437484084,차레니지
438532666,아카토쉬의 두려운 우상
439581258,펜호프
440629849,미드베일
441678427,무어링 묘지
442727005,무어하우스 묘지
443775583,하스턴 저택
444824181,킹스미스 홀
445873656,립카트 황야
446922237,코퍼하트 가문
447970848,우드스미스 홀
449019429,홀헤드 법원
450068008,입스캐슬
451116586,쥐와 악당 술집
452165164,옥스워스 언덕
453213743,그림테일 엔드
454262331,하얀 늑대 주막
455310923,호크하트 농장
456360407,욤필드 농장
457408995,엘라비스의 낡은 농장
458457575,애쉬슬리 궁전
459506154,그림레치 들판
460554733,체스터데일 황야
461603318,블랙브론 황야
462651896,호크크로프트 농원
463700486,마스터스미스 무덤
464749067,차우드 정원
465797661,비명 지르는 사냥꾼 술집
466846247,버킹하우스 과수원
467894827,마이 신전
468943413,바비비라의 낡은 농장
469991991,코레히우스 가문
471040574,갈로모스
472090073,롱웰
473138658,우드하트 지하 묘지
474187243,아카토쉬의 축복받은 재탄생
475235824,헤지커
476284412,마스터링의 탑
477332990,낡은 버킹스턴 저택
478381570,하스하우스 저택 폐허
479430151,화이트리
480478730,마스터햄 오두막
481527317,폰트캐슬 법원
482575897,행운의 검 주막
483625391,에벨리비라의 낡은 판잣집
484673990,우드필드 요새
485722574,반게이트
486771153,그레이턴 엔드
487819733,가어슬리의 낡은 판잣집
488868314,악마의 새 호스텔
489916892,탐턴
490965471,크리스토사의 낡은 오두막
492014068,이솔다의 낡은 오두막
493062660,킹하우스 농원
494112148,낡은 그린턴 오두막
495160730,엘라비스 결사
496209331,디어베일
497257920,립윅 정원
498306521,윅포드 법원 폐허
499355102,은빛 노움 호스텔
500403688,브로드레치
501452279,아카토쉬의 성스러운 우상
502500864,킹하트 궁전
503550334,와일더리지
504598934,그린슬리 탑 폐허
505647518,아카토쉬의 온화한 빛
506696101,하스햄 묘지
507744682,건달과 해골 주막
508793298,버그데일 황야
509841879,탐웰
510890466,업턴
511939060,윅슬리의 낡은 판잣집
512987638,마스터포드 묘지
514036216,녹슨 해골 주막
515085675,우즈슬리 농장
516134281,스톡위치
517182859,홀포드
518231445,유시크터 구덩이
519280023,애쉬슬리 농장 폐허
520328603,마스터포드 성채
521377183,업베스 바위
522425763,윅포드 농장
523474343,모르가라의 낡은 저택
524522921,모르긴의 낡은 농장
525571499,낡은 코퍼스턴 저택
526620080,드워프와 고양이 산장
527668678,발리스 수도원
528717262,툰웰 골짜기
529766736,디바드 기념비
530815338,그린턴 요새
531863918,마스터턴 궁전
532912501,무어햄 농장
533961081,캐스패스
535009665,에벨로리아의 낡은 판잣집
536058262,애쉬햄 성
537106848,페라스티르 실험실
538155462,버그베스
539204041,가어하우스 농장
540252619,가어필드의 낡은 판잣집
541302070,체스터타워
542350676,존 신전
543399256,브로드빌
544447856,나이트스웨이 들판
545496442,브로드체스터
546545028,나이츠레이
547593626,라이사라의 낡은 저택
548643104,버그게이트
549691702,욤스미스 무덤
550740286,나이츠월드
551788878,엘리리아 전통
552837477,킹스미스 저택
553886058,아카토쉬의 신성한 승천
554934674,그린하트 농원
555983255,무어스턴 매장지
557032738,캐스워스
558081322,우드크로프트 탑
559129914,욤하트 저택
560178495,커크브론 홀
561227098,폰트샤이어
562275685,화이트위치 황야
563324290,현자 기념비
564373745,그위니사의 낡은 오두막
565422323,워데일 숲
566470902,메르브론
567519518,입스몬트 황야
568568105,하스윙 과수원
569616689,코퍼포드 묘지
570665279,마엘론 신전
571713864,모르골다의 낡은 농장
572762443,모르기비라의 낡은 저택
573811028,그림모어
574859617,체스터타워 들판
575908195,낡은 욤스미스 저택
576956780,아카토쉬의 노래하는 신탁
578006207,윅크로프트 농원
579054793,탐베일 바위
580103412,비명 지르는 야만인 주막
581151992,트리스티스테어 실험실
582200578,마스터크로프트 요새
583249160,디어월
584297739,툰베리
585346331,베디릭 실험실
586394913,카롤리아의 낡은 농장
587443502,펜테일
588492095,낡은 애쉬하트 판잣집
589540687,페리위어 실험실
590589265,레이데일
591638703,야그레이터 조류 사육장
592687304,크리스토비스의 낡은 농장
593735892,울부짖는 개 주막
594784471,낡은 코퍼하우스 오두막
595833054,사슈노로그
596881645,버킹하트 홀
597930241,와일더월 언덕
598978822,우사드 요새
600027407,싱데일
601075995,낡은 마스터턴 저택
602124573,알딩레치
603173182,코퍼슬리 성
604222632,아카토쉬의 즐거운 빛
605271219,비버와 새끼 사슴 산장
606319797,아카토쉬의 온화한 구원자
607368397,메르호프 홀
608416975,가어스턴 궁전
609465553,제프레 신전
610514136,블랙크로프트
611562721,바니나의 낡은 판잣집
612611303,마스터슬리 묘지
613659891,체스터마켓 정원
614708490,크롬모스 정원
615757082,람포드
616805663,빅틴의 낡은 오두막
617854241,모르고나 결사
618902820,가어필드 저택
619952262,펜월 데리
621000851,체스터헤드 숲
622049447,욤하우스 농장
623098080,요밍 탑
624146664,여왕의 드래곤 주막
625195242,엘리자비스의 낡은 저택
626243820,비명 지르는 악당 호스텔
627292406,그린윙 궁전
628341006,탐테일 황야
629390437,낡은 우드하트 저택
630439035,웨이레스트
631487617,욤하우스 법원
632536201,살쾡이와 오소리 호스텔
633584780,라엔의 성유물함
634633369,펜턴
635681956,윅크로프트 오두막
636730544,윅하우스 저택
637779127,나이트스웨이 홀
638827707,갈로모스 공유지
639876294,롱웨이 대성당
640924877,그위니사의 낡은 농장
641974347,낡은 욤하트 판잣집
643022948,메르워크 골짜기
644071526,우드하우스 저택 폐허
645120120,아크브론 황야
646168700,쥐와 오우거 주막
647217287,킹하우스 묘지
648265870,아카토쉬의 피 흘리는 나무
649314449,미드위치
650363029,하스턴 성
651411624,낡은 코퍼필드 오두막
652460202,버킹슬리 과수원
653508780,디스페베우스 신전
654557360,알라비위르 교도소
655605939,무어크로프트 농장
656654530,옛 애쉬하트 저택
657703128,차렌빌 엔드
658751713,미드마켓
659801171,옛 바르비나의 오두막 폐허
660849754,무어턴 오두막
661898332,코퍼하트 오두막
662946910,탐웨이 들판
663995501,킹잉 묘지
665044082,버킹포드 농장
666092660,바알레브룰룰라 신전
667141255,아카토쉬의 무한한 신탁
668189836,람데일 황야
669238414,마그눌로스의 은신처
670287009,테오디발 교도소
671335588,캐스베스 골짜기
672384176,코퍼링 농장
673432754,블랙베스
674481341,그린하트 저택
675529923,차레닝 언덕
676579356,가에르함 농장
677627968,옛 가에링 오두막
678676558,이사라 마녀회
679725143,짐 세이 신전
680773727,코퍼슬리 저택 폐허
681822307,옛 이신의 거처
682870898,아카토쉬의 영원한 승천
683919484,킹하트 농장
684968095,옛 그린슬리 거처
686016686,화이트패스 정원
687066143,옛 가에르윙 거처
688114724,호타운
689163307,아지르트락의 둥지
690211896,아카토쉬의 영원한 징조
691260499,스톡마켓
692309088,옛 이산나의 오두막
693357676,가에르슬리 묘지
694406258,아카토쉬의 노래하는 일출
695454839,알딩캐슬
696503418,입스테일 언덕
697552002,마스터스턴 요새
698601455,알딩샤이어
699650053,아카토쉬의 영원한 예언자
700698634,옛 엘리사의 오두막
701747214,무어크로프트 묘지
702795792,애쉬포드 농장
703844373,죽은 오소리 여관
704892954,옛 위킹 오두막
705941534,호크필드 농장
706990115,쉬지 않는 고블린 숙소
708038693,아카토쉬의 침묵하는 순교자
709087274,마레브란사 신전
710135873,펜헤드 대성당
711184458,옛 캐롤로리아의 거처
712233038,코퍼포드 농원
713281618,옛 애쉬슬리 거처
714330198,그린하우스 요새
715378789,캐스모어 자치구
716427372,아카토쉬의 눈물 흘리는 우상
717475955,무어슬리 농장
718524536,옛 에블레인의 오두막
719573115,검은 수사슴 술집
720621694,무어턴의 탑
721670272,차렌월드 언덕
722719727,애쉬크로프트 저택
723768315,머테일 법정
724816895,옛 반노나의 오두막
725865476,화이트테일 대성당
726914076,업헤드 언덕
727962694,호월드 들판
729011272,코퍼하우스 농장
730060778,캐스브론 홀
731109361,옛 캐롤리랴의 거처
732157939,가에링 무덤
733206518,아그리릭 교화소
734255097,목마른 사제 숙소
735303677,조드 신전
736352255,라엔의 성유물함
737400841,레이샤이어
738449420,드워프와 구덩이 호스텔
739498004,킹크로프트 농장
740546588,그린스미스 오두막
741595167,우시스티르 탑
742643752,세코트루고스
743692332,라엔의 성유물함
744740916,마스터슬리 궁전
745789494,옥스베리 바위
746838072,코퍼스턴 성
747886651,허스하트 홀
748935230,킹크로프트 농원
749984716,반캐슬
751033296,고스카트 촌락
752081879,트라이서록의 거미줄
753130476,허스하우스 영지
754179071,롱베일
755227649,욤하우스 홀
756276235,브로드샤이어 홀
757324822,캐스월드 촌락
758373431,허스스미스 농장
759422902,차리지 홀
760471482,옛 엘리자나의 거처
761520065,벨라딘 마녀회
762568653,이스트타워
763617232,워빌 홀
764665820,무어윙의 집
765714402,아카토쉬의 통곡하는 우상
766762992,체스터월 자치구
767811573,호크햄 탑
768860152,윅필드 영지
769908736,여우와 오우거 호스텔
770957318,두니크터 발굴지
772005897,우드햄 오두막 폐허
773054482,은빛 수사슴 호스텔
774103063,옛 그위니사의 오두막
775152570,옛 캐롤레인의 농장
776201153,폰트웰 황야
777249734,쿠올웬 신전
778298316,허스필드 과수원 폐허
779346894,화이트데일
780395492,짐 세이 신전
781444088,모르디낙 채석장
782493572,웃는 고슴도치 술집
783542156,이스트월드
784590737,옛 바르보나의 거처
785639316,진홍빛 요정 숙소
786687915,윅스미스 저택
787736509,알딩마켓 들판
788785087,그레이월드
789833667,가에르크로프트 묘지
790882248,생쥐와 성 호스텔
791930832,마엘리서 은둔처
792979410,아카토쉬의 무한한 승천
794027996,젠 숙소
795076580,이스트워크
796125162,옛 리신의 오두막
797173743,아그릭터 정신병원
798223223,차데일
799271812,젠 숙소
800320394,옛 엘리지사의 오두막
801368973,녹슨 사향쥐 호스텔
802417553,아크샤이어
803466140,캐스웨이 데리
804514738,가에르윙 과수원
805564257,아카토쉬의 내면적 재탄생
806612838,죽은 균열 선술집
807661431,롱이지 황야
808710024,툰마켓
809758602,브로드본
810807180,갈로잉 정원
811855758,입스데일
812904336,사자와 머그잔 술집
813952914,비그릴 신전
815001493,에벨올다의 원
816050079,우드햄 성채
817098663,허스하트 오두막
818147243,나이트스윅
819196748,호크슬리 홀
820245339,반호프 홀
821293921,폰트게이트 골짜기
822342500,버그월 황야
823391078,우드윙 궁전
824439680,옛 바르바비스의 오두막
825488258,애쉬슬리 과수원
826536853,옛 벨라다나의 오두막
827585435,에드워리안 구덩이
828634016,호크포드 영지
829683539,아카토쉬의 온화한 재탄생
830732131,옛 에블라나의 거처
831780721,버킹턴의 탑
832829304,버킹슬리 농원
833877887,마이 신전
834926475,데만크세사 수도원
835975054,아카토쉬의 눈물 흘리는 신탁
837024560,무어스턴 오두막
838073153,크롬크로프트 자치구
839121742,싱타워 공유지
840170324,트리스티릭 실험실
841218915,입스게이트
842267498,애쉬필드 홀
843316078,옛 바르바우사의 오두막
844365590,여왕의 머그잔 숙소
845414173,가에르슬리 지하 묘지
846462753,애쉬하우스 탑
847511331,아카토쉬의 불타는 나무
848559909,코퍼슬리 홀
849608495,뉴베일
850657074,체스터월드
851705658,무어하우스의 탑
852754249,아카토쉬의 불타는 별
853802845,옛 마스터슬리 오두막
854852347,그레이빌 법정
855900929,탐월 숲
856949523,롱모어 들판
857998122,아카토쉬의 불타는 재탄생
859046722,갈로데일 대성당
860096230,윅윙 농장 폐허
861144834,옥스샤이어
862193432,불운한 검 여관
863242016,여왕의 균열 여관
864291524,가에르크로프트 성채
865340102,사자와 성 선술집
866388716,키에란 극장
867437294,욤슬리 농장
868485893,날아다니는 해골 술집
869534478,이스트이지 엔드
870583057,그림위치 자치구
871632612,알딩브리지 황야
872681194,할의 선술집
873729776,무어함 성
874779284,버그마켓 대성당
875827920,여왕의 늑대 호스텔
876876500,와트리 황야
877925078,호크슬리의 영지
878973663,버킹엄 묘지
880022242,머테일
881070820,이스트브론
882120388,뉴샤이어
883168974,스쿨토스의 둥지
884218542,체스터월 정원
885268120,쿠올웬 신전
886316699,홀샤이어 바위
887366269,무어턴 농장
888414853,킹하우스 성채
889464423,롱캐슬 자치구
890513001,검은 고블린 술집
891563575,툰몬트
136870,옛 가에르슬리 오두막 폐허
1185449,애쉬포드 저택 폐허
2234035,킹크로프트 성
3284591,킹턴 영지 폐허
4334174,립월드
5382765,애쉬스턴 탑 폐허
6432315,옛 바르볼다의 오두막
7481916,킹잉 매장지
8531488,그린필드 탑
9580074,가에르슬리 묘지
10629627,버킹스미스 농원
11678220,버킹잉 농장
12727776,가에르스미스 영지 폐허
13776369,미드패스 힐
14825935,올드 에벨올다의 오두막 유적
15874516,호크스턴 영지
16924073,애쉬필드 성 유적
17972660,세크루고스
19021260,오시니움
20070818,올드 캐롤리사의 오두막 유적
21119411,버킹포드 홀 유적
22170960,마스터크로프트 농장
23219540,올드 애싱 판잣집 유적
24268118,우드턴 과수원 유적
25316699,올드 그윈이나의 거처 유적
26367257,올드 엘리조나의 판잣집
27415851,아즈라스
28464450,그립도스
29513989,애쉬필드 농가
30563573,그롬가우스
31612158,스코돈
32662733,호무네바스 신전
33712320,무어링 그레인지 유적
34761870,마스터하트 오두막 유적
35811451,발레브라스의 동굴
36860045,무어스미스의 영지 유적
37908628,올드 에벨로리아의 판잣집
38958164,세쿠스
40006787,마스터스턴 저택 유적
41056318,호크턴 농가
42104904,캐슬 코퍼필드 유적
43153494,킹턴 홀 유적
44202079,올드 개링 판잣집 유적
45251619,올드 호크스턴 판잣집 유적
46300212,버름록
47348809,올드 이세인의 거처
48398349,올드 바바라의 오두막 유적
49446944,호크스미스의 영지 유적
50496523,코퍼스미스 그레인지
51546083,마스터스미스 탑 유적
52594703,올드 그윈안나의 농장
53644227,그린햄 농가
54692819,올드 바비리아의 오두막 유적
55742384,킹스미스 홀 유적
56790963,욤포드 홀 유적
57840546,코퍼포드 농가
58889129,앤디위르 광산
59938691,그린하우스 농장
60987287,그로모텐
62036850,허스스미스 저택 유적
63085435,욤크로프트 탑 유적
64135027,코퍼크로프트 그레인지 유적
65184571,개링 오두막
66233154,개필드 오두막
67281744,마스터슬리 오두막
68331290,애쉬스턴 성
69379887,아스물렉사의 구멍
70428469,올드 애쉬스턴 판잣집
71477062,레이트리
72526617,개턴 저택 유적
73577179,허스하트의 지하 묘지
74625770,올드 빅타라의 농장 유적
75674380,윅크로프트 탑 유적
76723903,킹스턴 홀 유적
77774481,킹잉의 무덤
78823079,그린스톤 홀 유적
79873654,킹하트 농가 유적
80923258,올드 에벨리나의 거처
81972791,드룰로스
83021375,무어하트 농가 유적
1001,만텔란 크럭스
1050578,당신의 배
2102157,당신의 배
1240,워본
1049851,웨스트테일
2099387,버킹엄 그레인지
3147976,올드 라이시나의 농장 유적
4196581,펜세스터
5246122,올드 엘리조리아의 농장
6294721,악마의 사제 주점
7343302,블랙데일
8392856,그레이데일
9441459,갈로브루
10490982,생쥐와 고블린 선술집
11539560,쥐와 사제 여인숙
12588141,나이트쇼프
13636727,욤잉 저택
14685310,마라의 눈물 흘리는 우상
15733892,쉬지 않는 드래곤 여관
16782477,여왕의 머그잔 여관
17831056,그린턴 묘지
18880610,무어필드 농가
19929194,머브론 들판
20977774,마스터슬리 탑
22026369,탐크로프트
23074954,탐브론
24124469,쉬지 않는 진 선술집
25173053,올드 엘올다의 농장
26221648,욤슬리 그레인지
27271195,스톡월
28319779,개하우스 저택
29368370,애싱 요새
30416980,알드햄
31466510,생쥐와 거인 숙소
32515117,커크모스
33563710,허스포드의 무덤
34612293,올드 바비리아의 거처
35661802,킹하트 오두막
36710401,트로고틀라스 마구간
37759012,에벨라라 결사
38808527,킹햄 농가
39857113,그리닝 농가
40905720,그린필드 황궁
41954306,개하트 홀
43002897,올드 개턴 거처
44052415,올드 윅윙 거처
45101001,윅턴 과수원
46149584,호크햄 코트
47198189,레이지 정원
48247738,존의 신전
49296318,코퍼링 홀
50344900,그레이마켓
51393479,와일더브리지
52443010,버킹스미스 저택
53491588,버킹슬리 저택
54540182,캐스위치
55588763,웃는 고블린 선술집
56637379,킹턴 영지
57686896,울부짖는 사제 여인숙
58735477,깃털과 사냥꾼 주점
59784060,우드하트 농가
60832677,마라의 무한한 징조
61882194,배엘모어
62930778,두더지와 고블린 여관
63979370,올드 에벨로리아의 농장
65027951,립타워
66076537,그린크로프트 농가
67125123,욤슬리 코트 유적
68173712,춤추는 성 여관
69223223,모를로텐 둥지
70271806,조드 신전
71320397,롱타워
72368990,올드 벨라디리아의 거처
73417571,입스크로프트
74466164,미드헤드
75514746,죽은 수사슴 여인숙
76564260,우즈슬리 과수원
77612842,나는 고슴도치 여관
78661422,마라의 불타는 신탁
79710007,깃털과 근위대 여관
80758596,키에란 극장
81808152,캐슬리
82856743,무어스턴 묘지
83905349,쥐와 단검 숙소
84953929,악당과 오소리 여관
86003443,욤하트의 무덤
87052053,아즈갈라스의 둥지
88100632,무어크로프트 농가
89150179,크롬카트
90198765,욤윙 과수원 유적
91247352,윅하우스 홀
92295931,마스터스턴 요새
93344515,크롬월드
94394053,고스포드
95442639,워월드
96491229,코퍼턴의 지하 묘지
97539813,킹필드 황궁
98588403,그린슬리 농가
99636985,그린크로프트 저택
100685567,캐롤린 결사
101735112,올드 코퍼윙 오두막
102783698,레이위치
103832291,버킹스미스 그레인지
104880873,돼지와 고슴도치 여관
105930377,캐트리
106978964,울부짖는 그리핀 선술집
108027545,스컬보르 마구간
109076127,행운의 오소리 선술집
110124706,버킹윙 농가
111173300,버그모어
112221903,스컬로텐 새장
113271401,마라의 즐거운 일출
114320987,그린윙 묘지
115369574,마라의 영원한 일출
116418155,호르월
117466755,마라의 영원한 별
118515355,올드 라이시리아의 판잣집
119563936,마스터햄 묘지
120613438,비명 지르는 거인 여인숙
121662042,미들레이
122710620,애쉬하트 탑
123759201,무어하우스 저택
124807783,돼지와 개 선술집
125856377,고스몬트
126905891,허스슬리 오두막
127954515,차타운
129003118,킹하우스 저택
130052608,뉴위지
131101207,그레이워크
132149789,그레이웰
133198425,마스터포드 농장
134247928,마스터스미스의 탑
135296560,욤크로프트 유적
136345139,그림웰
137394635,욤턴 과수원
138443214,이루고스
139491798,허스스턴 저택
140540381,허스하우스 농가
141588976,배엘테일
142637554,아니루고스의 거미줄
143686134,배엘버리
144734731,립세스터
145783330,윅하우스 묘지
146832835,롱테일
147881418,모레히온의 집
148930016,개하트 과수원
149978637,롱데일
151028121,캐롤린 교단
152076705,디스푸친사 수도원
153125330,람모어
154173923,여왕의 오우거 주점
155222502,빅타라 교단
156271096,코퍼햄 코트
157320556,킹포드 농가
158369138,반패스
159417716,버킹필드 묘지
160466303,호크필드 저택
161514922,올드 그윈오사의 농장
162563510,반레치
163612114,욤스미스 농가
164660702,마라의 내면의 예언자
165710160,롱햄
166758756,아이릭의 제단
167807340,킹스미스 과수원
168855976,쥐와 전갈 여인숙
169904572,마라의 축복받은 나무
170954054,마라의 두려운 우상
172002632,올드 캐롤올다의 오두막
173051258,올드 라이세인의 농장
174099839,브로드게이트
175148461,은빛 노움 여관
176197041,화이트워스
177246504,황금 투구 주점
178295098,두꺼비와 사향쥐 선술집
179343754,우드포드의 집
180392333,애싱 홀
181440919,깃털과 던전 호스텔
182490376,펜카트
183538957,입스월드
184587543,돼지와 저그 로지
185636133,입싱
186684717,호크하우스 농장
187733295,여우와 거인 펍
188781913,레이마켓
189830491,왕의 근위대 여관
190879078,턴브리지
191928562,나이츠빌 히스
192977155,현자 기념비
194025746,킹턴 그레인지
195074380,구 엘리진의 거처
196122967,그롬로스 에어리
197171552,로디스테어 성채
198221021,진홍빛 새 펍
199269607,홀헤드
200318222,롱포트
201366803,버킹하우스 황궁
202415434,제프레의 성소
203464876,하스윙 농장
204513481,여우와 노움 여관
205562060,호크포드 묘지
206610652,위킹 그레인지
207659256,구 호크필드 거처
208707840,개링 지하 묘지
209756431,이스트헤드
210805029,하스슬리 공동묘지
211853610,욤스턴 저택
212903055,고스크로프트
213951633,구 이시리아의 농장
215000248,마스터하트 공동묘지
216048839,마라의 두려움에 찬 영혼
217098375,무어하우스 황궁
218146972,하스포드 홀
219195601,갈로레이
220244197,킹잉 과수원
221292780,마스터하트 요새
222341380,그린윙 농가
223390821,살쾡이와 던전 로지
224439400,하스슬리 묘지
225488021,뉴워스
226536599,흰 개 펍
227585193,그레이레이
228633796,버킹잉 농가
229682391,그레이샤이어
230730985,버킹하트 농장
231780420,버그카트 히스
232828998,그림모스
233877578,애시스미스 과수원
234926179,그롤러커
235974758,박쥐와 전갈 호스텔
237023362,박쥐와 호저 로지
238071993,그위노나 소집단
239120597,다기록 거미줄
240170119,개슬리 코트
241218698,디바드 기념비
242267288,두더지와 마멋 호스텔
243315894,개크로프트 묘지
244365360,구 리시리아의 거처
245413944,캐스게이트
246462525,마스터윙 농장
247511103,와턴
248559719,워버리
249608297,이스트턴
250656890,황금 오소리 펍
251706379,애싱 농가
252754972,갈로트리
253803564,버킹윙 묘지
254852154,마라의 노래하는 유물
255900744,두더지와 고슴도치 펍
256949323,악당과 사냥꾼 로지
257997901,크롬테일
259046512,구 코퍼슬리 오두막
260095119,폰트타워
261144543,마스터포드 공동묘지
262193136,우드턴 홀
263241753,욤햄 농가
264290371,노스무어
265338954,옥스데일 데리
266387542,검은 새끼 사슴 펍
267436123,마라의 온화한 선지자
268485622,구 그리닝 오두막
269534202,크롬레이
270582790,크로스웨이
271631368,스트레너 헤이븐
272679964,마스터하우스 황궁
273728544,그위나라 결사
274777124,마라의 축복받은 환생
275825721,코퍼슬리 저택
276874321,디어크로프트 민스터
277922916,그림트라이
278972388,반디의 성소
280021006,모로물론 홀
281069604,구 마스터스턴 거처
282118183,올드웨이
283166761,구 크리스톨다의 농장
284215361,구 윅햄 오두막의 폐허
285264802,워레이
286313399,하스슬리 저택의 폐허
287361978,웨스트워스
288410575,킹턴 지하 묘지
289459164,무어필드 공동묘지
290507746,마라의 영원한 환생
291556324,윅턴 황궁
292604904,웨스트레이
293653492,마라의 축복받은 빛
294702074,우드크로프트 무덤
295750666,구 에벨로나의 거처
296799257,버킹턴 저택
297848743,올딩게이트
298897331,욤크로프트 성
299945913,디스페비툴라 민스터
300994491,페라스티르의 탑
302043098,윅슬리 농가
303091721,코퍼크로프트 요새
304141177,마라의 눈물 흘리는 선지자
305189780,우드턴 공동묘지
306238366,데모기더 수도원
307286953,구 리솔다의 농장
308335544,마스터크로프트 공동묘지
309384135,코퍼슬리 저택
310432731,우드햄 무덤
311481318,마라의 침묵하는 신탁
312530773,윅슬리 그레인지
313579356,아크브리지 숲
314627953,무어포드 농가
315676558,모르기나 숭배
316725145,아크베스
317773752,코퍼슬리 농가
318822343,윅슬리 과수원
319870929,애싱 황궁의 폐허
320919511,구 바빈의 오두막
321968978,욤하우스 농가
323017605,차렌위치
324066231,하스햄 코트
325114813,홀체스터
326164303,마라의 침묵하는 일출
327212890,두더지와 새 호스텔
328261492,워체스터
329310095,개스미스 저택
330358682,마라의 영원한 제단
331407285,호크하우스 무덤
332456740,행운의 고양이 펍
333505348,윅윙 홀
334553928,브로드타워
335602530,진홍빛 오소리 펍
336651114,위킹 과수원의 폐허
337699692,롱모어
338748274,쥐와 고양이 로지
339796852,붉은 노움 호스텔
340845450,커크타워
341894032,미드포트
342942619,무어크로프트 요새
343992106,마스터슬리 요새
345040691,구 애시스미스 오두막
346089303,디스포스 민스터
347137910,구 벨라다우사의 오두막
348186490,드워프와 성 여관
349235956,살쾡이와 성 호스텔
350284550,마스터스턴의 집
351333149,개포드 홀
352381753,모르기나 마녀회
353430332,올딩몬트
354478934,하스슬리 농장
355527513,반네인 결사
356576115,마라의 내부 제단
357625573,개스턴 탑의 폐허
358674164,크로스모스
359722748,사나운 전갈 로지
360771346,코퍼햄 지하 묘지
361819945,크로스우드
362868525,버그모스
363917141,버그성
364965721,윅필드 지하 묘지
366015174,마라의 침묵하는 유물
367063767,그림데일
368112363,차렌카트
369160997,깃털과 오우거 로지
370209577,사자와 진 호스텔
371258167,엘리졸다 집회
372307636,욤필드 농장
373356235,하스슬리 저택
374404814,배엘웰
375453417,킹하우스 그레인지
376502015,립게이트
377550594,두더지와 구덩이 여관
378599177,붉은 해골 펍
379647781,날아다니는 악당 로지
380697240,무어햄 홀
381745889,깃털과 고양이 선술집
382794477,이스팅
383843060,그린윙 코트
384891638,마라의 온화한 선지자
385941117,구 벨라도리아의 거처 폐허
386989732,마라의 내부 환생
388038322,윅스미스 과수원
389086917,폰트웨이
390135504,우드슬리 그레인지
391184082,더러운 악당 여관
392232700,블라도마우스의 돌무지
393282175,구 엘라라의 농장
394330756,애시스턴 묘지
395379336,하스슬리 저택
396427932,갈로버리
397477467,구 마스터크로프트 거처
145840,녹슨 고슴도치 여관
1194422,코퍼햄 농가
2243003,코퍼링 과수원
3293566,코퍼슬리 황궁
4342144,머마켓
5390731,그린스미스 저택
6440282,하스윙의 요새
7488874,아크빌
8538426,죽은 진 펍
9587006,버킹하우스 저택
10635589,애시슬리 성
11684169,개윙 농장
12732749,입스타워
13781339,구 욤햄 거처
14832862,무어슬리 황궁
15881480,흰 사냥꾼 호스텔
16931046,업테일 엔드
17979624,애시스턴 저택
19029173,개윙 저택
20077758,코퍼스턴 묘지
21126345,욤슬리 농가
22174943,커크우드 들판
23224481,레이웰
24273066,하스윙 농장
25321659,무어햄 묘지
26371197,흰 염소 로지
27419776,디어턴 들판
28468355,구 윅슬리 오두막
29516944,구 호킹 오두막
30565525,디벨라의 온화한 유물
31614104,구 그위노사의 오두막
32662687,조드의 성소
33711270,버킹하우스 농가
34760803,킹햄 묘지
35809394,차렌체스터
36857986,홀데일
37906578,뉴레이
38956133,크롬포드
40004726,올드 바노리아 농장
41053304,고스베일
42102844,코퍼하트 농장
43151425,디벨라의 내실 우상
44200008,그레이크로프트
45248586,애싱 코트
46297169,킹스미스 묘지
47345748,마스터하트 저택
48394341,블랙햄
49443871,코퍼턴 농장
50493453,마스터슬리 탑
51542045,롱호프 정원
52591627,우드스턴 농장
53641177,가어하트의 지하 묘지
54689763,벨라디나 숭배
55738344,입스워스
56786925,호크하트 매장지
57835503,툰윅
58884086,올드 이시리아의 오두막 유적
59932669,조드 신전
60982207,옥슬레크
62030797,올드 크리스티나 농장
63080365,디벨라의 신성한 우상
64128971,호크슬리 농원
65178520,불운한 그리핀 술집
66227106,깃털과 개 여관
67275685,킹포드 농장
68325269,가어윙 농장
69374825,윅턴 코트
70423410,호크스미스 오두막
71472005,호크스턴 저택
72520590,튜닝
73571137,올드 크리스토나 농장
74620716,아크호프 대성당
75669308,업타워
76717889,나는 늑대 산장
77767427,모리불론의 지하 묘지
78816047,코퍼슬리 지하 묘지
79865618,버킹슬리 저택
80915155,업워크 공유지
81963733,행운의 요정 술집
83012312,아크브루
84060894,디어몬트
85110472,욤스미스의 지하 묘지
86159051,라엔의 성물함
87207637,두더지와 검 여관
88256225,우드턴 탑
89305787,뉴포드 숲
90355341,더러운 던전 호스텔
91403922,애시햄 과수원
92452510,디벨라의 노래하는 신탁
93502081,녹슨 새끼 사슴 산장
94551664,코퍼포드 묘지
95600254,우즈슬리 농장
96649796,갈롤리
97698400,크리스토나 마녀회
98746985,모리르도스
99795567,킹하트 오두막
100845096,은빛 고슴도치 술집
101893696,디벨라의 두려운 제단
102942284,윅크로프트 궁전 유적
103991826,트리설라스
105040406,크롬모스
106088989,올드 킹잉 오두막 유적
107138592,크롬베일
108188128,디벨라의 영원한 승천
109236715,뉴베리
110285299,무어턴 농원
111333883,목마른 오소리 호스텔
112382476,올드 에블리리아의 판잣집
113432014,야만적인 머그 산장
114480592,올드 모르고리아 농장
115529207,입스햄
116578766,가어슬리 농장
117627347,녹슨 진 여관
118676892,디벨라의 영원한 제단
119725471,메네비아
120774054,코퍼슬리 농장
121822636,코퍼슬리 홀
122871232,킹윙 근위대
123919811,버킹포드 농장
124969355,롱베리 골짜기
126017943,요밍 저택
127066521,롱포드
128116109,호크스턴 무덤
129165655,고스헤드
130214234,두더지와 해골 여관
131262818,디벨라의 부드러운 일출
132311403,디벨라의 성스러운 징조
133360947,올드 크리스틴 농장
134409529,반우드
135458128,가어링 묘지
136506712,배일브루
137556264,올드 모르가비스의 거처
138604845,캐스게이트 코트
139653430,우드하우스 저택
140702024,악마의 투구 술집
141750602,하얀 검 호스텔
142800129,올드 바노리아의 거처 유적
143848730,올드 엘리지비라 농장
144897317,킹포드 코트
145945898,그린햄 농장
146994484,그린스미스 농장
148044021,악당과 드래곤 여관
149092602,워샤이어
150141184,애시윙 지하 묘지
151189786,무어하우스 궁전
152239327,배일브론
153288913,애시포드 묘지
154337505,코퍼윙 농장
155386085,올드 에블로나 농장
156435627,립브론 공유지
157484219,에펜 신전
158532815,윅턴 저택
159582373,살쾡이와 드래곤 여관
160630961,그린슬리 농장
161679540,그린크로프트 저택
162729092,윅윙 농원
163777697,알드트리
164826278,탬게이트 엔드
165875809,버킹턴 무덤
166924403,반샤이어
167972989,허스햄 농장
169022534,코퍼필드 저택
170072113,스톡포드 엔드
171120697,호트리
172169279,워베리 공유지
173217857,디벨라의 눈물 흘리는 구원자
174266438,허스하트 무덤
175315019,립체스터 바위
176363605,윅윙 과수원
177412192,올드 윅턴 오두막
178462721,올드 허스포드 거처
179511307,애시햄 저택
180559895,디벨라의 신성한 나무
181608481,윅슬리 농장
182658019,춤추는 노움 술집
183706597,차렌포트
184755180,은빛 고슴도치 여관
185803759,그린필드 저택
186852346,알딩베리
187900925,쥐와 야만인 여관
188949509,윌더데일
189999079,코퍼링 홀
191047666,애시필드 저택
192096249,애시윙 농장
193145802,무어스미스 농장
194194387,올드 무어스턴 오두막
195242982,두그로드 신전
196292506,웨스트캐슬
197341089,야만적인 수사슴 호스텔
198389667,춤추는 악동 여관
199438250,올드 윅턴 판잣집
200486849,이스트햄 언덕
201535428,체스터브론 황야
202585017,세카드레드
203633596,윅턴 묘지
204683105,두니낙 발굴지
205731682,타마릴린 마녀회
206780263,엘리조나 공동체
207828842,라이산더의 무덤
208877459,화이트타워 정원
209926989,호크턴 코트
210975581,윅햄 탑 유적
212024159,우드스턴 저택
213072779,크롬빌 공유지
214122324,코퍼햄 홀
215171867,올드 엘리사 농장
216220446,탬브론
217269033,워포트
218319629,올드 바니비라 농장
219368208,마스터윙 농원
220417751,체스터브루
88705,올드 엘리졸다의 오두막 유적
1140283,제프레 신전
2188861,애시햄 탑
3237442,허스포드의 요새
4288014,키나레스의 온화한 현자
5337586,코퍼하트 홀
6387167,호크스턴 코트
7435746,킹햄 탑
8486321,가어슬리 오두막
9534903,가어윙 농장
10584470,허스필드 요새
11633062,사자와 틈새 여관
12682613,호르워크
13731196,드워프와 야만인 여관
14779787,버킹필드 농장
15829331,브로드리지
16877911,현자 기념비
17926503,그린필드 묘지
18976065,무어윙 성
20024650,폰트포드
21073229,펜포트
22121811,레이브리지 황야
23170397,사이의 성물함
24218975,호크하우스 농장
25268518,킹스미스 농장
26317099,올드 엘레인 농장 유적
27365688,그린필드 농원
28414282,가어슬리 농장
29463830,애시스미스 농원
30512422,올드 가어슬리 오두막
31561003,마스터윙 농장
32610552,악당과 근위대 여관
33659136,알카이르 마녀회
34707722,코퍼크로프트 성
35757283,올드 코퍼슬리 거처
36805861,코퍼윙 홀
37854452,롱레이 엔드
38904008,키나레스의 영원한 빛
39952595,여왕의 개 호스텔
41002158,그림마켓
42050743,윅하우스 농원
43099329,올드 모르고나의 오두막
44148878,에본암의 모루
45197465,웃는 요정 산장
46246051,헤지로그의 횃대
47294642,위킹 농장
48344190,마스터햄 농장
49392771,올드 요밍 판잣집
50442357,아크몬트
51490939,버킹크로프트 궁전 유적
52539519,머패스
53588098,코퍼하우스 근위대 유적
54636679,가어스미스 농장
55685258,우드턴 요새
56734800,스톡우드
57783405,스테이드존 경의 고분
58832959,박쥐와 검 술집
59881539,알카이르
60930118,사자와 단검 산장
61978700,마스터링 묘지
63027278,애시햄 홀 유적
64076858,레이본
65125438,올드 모르골다 농장
66174993,가어스턴 농장
67223579,짐 사이 신전
68272172,호크하트 농장 유적
69321718,키나레스의 즐거운 재탄생
70370313,반브루 대성당
71418891,두니위르 실험실
72468458,로디스테어 채석장
73518031,여왕의 고블린 주점
74566617,벅킹슬리 무덤
75616176,그린햄 성채
76664762,그롬돈 둥지
77713343,마스터크로프트 장원
78762907,호크필드 장원
79812492,뉴우드
80861071,키나레스의 내면의 예언자
81909651,욤윙 궁전 폐허
82960197,그린스톤 저택
84008787,우드윙 농장
85057367,두그로드의 성소
86105949,욤햄 농가
87154528,마스터크로프트 저택 폐허
88203107,위킹 오두막 폐허
89252650,그린윙 홀
90301240,크롬마켓
91350823,벅킹스턴 농가
92399406,행운의 거인 주점
93448003,웨스트위치
94497543,허스슬리 코트
95546129,벅킹스미스 영지
96594713,키나레스의 피 흘리는 예언자
97643309,그린스톤 장원
98691887,호크하트 농가
99741445,검은 악동 주점
100790032,마스터하우스 장원
101839583,욤필드 저택
102888168,늙은 캐롤라바이스의 오두막
103936758,나이츠레치
104986309,키나레스의 침묵의 징조
106034901,에드위위르의 실험실
107083490,우드하우스 저택
108133035,그림햄
109181620,애슐리 요새
110230210,개링 궁전
111278788,키나레스의 두려움에 찬 영혼
112327368,웃는 머그잔 주점
113375955,버름팽 마구간
114425498,호크크로프트 오두막
115474109,호크슬리 오두막
116523665,킹포드 홀
117572251,고스샤이어
118621799,개링 묘지
119670378,붉은 수사슴 주점
120718990,벅킹크로프트 농가
121767574,고스레이
122817093,무어슬리 농가
123865675,코퍼햄 농가
124914262,캐스본
125962845,벅킹스턴 코트
127011424,윅필드 성
128060013,키나레스의 신성한 징조
129108593,개슬리 궁전
130157180,늙은 바니리아의 오두막
131206711,모르디발의 실험실
132255291,무어크로프트 저택 폐허
133303884,키나레스의 불타는 영혼
134352471,화이트테일
135401064,애시스미스 장원
136449644,애시스턴 홀
137499169,애시필드 요새
138547749,무어포드 저택 폐허
139596343,벅킹하트 농장
140644922,늙은 크리스토리아의 거처 폐허
141693508,램위치
142742090,위킹 과수원
143790669,툰패스
144840233,폰트웨이
145889814,무어스턴 성채
146938407,늙은 빅테인의 오두막
147986986,키나레스의 영원한 빛
149036537,개르하트 저택
150085124,호크크로프트 요새
151133706,비명 지르는 검 여관
152183290,커크카트
153231868,마스터스턴 농가
154281430,코퍼슬리 탑
155330008,워게이트
156378590,블랙베리
157428164,늙은 킹턴의 거처
158476744,그린햄 홀
159525324,하얀 야만인 숙소
160574903,마스터하트 장원
161623483,킹스턴 요새
162674061,늙은 빅티리아의 오두막
163724637,호크필드 성채
164775214,그린턴 묘지
165826796,웃는 고양이 숙소
39658,왕의 사향쥐 숙소
1089243,디벨라의 울부짖는 순교자
2139821,애시필드 홀 폐허
3190391,늙은 무어하트의 거처 폐허
4238974,욤하트 묘지
5289547,그린턴 탑
6338128,립브리지
7387695,미드빌
8437279,옥스헤드
9485858,디벨라의 영원한 영혼
10535422,홀호프
11584003,홀위치
12635571,하얀 거인 숙소
13686147,그롤호스
14734731,쥐와 수사슴 숙소
15784301,디벨라의 울부짖는 영혼
16832885,늙은 엘리자우사의 오두막
17882457,무어포드 농가
18933042,램베일
19982600,늙은 바니리아의 오두막
21031183,보즈릴라스의 거미줄
22080768,나이츠슬리
23129372,디벨라의 축복받은 일출
24177952,애시스턴 과수원
25227488,디벨라의 침묵의 예언자
26277057,화이팅
27325676,그리닝 홀
28374255,화이트워크
29423789,무어윙 농장
30472399,디벨라의 축복받은 징조
31522945,애시하우스 지하 묘지
32573521,그림크로프트
33622100,우드윙 장원
34670697,제프레의 성소
35719283,벅킹슬리 저택
36770828,차햄
37819410,킹필드 성
38868003,왕의 전갈 숙소
39916596,코퍼슬리 탑
40966136,애싱 농가
42014721,애시스턴 궁전
43064282,돼지와 고블린 숙소
44112888,코퍼햄 장원
45161468,발테논의 은신처
46211002,우드필드 묘지
47259582,욤하우스 저택
48308184,배일위치
49356770,검은 수사슴 선술집
50407321,킹하우스 홀
51455900,그린윙 농가
52505470,허스크로프트의 경비대
53554059,킹하트 농가
54602643,목마른 사제 여관
55651228,디벨라의 눈물 젖은 빛
56700807,애시하트 궁전
57749390,버그웨이
58798921,두더지와 단검 숙소
59847507,디벨라의 눈물 젖은 구원자
60897107,늙은 애시윙의 거처
61946658,붉은 구덩이 주점
62995246,커크버리 코트
64044794,애시하트 농장
65093380,애슐리 농가
66141972,그림브러
67190559,윅윙 과수원
68239154,애시윙 묘지
69288702,우딩 궁전
70338253,윅윙 농가
71386836,코에그리아
72435414,호크슬리 코트
73484024,우드크로프트 농가
74533559,늙은 라이신의 오두막
75582159,밴캐슬 정원
76630739,쥐와 단검 숙소
77679322,허스스미스 묘지
78728870,홀웰
79778449,벅킹포드 저택
80827066,늙은 라이나의 농장
81876591,무어크로프트 저택
82925192,롱브리지
83973771,반디의 성소
85023352,우드필드 농가
86071939,욤햄 코트
87122472,크롬패스
88173056,엘리조나 마녀회
89221635,킹슬리 묘지
90270234,불운한 전갈 선술집
91319775,코퍼윙 장원
92368354,그린턴 농가
93416934,늙은 그린스미스의 오두막
94465531,살쾡이와 늑대 선술집
95514109,현자 기념비
96563680,무어하우스 농가
97612266,조드의 성소
98661837,알드체스터
99710424,알드윅
100760979,그린슬리 농장
101810565,붉은 사제 숙소
102859143,벅킹스미스 오두막
103908706,사힐로르고니바 동굴
104958267,애시하우스 농가
106006849,이스트베스
107056408,춤추는 드래곤 숙소
108104997,갤로턴
109153579,욤하우스의 경비대
110202163,펜버리
111253719,벅킹잉 농가
112302298,살쾡이와 야만인 주점
113350878,디벨라의 울부짖는 별
114399464,크롬타워
115450023,엘라우사 숭배
116498619,애시포드 농가
117548182,그림포드
118597750,욤슬리 농장
119646336,늙은 욤슬리의 오두막
120697907,늙은 마스터스미스의 오두막
121748481,폰트베스
122797074,검은 검 주점
123847632,헬커
124898210,늙은 이시리아의 농장
125946790,허스필드 궁전
126996372,초록 사향쥐 여관
128046945,모룰람의 돌무지
129097518,비버와 우드척 숙소
130146110,홀턴
131195677,곤다르 감옥
132245248,코퍼링 저택
133294827,데무아젝시아 골짜기
87641,램위치 홀
1136219,웨스트체스터
2184799,벅킹필드 과수원 폐허
3233377,차윅
4282925,허스스턴 무덤
5331513,곤디스테어 채석장
6381081,조드의 성소
7429677,박쥐와 사냥꾼 여관
8479247,마스터햄 궁전
9527834,무어크로프트 장원 폐허
10577382,욤하우스 오두막
11625967,허스햄 지하 금고
12675530,롱베스
13724108,코퍼스미스 묘지
14772693,베리무스 지하 묘지
15821281,큐올웬의 성소
16870831,갤로잉
17919431,무어크로프트 저택
18968016,갤로워크
20017544,스텐다르의 축복받은 재탄생
21066143,홀위치 대성당
22114723,욤잉 오두막 폐허
23163301,무어슬리 저택
24212882,싱위치
25262434,마르키스 마그네누스의 돌무지
26311032,킹하우스 코트
27359612,그린포드 농장
28409150,쉬지 않는 고슴도치 주점
29457743,호크슬리 묘지
30506359,그린톤 요새
31555875,그롤라팡
32604467,마스터턴 저택
33653056,버그베일
34701636,무어링 농장
35750229,옛 무어필드 저택
36798809,스텐다르의 신성한 영혼
37848333,화이트캐슬
38896943,우드크로프트 매장지
39945522,호크윙 농장
40995074,이스팅 바위
42043678,애쉬크로프트 그레인지
43093219,옛 엘리자비스의 저택
44141808,여우와 새끼 사슴 여관
45191376,뉴모어 골짜기
46239963,뉴테일
47288549,붉은 투구 주점
48337133,무어하트 그레인지
49385725,킹턴 홀
50435295,호크윙의 거점
51484810,윅턴 궁전
52533402,마스터스미스 홀
53581980,무어슬리 농장
54630592,차렌타워
55679173,차렌크로프트
56727755,옛 바니리아 농장 폐허
57777264,애쉬크로프트 농장
58825855,윅하우스 농장
59874456,옛 벨라도나 농장
60923036,은빛 투구 산장
61971614,옛 무어슬리 저택
63021153,엘리자비스 전통
64069732,불운한 고슴도치 호스텔
65118317,욤슬리 묘지
66166896,호크하우스 농장
67215475,우드포드 과수원
68264055,폰체스터 바위
69312637,바닝
70361229,애쉬햄 묘지
71410751,우드크로프트 농장
72459329,그린윙의 지하 묘지
73507911,호월드
74556538,하스필드 홀
75606053,킹필드 농장
76654646,옛 벨라다비스의 오두막
77703225,호크슬리 궁전
78751815,웨스트포트
79800399,커크월드
80848986,호크윙 폐허
81898534,블랙위치 황야
82947149,윅하우스의 무덤
83995730,그럼라스
85045229,스텐다르의 두려운 재탄생
86093819,무어윙 농장
87142429,캐스웨이
88191027,버그베일 황야
89240526,차렌브론
90289118,코퍼턴 그레인지
91337701,리시나 결사
92386301,디스포니바 구멍
93434887,욤포드 묘지
94483471,가어포드 농원
95532061,마스터턴 농장
96581550,옛 바비나의 오두막
97630185,위킹 농장
98678777,윅하우스 그레인지
99727372,스톡브론
100776865,라이핑
101825456,람트리
102874077,펜마켓
103922661,폰브리지
104971246,목마른 해골 호스텔
106019825,스트레너 헤이븐
107069344,옛 빅틴 농장
108118886,캐스체스터
109167477,여우와 해골 주점
110216061,마스터하트 그레인지
111264641,하스윙의 경비대 폐허
112313254,스텐다르의 내면의 빛
113362783,화이트레치
114412333,하스포드 탑
115460942,애쉬스미스 탑
116509537,짐 세이 신전
117558116,옛 바니나의 저택
118607641,호크슬리 저택
119656225,미드호프
120704813,보리아네
121753395,미드월
122801987,툰베일
123850577,버킹슬리 저택
124900095,위킹 탑 폐허
125948685,그린스미스 저택 폐허
126997265,마스터윙의 무덤
128045847,레이리
129095393,캐스셔
130144023,마스터스미스 코트
131192601,무어스턴 농장
132241183,무어크로프트 매장지
133290702,무어하우스 과수원
134339282,스텐다르의 노래하는 빛
135387881,코퍼햄 농장
136436484,울부짖는 염소 주점
137486004,하스슬리 오두막
138534602,하스하우스 저택
139583209,킹포드 홀
140632741,비명 지르는 고양이 여관
141681355,코퍼슬리 저택
142730887,나는 거인 호스텔
143779471,고스위치 황야
144828058,베디스테어 성
145876656,워포드
146925239,살쾡이와 사제 여관
147974769,우드스턴의 탑
149024343,죽은 악동 호스텔
150072936,버킹윙 홀
151121514,악마의 사제 호스텔
152170110,애쉬슬리 오두막 폐허
153219660,우드햄 저택
154268245,나이츠데일
155317797,무어크로프트 요새
156366377,모르데인 광산
157414960,킹잉 농장
158463562,업트리 코트
159513114,우즈슬리 그레인지 폐허
160561708,스텐다르의 무한한 순교자
161611257,코퍼링 오두막 폐허
162660846,뉴몬트
163709425,가어하우스 코트
164758009,홀우드
165806593,옛 엘리나 농장
166855171,뉴패스
167903751,옛 이세인 오두막
168952330,우드포드의 지하 묘지
170001864,두더지와 마멋 호스텔
171050447,스텐다르의 기쁜 나무
172099027,무어햄 농장
173147613,알딩마켓
174198169,베로마우스의 무덤
175246749,스텐다르의 타오르는 제단
176295339,크롬모어
177343927,롱빌
178392507,화이트모어
179441085,호크스미스 농장
180490639,디어링
181539223,가어슬리 농장
182588780,트리스테인 구덩이
183637388,옛 빅토나 오두막
184686934,와일더레이
185735513,무어크로프트 코트
186784096,와일더몬트
187832697,리토게온의 무덤
188882250,스텐다르의 기쁜 순교자
189930839,아크베스 정원
190980420,워테일
192035017,입스모스
193084591,옛 하스윙 오두막
194134174,옛 에벨로리아 농장
195183725,킹하트 탑
196232322,드워프와 구덩이 여관
197283879,리토밤의 집
198333451,옛 바나비스 농장
40639,우드턴 성
1089220,마스터슬리 저택
2137801,욤크로프트 그레인지
3187356,그린스톤 코트
4235938,하스햄의 탑
5284535,킹포드 성
6334049,윅윙 궁전
7382631,차르베일
8431217,무어스미스 농장
9479798,욤필드 요새
10528385,차르웨이 황야
11576976,더러운 그리핀 산장
12626517,호크크로프트 요새
13675109,우드포드 농장
14723693,윅슬리 매장지
15772283,욤슬리 농원
16820865,제니타르의 축복받은 별
17870382,킹햄의 거점
18918965,여우와 해골 호스텔
19967551,하스하트 저택
21016130,옛 엘리졸다 농장
22064709,킹슬리 궁전
23113299,그리닝 오두막
24161881,그린윙 묘지
25210471,옛 바베인 오두막 폐허
26259994,은빛 사슴 호스텔
27308595,애쉬햄 성
28357193,차렌웰
29406720,버킹슬리 탑
30455303,애쉬슬리 홀
31503886,악동과 사향쥐 주점
32552469,그린포드의 거점
33601069,호크스턴 코트
34650610,입스본
35699194,코퍼하우스 묘지
36747803,하스크로프트 궁전
37796382,윅크로프트 탑
38845911,무어슬리 코트
39894496,무어햄 저택
40944074,코퍼하우스 홀 폐허
41992655,애쉬크로프트 탑
43041237,디오디스테어의 지하 감옥
44089843,애싱 농장
45139363,옛 모르기나의 저택
46187971,그리닝 저택 폐허
47236565,녹슨 염소 산장
48285144,옛 우드하트 저택
49334674,킹스미스 농장
50383285,그린스미스 무덤
51431863,그린하트 홀
52480441,고스워스 공유지
53529019,우드햄 농장
54578547,마스터슬리 요새
55627127,코퍼스미스 성 폐허
56676710,가어윙 지하 묘지
57725288,디어웰
58773868,반디의 신전
59822465,깃털과 균열 주점
60871059,반톤
61920598,무어윙의 무덤
62969197,욤햄 그레인지
64017775,무어슬리 저택 폐허
65066366,애쉬스턴 농장
66115885,가어스미스의 거점
67164473,탐베리 골짜기
68213052,곤디릭의 교도소
69261633,탐테일
70311196,코퍼스턴 탑
71359774,목마른 고슴도치 호스텔
72408378,제니타르의 타오르는 영혼
73456957,캄브리아
74505540,제니타르의 침묵하는 순교자
75555084,호크스미스 농장
76603679,호크스턴 과수원
77653219,욤턴 홀 폐허
78701821,윅스미스 탑 폐허
79750411,고스위치
80799978,버킹윙 오두막
81848566,무어턴 타워
82897151,애시햄 저택
83946682,디어리
84995263,호크슬리 성
86043842,업웨이
87092430,램셔
88141013,나이츠몬트
89189596,네크로메훌론 공작의 성
90239114,싱게이트
91287708,엘라비스 농장
92336301,가어햄 플랜테이션 유적
93384888,허스윙 농장
94433474,킹스턴 농장
95482982,커크크로프트
96531561,마스터햄 플랜테이션
97580143,마스터링 농장
98628750,크리스티사 농장
99677349,그린슬리 저택 유적
100725932,킹턴 농장
101775436,화이트 저그 여관
102824046,애시하트 농장
103872637,에벨라라 농장 유적
104921232,윅슬리 과수원
105970759,엘리조리아의 오두막
107019358,그린윙 타워
108067943,빅톨다의 오두막
109116527,호크슬리 요새
110165105,제니타르의 온화한 제단
111213685,허스슬리 무덤
112262266,우드윙 성채
113310844,윅햄 저택 유적
114360344,코퍼턴 궁전
115409001,호킹 영지
116458503,옥스브러
117507104,큐올웬의 신전
118555684,호크필드 플랜테이션
119604268,마루아게룰라 골짜기
120652852,마그네제자르의 무덤
121701430,캐롤리리아 의회
122750011,옥스윅
123798597,허스스미스 지하 묘지
124847190,캐스모어
125895771,버킹스미스 영지
126944350,레스틀리스 포큐파인 로지
127993843,그린윙 요새
129042429,위킹 저택
130091012,크림슨 캐슬 호스텔
131139621,와일더체스터
132188200,옛 호크크로프트 장소
133237729,애시필드 과수원 유적
134286311,코퍼하트 타워 유적
135334906,코퍼스미스의 경비대
136383491,호크하우스 요새
137432088,우드하트 요새
138480686,버킹포드 영지 유적
139530171,그린윙 농장
140578755,가어턴 농장
141627350,가어햄 궁전
142675954,호크크로프트 영지
143724535,마스터하우스 농장
144773134,애시스턴 묘지
145822629,실버 배저 호스텔
146871208,바니리아의 오두막
147919799,제니타르의 두려운 유물
148968378,버킹슬리 영지
150016960,코퍼하트 성 유적
151065577,옛 코퍼하우스 오두막
152114156,비버 앤 페어리 선술집
153162735,버킹하트 저택
154212242,턴셔
155260822,우드크로프트 성채
156309400,윅포드 저택
157357988,제니타르의 눈물 젖은 일출
158406578,호크스턴 홀 유적
159455161,배트 앤 라스칼 여관
160503747,에벨로리아의 오두막
161552346,버킹포드 코트
162600934,에드위스테어 영지
163650415,머월드
164699010,애시포드 농장
165747612,허스윙 묘지
166796208,옛 위킹 오두막
167844792,마우스 앤 스태그 선술집
168893386,머포드
169942882,욤하우스 코트
170991480,배일포드
172040062,버킹슬리 지하 묘지
173088654,그린스미스 저택 유적
174137238,섹터
175185834,그린스미스 타워
176234415,그린턴 홀
177282996,제니타르의 기쁜 재탄생
178332507,레스틀리스 버드 펍
179381102,롱윅
180429680,베디스티어 채석장
181478273,욤햄 홀
182526857,그립드레드
183575435,가어슬리 요새
184624934,제니타르의 영원한 영혼
185673512,몰 앤 도그 선술집
186722090,펜데일
187770671,펜윅
188819280,애시슬리 타워 유적
189867868,무어포드 플랜테이션
190916472,제니타르의 불타는 구원자
191965054,하울링 대거 여관
193014549,버킹크로프트 홀
194063133,가어하우스 농장
195111730,리시사의 장소
196160308,허스포드 저택 유적
197208897,레스틀리스 바바리안 선술집
198257516,무어슬리 저택
199306096,그레이윅
200355575,벨라디나의 오두막
201404179,우드필드 영지
202452760,유티릭 연구소
203501350,버그레이
204549936,제니타르의 침묵하는 구원자
205598517,호크스턴 묘지
206647108,버킹잉 저택
207695686,바보리아 농장
208745187,실버 고블린 호스텔
209793770,제니타르의 무한한 순교자
210842348,우드포드 묘지
211890964,데드 스태그 호스텔
212939562,립우드
213988151,언포춘 스태그 로지
215036730,에드위스티어 수용소
216085309,스토크모스
217133888,호크크로프트 저택
218183376,윅크로프트 그랜지 유적
219231966,램웰
220280564,윅턴 성채
221329150,욤햄 궁전
222377739,윅스턴 농장 유적
223426330,차렌모스
224475827,옥스트리 자치구
225524419,알라비스티어 구덩이
226573004,우딩 과수원
227621586,이릭의 제단
228670176,욤하트 농장
229718756,몰 앤 도그 여관
230767349,뉴윅
231815931,위킹 홀
232865430,킹잉 묘지
233914025,호크필드 저택
234962629,그웨나비스의 장소
236011218,버그브러
237059796,욤스미스 농장
238108402,그림트리 정원
239157908,크롬데일
240206490,애시슬리 오두막 유적
241255074,윅슬리 오두막 유적
242303652,언포춘 페어리 로지
243352243,허스스미스 농장
244400835,코퍼스턴 궁전 유적
245449429,윅필드 농장
246498013,호크슬리 저택
247546591,브로드윅 힐
248596070,블라디보르의 무덤
249644671,킹스미스 저택
250693252,그린스턴 궁전
251741830,알딩레이
252790418,우드슬리 농장
253839007,제니타르의 신성한 빛
254887585,요밍 플랜테이션
255936163,욤스턴 농장
256984744,위킹 홀 유적
258033338,애시턴 홀
259081923,알딩웨이
260131425,트리세라호스
261180032,허스햄 저택
262228613,발타나우스 홀
263277202,퀸즈 스컬 여관
264325780,그린윙 저택
265374381,마우스 앤 도그 로지
266423865,에본암의 모루
267472443,마스터스미스 그랜지
268521024,무어필드 묘지
269569612,허스필드 농장
270618190,킹슬리 과수원
271666769,비버 앤 헌츠맨 호스텔
272715381,마스터크로프트 무덤
273763974,더티 핏 여관
274812562,가어하트 그랜지
275861145,버킹엄 영지
276910629,바니비라 농장
277959218,몰 앤 페어리 선술집
279007805,가어슬리 그랜지 유적
280056391,올드베리
281104976,제니타르의 침묵하는 우상
282153597,버킹윙 플랜테이션
283203078,페더 앤 바바리안 선술집
284251687,제니타르의 온화한 순교자
285300297,버킹스턴 농장
286348875,버킹하트 홀
287397479,에본암의 모루
288446960,무어하트 묘지
289495540,제니타르의 불타는 일출
290544126,킹포드 코트
291592723,피그 앤 폰 호스텔
292641309,킹하우스 플랜테이션
293689887,제니타르의 축복받은 제단
294738467,호크스턴 저택
295787998,머호프
296836584,위킹 성채 유적
297886192,마우스 앤 울프 여관
298935734,그린윙 요새
299984318,욤슬리 저택
301033874,두니발 연구소
302082457,허스슬리 농장
303131035,제니타르의 눈물 젖은 영혼
304179616,옛 킹잉 장소
305229202,마스터윙 농장
306277783,마스터포드 홀
307327328,버킹하트 농장
308375923,알라보어 광산
309424503,옛 애시하우스 판잣집
310474064,미드브리지
311523638,그리포라스
312572229,욤윙 궁전
313620809,허스턴 홀
314669389,그린스미스 성
315718944,키에란 극장
316768522,밴리
317817107,애시스턴 플랜테이션
318866685,아클리
319915263,윅슬리 홀
320964848,제니타르의 온화한 영혼
322014420,차베리
323063985,윅필드 성
324112563,가어턴 홀
1456,옛 윅포드 오두막
1050051,윅햄 농장
2098677,호킹 농장
3147255,모르기사 농장
4195849,웨스트베리
5244438,발레우스의 구덩이
6293927,윅크로프트 무덤
7342505,스텐다르의 타오르는 구원자
8391162,알딩포트
9439761,알딩테일
10489287,마스터슬리 탑
11537865,호크하우스 오두막
12586478,늙은 그위니사의 판잣집
13635091,늙은 그위나우사의 판잣집
14684518,테오다스티르 연구소
15733122,스텐다르의 고요한 영혼
16781738,늙은 바노리아의 판잣집
17830381,스텐다르의 온화한 순교자
18878969,반타워
19928388,아크패스
20976993,버킹윙 농장
22025627,스케핑턴 마녀회
23074204,늙은 바빈의 농장
24122831,늙은 바볼다의 거처
25172292,허스스미스 홀
26220886,롱베일
27269468,늙은 킹하트 판잣집
28318092,여왕의 투구 호스텔
29366692,킹하트 요새
30415274,불운한 노움 여관
31463855,깃털과 악동 선술집
32512449,롱웨이
33561041,화이트베일
34610458,호패스
35659041,허스슬리 요새
36707631,배엘몬트
37756318,스텐다르의 노래하는 구원자
38805781,코퍼스미스 코트 폐허
39854365,우즈슬리 저택
40902944,늙은 그위네인의 거처
41951533,행운의 거인 펍
43000161,악마의 던전 펍
44048753,늙은 허스하트 거처
45097375,무어크로프트 묘지
46145953,브로드샤이어
47195372,애시포드 그레인지
48243953,스텐다르의 두려운 징조
49292558,마스터크로프트 저택
50341174,마스터하우스 홀
51389760,무어윙 농장
52438364,허스하트 공동묘지
53486953,코퍼스미스 저택
54536396,우즈슬리 요새
55584997,늙은 요먼스턴 오두막
56633620,차샤이어
57682208,차카트
58730788,애시햄 그레인지
59779387,위킹 저택
60827977,윅필드 농장
61876559,갈로샤이어
62925151,늙은 호크크로프트 거처
63974591,가어슬리 저택
65023213,스트레너 헤이븐
66071806,허스크로프트 요새
67120446,녹색 단검 호스텔
68169049,스텐다르의 축복받은 영혼
69218512,애시턴 농장
70267101,뉴포드
71315716,뉴월드
72364306,늙은 마스터하우스 오두막
73413782,그린햄 요새
74462360,늙은 요먼하우스 거처
75510945,허스포드 저택
76559529,허스햄 홀
77608130,늙은 호크햄 판잣집 폐허
78656714,코퍼하트 탑
79705295,늙은 모르가나의 판잣집
80753923,스텐다르의 흐느끼는 영혼
81802501,그린포드 무덤
82851111,스텐다르의 축복받은 순교자
83900533,늙은 무어슬리 오두막
84949122,코퍼슬리 저택
85997710,킹윙 홀
87046292,머빌
88094879,스텐다르의 축복받은 징조
89143463,싱본
90192101,허스크로프트 농장
91240689,앤디크터 아카데미
92289267,싱테일
93337860,무어링 무덤
94387320,롱체스터
95435975,화이트브러 코트
96484559,스텐다르의 즐거운 재탄생
97534020,늙은 이사비스의 농장
98582607,이스트데일
99631306,호크슬리 농장
100679902,마스터스턴 매장지
101728481,마스터스미스 성
102777931,사한크스 신전
103826523,벨라도다 집회소
104875174,그린윙 탑 폐허
105923753,알딩베일
106972351,스텐다르의 흐느끼는 징조
108021788,코퍼스턴 저택
109070372,늙은 에블라우사의 판잣집
110118975,검은 심연 펍
111167628,무어포드 농장
112216214,코퍼턴 저택
113265666,하얀 던전 호스텔
114314247,업레이
115362837,홀워스
116411423,늙은 엘로리아의 농장
117460106,크로스샤이어
118509560,키에란 극장
119558154,그림캐슬
120606825,애시하트 영지
121656292,버킹하우스 그레인지
122704970,디스페빈섹사의 동굴
123753556,커크리지
124802136,가어햄 저택
125850714,커크베스
126900155,윅턴 저택
127948735,버킹윙 성 폐허
128997322,호크스턴 과수원
130046025,코퍼턴 영지
131094603,페리발의 연구소
132144048,블랙브러 들판
133192729,디어포트
134241312,업테일
135289892,버킹포드 탑
136338477,허싱 농장
137387903,마스터하트 저택
138436486,머헤드
139485064,허스하트 탑 폐허
140533642,탬포트
141582225,왕의 고블린 펍
142630804,그린슬리 홀
143679390,그린슬리 코트
144727974,가어하우스 농장
145776658,애시턴 성채
146825241,차렌레크 홀
147874677,스텐다르의 성스러운 선지자
148923264,애시크로프트 코트
149971958,윅슬리 농장
151020536,늙은 바니나의 농장
152069968,에펜의 사당
153118551,늙은 요먼햄 오두막
154167131,늙은 허싱 오두막
155215718,유티스테어 성
156264304,트리서구의 거미줄
157312996,이스트타운
158361575,브로드브론
159410157,윅크로프트 농장
160459605,그린스턴 농장
161509172,레이카트
162558740,애시슬리 탑
163607340,허스필드 저택
164656885,싱포드
165705470,늙은 코퍼스미스 거처
166754051,우즈슬리 영지 폐허
167802633,그린하트 농장
168852201,웨스트브러
169900783,앤디스테어 연구소
170950357,허싱 코트
172000921,와일더웨이
173049503,호크스미스 농장
174098086,호크슬리 묘지
175147641,프리기아스
176196242,호웨이 골짜기
177244821,우드하트 농장
178294380,아노틀라스
179342980,립모스
180392522,무어윙 코트
181441128,우드필드 무덤
182490678,그레이턴
183539258,그레이위치
184587840,디어포드
185636418,디어윅 홀
186685988,아크위치
187734576,우드크로프트 과수원
188783157,머브러
189831735,요먼포드 농장
190881289,늙은 마스터필드 거처
191929882,마스터슬리 농장
192979447,버킹슬리 농장
194028025,마스터스턴 그레인지 폐허
195076613,애시하우스 농장
196125191,스텐다르의 타오르는 선지자
197173771,윅하트 성
198222350,허스하트 폐허
199271908,요먼윙 농장
40426,스텐다르의 내면의 일출
1090027,브로드베일
2139575,빅티리아 수렴
3188158,앙가터 거미줄
4236737,스텐다르의 피 흘리는 일출
5285361,램월
6334915,호크슬리 홀
7384454,나이츠게이트
8433063,두꺼비와 악동 선술집
9481667,허스필드 저택
10531196,스텐다르의 흐느끼는 제단
11579801,메링
12629334,스텐다르의 고요한 재탄생
13677946,허스슬리 농장
14726540,허스윙 농장
15776110,브로드윅
16825681,무어윙 농장
17874275,무어턴 농장
18923795,늙은 모르고리아의 농장
19972377,아클레크
21020963,스텐다르의 통곡하는 구원자
22069547,윅턴 영지
23118133,버킹포드 홀
24167677,킹하우스 홀
25216271,킹하우스 탑
26264853,그린턴 농장
27313434,두더지와 마멋 선술집
28362019,가어하트 근위대
29410600,울부짖는 머그잔 여관
30460139,곤디위르 감옥
31508740,마스터하트 궁전
32557332,가어햄 요새
33606869,스텐다르의 노래하는 나무
34655450,버킹턴 코트 폐허
35704029,늙은 바보리아의 농장
36752622,가어슬리 궁전
37801201,허스윙 탑
38849790,마스터하우스 농장
39899311,암시장
40947916,그레이잉
41996499,호크포드 오두막
43045089,스텐다르의 신성한 선지자
44095670,호크포드 성
45144254,늙은 마스터스턴 오두막
46193771,요먼하우스 탑
47242358,호모어
48290956,윅포드 성 폐허
49339554,배엘빌
50389125,가어하우스 농장
51438655,무어턴 농장
52487260,싱위치
53535849,늙은 우드윙 판잣집 폐허
54585405,펜월
55634951,가어햄 공동묘지
56683541,와일더월
57732127,스텐다르의 신성한 재탄생
58781737,스텐다르의 축복받은 나무
59832316,베디발 요새
60881832,무어하우스 영지
61930423,그린슬리 그레인지
62979007,체스터리지 엔드
64027618,뉴본
65077141,스텐다르의 눈물 흘리는 우상
66125730,나는 사냥꾼 산장
67176297,마레리바 민스터
68224886,오래된 목공의 오두막
69273496,스텐다르의 타오르는 별
70323013,스텐다르의 온화한 영혼
71371599,오래된 이사비스의 오두막
72420184,오래된 엘리자인의 오두막
73468794,애슈턴 묘지
74518329,올드크로프트
75566940,마스터슬리 농장
76616489,호크스턴 오두막
77665098,웨스트타운
78713685,오래된 에벨라비스의 판잣집
79763206,입스셔 자치구
80811787,오래된 그윈올다의 농장
81860387,스텐다르의 눈물 흘리는 예언자
82909930,킹잉 과수원
83958519,옥스워크
85007100,캐스리지
86055681,오래된 빅테인의 농장
87104261,마스터슬리 요새
88152856,우드포드 홀
89201443,욤필드 근위대
90250957,가어필드 농장
91299575,가어슬리 저택
92349115,무어포드 코트
93397699,무어햄 농장
94446283,이스트본
95494863,이스트빌
96543449,스텐다르의 두려운 예언자
97592041,그린크로프트 저택
98641574,웨스트헤드
99690170,트로기라스
100738759,왕의 악동 선술집
101787338,가어하트 농장
102835923,에드윅터 성
103885463,올딩호프
104934053,뉴헤드
105983617,스텐다르의 축복받은 예언자
107032197,허스슬리 성채
108080775,우드윙 농장
109130328,허스윙의 영지
110178917,화이트셔
111227510,무어슬리 농장 폐허
112276106,욤하우스 홀
113325639,킹슬리 지하 묘지
114374226,턴리지
115422807,허스하우스 그레인지
116472359,폰트마켓
117520941,코퍼하우스 그레인지
118569558,네크로마노스 홀
119619083,윅햄 농장 폐허
120667680,스텐다르의 무한한 순교자
121716259,오래된 그린슬리 판잣집
122764849,그린크로프트 농장
123813428,크로스체스터
124862010,스텐다르의 거룩한 구원자
125911573,호크턴 저택 폐허
126960151,호무나토르곤 동굴
128009699,입스브론
129058284,가어슬리 저택
130106904,검은 사향쥐 여관
131156425,오래된 코퍼슬리 오두막
132205025,욤햄의 무덤
133253613,그린하우스 농장
134303180,스텐다르의 피 흘리는 순교자
135351781,탐리지
136401306,스토키지
137449912,스토크베스
138499485,킹필드 지하 묘지
139548076,커크빌
140596665,미드본
141646185,그레이타워
142694800,애쉬윙의 영지
143744352,버그크로프트
144792954,우즈슬리 묘지
145841546,오래된 크리스티리아의 오두막
146891090,무어하우스 농장
147939668,코퍼포드 농장
148988254,차렌몬트
150037790,립캐슬 숲
151086376,마스터하우스의 영지
152134956,베디스티르 실험실
153183556,반놀다 교단
154232141,윅크로프트 그레인지
155280733,호크하우스 농장
156330273,킹잉 농장
157379823,크롬브러
158429427,애쉬햄 저택
159478022,오래된 바빈의 농장
160527554,킹잉 농장
161576134,스텐다르의 온화한 빛
162624714,모르팡
163673305,우드필드 성채
164721908,호르빌
165770488,버그본
166819068,그림테일
167868601,립위치
168917190,마스터크로프트 과수원
169965779,마스터하우스 농장
171015336,호킹 저택
172063916,킹하트 묘지
173113521,캐스헤드
174162106,마엘레우세나의 동굴
175211615,탐레이
176260251,욤슬리 농장
177308831,깃털과 근위대 여관
178358347,우티위르 정신병원
179406944,트리스티발의 탑
180455523,올딩
181504103,코퍼윙의 영지
182552692,허스슬리 저택
183602239,사자와 야만인 산장
184650852,코퍼햄 탑 폐허
185699433,오래된 빅타라의 농장
186748949,박쥐와 성 여관
187797531,가어스턴 농장
188846154,무어슬리 과수원
189895666,윅하트 그레인지 폐허
190944250,버킹스턴 그레인지
191992848,애쉬하트 농장
193041474,드워프와 사냥꾼 호스텔
194090974,윅하트 농장
195139567,호크크로프트 농장
196188162,스라소니와 검 술집
197236748,와일더브론
198285346,코퍼턴 농장
199334851,우드하트 그레인지
200383442,스텐다르의 두려운 별
201432029,워타운
202480611,허스스턴 과수원
203529201,애쉬하우스 저택 폐허
204577807,워브론
205627324,호크햄 저택
206675936,그레이몬트
207724515,폰트카트
208773094,스텐다르의 영원한 나무
209822609,춤추는 성 술집
210871197,코퍼포드 묘지
211919791,그리닝 코트
212968376,은빛 새 산장
214017910,킹하트 과수원
215066509,립빌
216116105,올딩헤드
217164700,버킹하트 근위대
218213295,무어필드 오두막
219262805,오래된 모르기비라의 농장
220311402,무어포드 궁전
221360008,킹하우스 요새
222409524,윅필드 궁전
223458105,호크하트 농장
224506691,트리세라스
225555274,배엘브리지 자치구
226603883,코퍼포드 농장
227652473,버킹필드 저택
228702032,미디지
229752574,스텐다르의 축복받은 재탄생
230801156,오래된 반나나의 농장
231849759,마스터턴 그레인지
232898373,마스터햄 요새
233946952,허싱 농장
234996441,베르망곤
236045019,스텐다르의 거룩한 승천
237093597,윅필드 농장
238142213,허스턴의 영지
239190801,윅크로프트 묘지
240239400,버그위치
241287979,크로스위치
242337485,마엘랑시아 신전
243386069,크롬위치 엔드
244435695,워호프
245484283,욤스미스 무덤
246533809,차렌데일 데리
247582390,우딩 코트
248630973,우드스턴 농장
249679560,스텐다르의 피 흘리는 재탄생
250728157,버킹크로프트 궁전
251777745,마스터필드 묘지
252828289,우드스턴 저택
253876881,오래된 코퍼하트 오두막
254926425,스텐다르의 두려운 예언자
255975021,박쥐와 오소리 여관
257023603,그림베스
258073192,가어슬리 농장
259121773,마스터슬리 농장
260170351,테오딘 감옥
261219890,립베리
262268484,싱캐슬
263317065,버킹하우스 농장
264366591,가어하트 저택
265415203,스텐다르의 눈물 흘리는 별
266463817,두더지와 사향쥐 술집
267513323,왕의 개 선술집
268561915,욤잉의 탑
269611503,오래된 엘리비라의 농장
270660106,업데일
271708691,입스레치
272757269,가어슬리 탑
273806816,마스터스미스 궁전
274855413,세크노커
275904937,우르바이우스
276953516,람캐슬 홀
278002109,와일더셔
279050690,애슐리 오두막
280099290,코퍼햄 근위대
281147880,마스터윙 저택
282197416,오래된 그윈이사 농장
283246010,욤필드 궁전
284294592,이스트몬트
285343172,허스햄 저택
286392708,무어크로프트 저택
287441318,롱햄
288489909,오래된 엘리자나의 판잣집
289539439,코퍼필드 성채
290588018,폰트웰 코트
291640611,스텐다르의 기쁜 선지자
1297,킹하트 코트 폐허
1049876,윅턴의 영지
2098464,두꺼비와 오우거 산장
3147047,킹필드 코트 폐허
4195626,욤하트 농장
5244205,흰 머그잔 술집
6292797,가어필드 지하 묘지
7341378,두더지와 단검 호스텔
8389960,킹턴 저택
9438540,호크스미스 저택
10487128,여왕의 검 여관
11535708,우드하우스 농장
12584286,무어윙 성채
13632871,오래된 엘리자나의 거처 폐허
14681465,죽은 새끼 사슴 술집
15730046,마스터링 성
16778649,허스하트 저택
17828080,데마틴스 은신처
18876659,롱위크
19925250,나는 고양이 술집
20973829,세크로그 둥지
22022430,코퍼스미스 성
23071033,입스브러
24119611,입스빌
25168194,윅하트 묘지
26216777,레이모어
27265355,곤다드 광맥
28313940,마스터턴 저택
29362539,툰빌
30411122,무어링 농장
31459706,호킹 탑
32508294,킹필드 무덤
33557745,우딩 저택
34606375,더티 머스크랫 로지
35654957,짐 세이 신전
36703554,올드 벨라디사 오두막 폐허
37752134,그린슬리 탑
38800718,올드 호크하트 장소 폐허
39849310,허스턴 홀 폐허
40897906,하울링 라스칼 여관
41947359,디어트리
42995938,마라의 무한한 예언자
44044538,디어크로프트
45093147,버킹턴 요새
46141754,호무논 동굴
47190333,윅슬리 성
48238930,그린슬리 무덤
49287508,플라잉 페어리 호스텔
50336937,그린크로프트 요새
51385533,호크필드 저택
52434127,마라의 피 흘리는 빛
53482713,마스터링 요새
54531296,욤하우스 농장
55579894,캐스위치
56628480,온실 탑
57677067,올드 애슐리 오두막
58725649,윅슬리 농장
59774227,캐스베일 숲
60822834,버그위치
61871412,호크하트 홀
62919991,우드크로프트 농장
63969437,마우스 앤 자이언트 선술집
65018028,댄싱 소드 선술집
66066606,마스터슬리 홀
67115184,차렌호프
68163794,차렌월
69212378,마라의 영원한 예언자
70260962,킹크로프트 저택
71309541,마라의 영원한 빛
72358129,그린윙 과수원
73406709,현자 기념비
74455287,그린 던전 로지
75503871,호크윙 탑
76552467,래핑 버드 로지
77601058,모다드 아카데미
78649638,허스햄 농장
79699065,호몬트
80747702,마라의 온화한 유물
81796286,윅스미스 과수원
82844864,바나우사 전통
83893444,호크하우스 저택
84942061,호크포드 농장
85990674,댄싱 던전 호스텔
87040110,알드캐슬
88088699,무어크로프트 과수원
89137293,이스트레이
90185878,올드 킹포드 오두막
91234466,올드 킹햄 오두막
92283050,그린스미스 궁전
93331632,페더 앤 드래곤 로지
94380212,이스트워스
95428791,가어턴 과수원
96477369,써스티 드래곤 펍
97525947,윅햄 과수원 폐허
98574528,브로드리
99623109,마라의 눈물 흘리는 예언자
100671689,마라의 통곡하는 승천
101720270,킹스미스 농장
102768877,올드 빅티사 장소
103818331,마라의 축복받은 순교자
104866910,미드우드
105915557,욤윙의 무덤
106964139,킹스 스콜피온 펍
108012729,마라의 영원한 구원자
109061308,배트 앤 배저 선술집
110109889,퀸스 그리핀 펍
111158474,버킹슬리 저택
112207073,버킹윙 오두막
113256521,호크윙 저택
114305099,펜의 신전
115353699,골드 고블린 펍
116402287,마라의 온화한 징조
117450865,코퍼스턴 탑
118499453,올드 허스포드 오두막
119548034,피그 앤 버드 로지
120596618,윅스미스 저택
121645208,올드 벨라데인 농장
122693786,올드 바놀다 장소 폐허
123742365,올드 호크포드 오두막
124790959,우드햄 저택
125840425,마라의 성스러운 예언자
126889003,허스크로프트 묘지
127937608,무어필드 저택
128986215,허슬리 농장
130034799,킹슬리 과수원
131083385,폰트모스
132131966,폰트리지
133180587,올드 빅타우사 농장
134229169,마라의 영원한 영혼
135278614,올드 그위노리아 농장
136327193,우드하트 오두막
137375784,욤턴 홀
138424364,애쉬스턴 탑
139472958,래핑 진 선술집
140521542,올드 바보리아 오두막
141570121,비버 앤 자이언트 펍
142618707,옥스게이트
143667307,알딩웰
144715891,버킹포드 요새
145764473,코퍼하트 저택
146813052,펜의 안식처
147861642,사이의 성유물함
148910231,마스터하우스 묘지
149959655,와일더베스
151008242,가어스미스 저택
152056821,업본
153105412,마스터하트 홀
154153993,업베스
155202574,무어슬리 저택
156251176,네이브 앤 핏 로지
157299766,허스크로프트 요새
158348344,킹하트 농장
159396931,아그리스테어 던전
160445516,업베리
161494103,하울링 캣 펍
162542685,올드 가어턴 장소
163591276,나이트스턴
164640727,버그브리지
165689315,올드 무어스턴 오두막
166737893,무어윙 농장
167786472,애쉬포드 홀 폐허
168835099,폭스 앤 헬름 여관
169883689,욤포드 저택 폐허
170932280,버그윅
171980873,가어슬리 과수원
173029452,가어턴 농장
174078039,마스터스미스 저택
175126633,머본
176175211,윅윙 묘지
177224646,버킹하우스 오두막
178273279,버킹포드 궁전
179321864,애쉬턴 저택
180370455,마라의 내면의 일출
181419062,윅슬리 과수원
182467645,크롬위치
183517136,립포트 언덕
184565717,트로구돈 웹
185614301,워헤드
186662881,마라의 눈물 흘리는 우상
187711475,펜의 신전
188760054,마스터포드 무덤
189808650,마라의 성스러운 제단
190857232,워데일
191905815,그린윙 농장
192954407,가어턴 저택
194002990,욤잉 요새 폐허
195051575,호크스턴 무덤
196100156,웨스트위치
197149590,윅킹 요새
198198171,버킹스턴 궁전
199246754,툰호프
200295335,올드 애슐리 장소
201343914,두그로드 신전
202392500,마라의 노래하는 빛
203441088,마스터턴 저택
204489666,무어하트 오두막
205538253,무어크로프트 그랜지
206586849,우딩 성
207635431,코퍼윙 농장
208684028,킹슬리 탑
209732615,그린슬리 농장
210781203,마라의 온화한 예언자
211830657,애쉬스미스 홀
212879245,차패스
213927834,윅윙 홀
214976428,허스스미스 요새
216025016,그린 배저 호스텔
217073595,갈로크로프트
218122174,모링이온 남작의 거처
219170770,버킹윙 홀
220219355,갈로브론
221267937,애쉬스미스 오두막
222316533,폰탐
223365111,윅필드 저택
224413694,마라의 영원한 나무
225462280,폰트월
226510858,반햄
227560276,킹잉 농장
228608870,뉴몬트 정원
229657459,마라의 영원한 유물
230706058,아크우드
231754636,아크타운
232803218,윅하우스 성
233851803,와일더캐슬
234900399,와일더햄 코트
235948977,욤햄 요새
236997583,탐캐슬
238046163,무어턴 요새
239094741,발린시아 신전
240144201,호모스
241192779,우즈슬리 성
242241364,버킹필드 농장
243289943,올드 캐롤라비스 농장
244338521,인베로본의 무덤
245387101,우드필드 요새
246435693,마라의 내면의 예언자
247484293,마스터햄 과수원
248532877,레드 헤지호그 펍
249581467,무어슬리 농장
250630058,호우드
251678636,코퍼턴 그랜지
252727216,그림워크
253775801,욤필드 요새 폐허
254824386,가어필드 과수원
255872964,반디 신전
256921546,마라의 불타는 순교자
257970135,욤크로프트 코트
259019547,호크스미스 농장
260068141,올드 그위니리아 오두막
261116726,레스트리스 캣 선술집
262165326,마라의 침묵하는 영혼
263213935,댄싱 저그 펍
264262514,애쉬스미스 농장
265311096,펜의 신전
266359696,올드 윅하트 오두막
267408278,그린슬리 성 폐허
268456858,올드 모르가라 오두막 폐허
269505436,젠 로지
270554022,코퍼슬리 묘지
271602607,마라의 축복받은 예언자
272651194,브로딩
273700615,사후아젝 대성당
274749212,욤필드 저택
275797796,웨스트포드
276846374,웨스트마켓 언덕
277894960,체스터브리지
278943544,킹포드 저택
279992122,올드 엘리자나 농장
281040703,체스터베스
282089298,펜본
283137893,우드윙 농장
284186473,펜베스 홀
285235078,마라의 두려운 우상
286283674,요밍 농장
287332261,마라의 피 흘리는 예언자
288380839,무어슬리 과수원 폐허
289430263,올드 빅티비라의 오두막 폐허
290478848,턴포드 숲
291527426,마스터햄 코트
292576006,마스터스미스 농장
293624598,마엘로르곤의 은신처
294673182,디바드 기념비
295721765,올드 모르가비스의 농장 폐허
296770351,킹슬리 오두막
297818949,그리닝 저택
298867541,그린필드 플랜테이션
299916121,가어하트 농장
300964709,목마른 사향쥐 여관
302013287,알딩위치
303061866,올드 마스터포드 오두막
304110453,알딩브리지
305159035,올드 이사비스의 농장
306207616,블랙위크
307256209,두꺼비와 구덩이 주막
308304787,마라의 영원한 신탁
309354224,마라의 온화한 승천
310402836,아이릭의 제단
311451425,아크타워
312500009,무어햄 홀
313548587,머포트
314597170,여왕의 야만인 주막
315645750,버킹하트 코트
316694329,젠 로지
317742921,모르코스 할로우
318791515,가어링 과수원
319840111,마스터필드 홀
320889540,롱레치
321938142,은빛 고블린 주막
322986721,요움필드 그레인지
324035305,가어턴 그레인지
325083896,베가돈 둥지
326132485,곤디릭 연구소
327181096,윅포드 플랜테이션
328229701,마라의 불타는 예언자
329278280,우드턴 성
330326864,윅슬리 홀 폐허
331375456,버킹슬리 플랜테이션
332424037,롱타워
333473446,배일호프
334522044,그림월
335570645,비그릴의 성소
336619236,루그위치 성
337667824,마라의 무한한 환생
338716424,스톡베일
339765028,그린햄 플랜테이션
340813606,스톡웨이
341862198,살쾡이와 해골 주막
342910788,알드패스
343960226,버킹슬리 저택
345008827,깃털과 고블린 호스텔
346057425,요움스미스 타워
347106029,고스리
348154611,드워프와 늑대 로지
349203190,마라의 눈물 젖은 징조
350251769,버킹윙 성
351300357,은빛 진 주막
352348974,킹턴 과수원
353397554,마라의 즐거운 일출
354446981,차캐슬
355495572,예도스 거미줄
356544179,비버와 새 주막
357592787,허스필드 궁전 폐허
358641379,우드윙 과수원
359689968,올드 킹슬리 오두막 폐허
360738550,갈로햄
361787133,비명 지르는 노움 로지
362835713,마스터하트 홀 폐허
363884292,펜캐슬
364932873,윅턴 저택
365981455,폰틀리
367030040,폰워스
368078621,존의 성소
369128033,그린포드 묘지
370176617,마스터스턴 묘지
371225203,와일더게이트 황야
372273793,킹하트 홀
373322397,마라의 무한한 징조
374370979,이칼론
375419557,그리닝 그레인지
376468137,우드포드 저택 폐허
377516735,여우와 늑대 주막
378565319,디어월드
379613939,요움하우스 플랜테이션
380663385,제프레의 성소
381711988,호크포드 코트
382760566,코퍼스턴 성
383809146,킹포드 타워
384857729,아그라스티르 감옥
385906326,스트레너 헤이븐
386954930,킹하우스의 저택
388003516,버킹크로프트 농장
389052101,버킹하우스 농장
390100686,올드 애쉬윙 오두막
391149267,호크슬리 홀
392197847,허싱 성
393246425,머턴
394295007,싱월드
395343587,리소리아 평의회
396393017,우드턴 농장
397441596,요움하우스의 경비대
398490181,호크슬리 묘지
399538769,립위치 황야
400587379,올드 애쉬스턴 장소 폐허
401635957,에펜의 성소
402684535,로다스티르 터널
403733116,워브루
404781701,호크필드 농장
405830280,우드슬리 과수원
406878859,워윅
407927438,마라의 무한한 제단
408976016,마스터포드 요새
410024604,애쉬스미스 타워 폐허
411073185,애쉬크로프트 저택
412121801,마라의 축복받은 나무
413171224,마라의 불타는 별
414219824,요움윙 저택
415268417,미드체스터
416317008,더러운 오우거 주막
417365607,킹슬리 농장
418414204,호크필드의 경비대
419462791,킹윙 농장 폐허
420511374,헬록
421559952,마리블리서루나 할로우
422608553,그린햄 무덤
423657134,미드트리
424705723,요움턴 농장
425754303,턴브루 황야
426803717,람타워
427852297,블랙호프
428900891,코퍼크로프트의 경비대
429949477,코퍼턴 성채
430998061,쥐와 술잔 주막
432046640,윅스미스 타워 폐허
433095234,차헤드
434143819,갈로호프
435192404,요움하트 타워
436240983,코퍼스미스 그레인지
437290471,허스필드 과수원
438339055,마스터스미스의 탑
439387636,무어턴 농장
440436224,올드 벨라디비라의 농장
441484826,옥스브론
442533407,사호르고니바 할로우
443581999,올드 그윈올다의 오두막
444630596,옥스크로프트
445679174,마라의 즐거운 구원자
446727754,캐스월
447776343,뉴호프
448824948,아크월
449873529,아크베일
450922114,죽은 고양이 주막
451971538,그린하우스의 무덤
453020126,가어햄 궁전
454068707,모리부스의 영묘
455117306,불안한 고슴도치 호스텔
456165886,코퍼링 무덤
457214479,여우와 고양이 주막
458263059,허스스미스 저택
459311646,마라의 성스러운 우상
460360224,크로스월
461408807,호햄
462457429,날아다니는 던전 주막
463506888,올드 무어크로프트 오두막
464555504,커크게이트
465604084,코퍼포드 농장
466652689,커크셔
467701285,그린슬리 농장
468749863,립카트
469798442,가어포드 과수원
470847022,무어턴 저택 폐허
471895600,가어윙의 탑
472944196,마스터하우스 타워
473992778,비명 지르는 수사슴 주막
475041358,킹턴 농장
476089938,애쉬크로프트 묘지
477139360,날아다니는 해골 주막
478187941,날아다니는 늑대 주막
479236542,애쉬스턴 저택
480285131,은빛 늑대 호스텔
481333709,코퍼필드 홀
482382288,웜모스
483430869,올드 버킹슬리 오두막
484479454,버킹스미스 저택
485528042,마라의 영원한 나무
486576627,웨스티지
487625216,윅크로프트 저택
488673852,허스슬리 궁전
489723300,알딩베스
490771898,무어슬리의 경비대
491820480,킹하트 묘지
492869067,알딩본
493917648,올드 벨라도리아의 오두막
494966263,호킹 저택
496014842,비버와 수사슴 주막
497063421,우드스미스 농장
498111999,올드 에벨리사의 농장
499160594,올드 버킹필드 오두막
500209176,블랙턴
501257776,블랙베리 햄릿
502307227,캐스베리
503355806,가어링 타워
504404394,올드 마스터링 장소
505452977,올드 요움스턴 장소
506501575,허스하트 홀
507550213,아크체스터
508599641,롱헤드
509648230,호데일
510696832,호위치
511745416,배일트리
512793995,코퍼하트 플랜테이션
513842580,무어햄 과수원
514891165,요움스턴 궁전 폐허
515939745,그림레치
516988325,스톡트리
518036903,그린턴 플랜테이션
519085481,그린하우스 저택 폐허
520134993,요움하트 오두막
521183572,이스토프
522232156,트로그라고스
523280757,호크햄 과수원 폐허
524329338,브로드위치
525377921,캐롤라인의 소집
526426503,호크크로프트 저택
527475104,가어턴 그레인지 폐허
528524598,애쉬슬리 저택
529573197,마라의 침묵하는 순교자
530621780,고스브론 홀
531670362,비명 지르는 진 주막
532718949,람호프
533767527,비그릴의 성소
534816120,스코안라스
535864703,올드 이시사의 오두막
536913290,붉은 새끼 사슴 로지
537962774,마라의 영원한 예언자
539011369,펜몬트
540059961,버킹잉 묘지
541108555,허스포드 홀의 폐허
542158082,와일더우드
543206661,우드포드 성채
544255260,비그릴의 사당
545303848,마스터필드 농장
546352428,디어모스
547401008,버킹스미스 영지
548449589,업우드
549499110,올드 에벨리사의 거처
550547695,코퍼하트 홀
551596274,호크햄 영지
552644857,호크포드 요새
553694407,허스크로프트 농장
554742992,허스하우스 저택
555791573,올드 벨라다우사의 거처 폐허
556840157,마라의 노래하는 예언자
557888749,코퍼슬리 탑
558937330,웃는 고양이 여관
559985919,올드 그윈아나의 오두막
561035442,트리스티위르의 실험실
562084020,킹엄 과수원
563132636,가어스턴 묘지
564181221,이스트위치
565229805,올드 라이사우사의 농장
566279334,폰트모어 황야
567327918,홀리
568376509,마라의 축복받은 일출
569425107,라엔의 성유물함
570474633,마라의 내실 제단
571523218,올드 호크스턴 판잣집
572571796,인베로마우스의 돌무지
573620376,우드포드 농장
574668955,커크테일
575717543,마라의 눈물 젖은 재탄생
576766130,뉴데일
577815678,애쉬필드 지하 묘지
578864261,벨로스락의 거미줄
579912850,허스슬리 그레인지의 폐허
580961442,올드 윅포드 판잣집의 폐허
582011008,크롬레이
583060575,애쉬필드 농장
584110154,욤크로프트 그레인지
585158737,알딩월드
586208315,제프레의 사당
36383,킹하우스 묘지
1087958,허스크로프트 농장
2136538,캣테일
3185130,브로드턴
4235696,줄리아노스의 눈물 젖은 예언자
5285260,킹슬리 농장
6333851,올드 윅슬리 판잣집
7382430,이릭의 제단
8431010,발로니바 사제관
9480532,폰틀리
10529143,허스턴 농장
11577725,큐올웬의 사당
12626303,바알로스의 동굴
13674900,그린필드 과수원
14724414,킹포드 농장
15772993,업워크
16821575,비명 지르는 구덩이 선술집
17870169,스타디마르의 집
18918747,나이츠캐슬
19967360,줄리아노스의 피 흘리는 나무
21016921,불운한 고슴도치 호스텔
22066460,킹하트 매장지
23115041,화이트포드
24164610,가어크로프트 그레인지
25213209,체스터포드
26261795,마스터링 농장
27310393,킹필드 성
28359965,줄리아노스의 영원한 별
29409477,코퍼포드 묘지
30458057,젠 로지
31506639,윅포드 무덤
32555237,붉은 개 선술집
33604798,버그브론
34653398,허스턴 그레인지
35701990,그림타운
36750569,올드 라이시비라의 농장
37800088,버킹슬리 과수원
38848675,크롬몬트
39897258,녹슨 거인 술집
40946829,붉은 노움 호스텔
41995418,올드 벨라다이나의 농장
43044009,트리스티스테어 광산
44092589,무어스턴 농장
45141172,그롬곤
46189758,마스터링 묘지
47239307,줄리아노스의 두려운 별
48287891,블랙카트
49336491,애쉬스미스 저택
50386007,애쉬하우스 코트의 폐허
51434594,호크슬리 저택
52483202,우즈슬리 농장
53532730,코퍼스턴 그레인지
54581316,이스트모스
55629901,줄리아노스의 무한한 제단
56678486,그린햄 저택
57727088,레이패스
58775675,아그리낙 교화소
59825180,롱브러
60873792,줄리아노스의 즐거운 징조
61922379,호윅
62970962,네크로마네온의 금고
64020540,그린하트 저택
65069133,킹스미스 코트의 폐허
66118661,무어스턴 금고
67167250,가어필드 그레인지
68215840,허스턴 탑
69264418,마스터크로프트 저택
70313006,무어스미스 과수원
71362580,펜크로프트
72412100,그레이브론 코트
73460692,올드 엘리리아의 오두막
74509275,안디스티르 성
75557860,줄리아노스의 즐거운 예언자
76606443,킹크로프트 저택
77655025,줄리아노스의 피 흘리는 예언자
78703621,그레이햄
79754126,애쉬슬리 저택
80802705,줄리아노스의 피 흘리는 우상
81851318,마스터윙 궁전
82899901,줄리아노스의 온화한 예언자
83948486,윅필드 매장지
84998011,스트레너 헤이븐
86046589,인베로미우스 성
87095172,쥐와 수사슴 로지
88144751,라이시리아 평의회
89193380,줄리아노스의 온화한 구원자
90242883,턴포드
91291465,줄리아노스의 불타는 제단
92340049,램위크
93389631,밴세스터
94438222,벨다마 마녀회
95486831,반위치
96536362,그린필드 농장
97584976,무어하트 근위대
98634500,가어슬리 농장
99683085,안디스티르 광산
100731676,올드 마스터하우스 판잣집
101780275,올드 마스터포드 판잣집
102829840,바바라 평의회
103878420,머웨이
104926998,바알로데우스울라의 동굴
105975582,대니아
107024168,그윈이비라의 집회
108073675,애쉬포드 농장
109122256,윅턴 과수원
110170837,우즈슬리 묘지
111220475,호크포드 코트
112269981,줄리아노스의 통곡하는 구원자
113318605,반모스
114367199,레이모스
115416754,호턴
116465344,올드 킹윙 오두막의 폐허
117514869,올드 캐롤로나의 농장
118563449,알드빌 자치구
119612050,가어스미스 농장
120660644,현자 기념비
121709229,가어스턴 묘지
122758740,코퍼하우스 그레인지
123807368,코퍼포드 홀
124856904,조드의 사당
125905506,욤햄 성
126954090,버킹하우스 농장
128002668,가어스턴 농장
129052258,디바드 기념비
130100836,올드 모르가우사의 판잣집
131150355,차렌캐슬
132198935,크롬햄
133247540,롱워스
134296118,킹슬리 홀
135344703,화이트레이
136393282,돼지와 고슴도치 호스텔
137442838,줄리아노스의 통곡하는 승천
138492425,그린스미스 농장
139541006,디어브리지
140590535,무어하트 탑
141639113,욤턴 오두막
142687693,줄리아노스의 노래하는 예언자
143736297,애쉬햄 근위대
144784878,리타네온의 돌무지
145833466,킹포드 궁전
146883028,바나우사 집회
147932580,체스터몬트
148981173,펜패스
150029770,홀빌
151079337,올드 무어윙 오두막
152127924,와일더워크
153177450,코퍼하우스 홀
154226030,욤하우스 탑
155274620,아킹
156323205,머모스 언덕
157371789,메리지
158420367,탐워크
159468951,줄리아노스의 신성한 오라클
160517537,행운의 새 여관
161566120,무어스미스 저택
162615664,줄리아노스의 침묵하는 성유물
163664262,호킹 농장
164713780,허스하우스 농장
165762359,알딩카트
166810942,스트레너 헤이븐
167859563,킹잉 저택
168909136,뉴트라이
169957717,킹슬리 농장
171006296,그레이레치
172055814,크로스레치
173104395,버그패스
174153013,올드 바나우사의 농장
175202549,윅턴 홀
176251136,윅햄 저택
177299719,차렌베일 언덕
178349314,줄리아노스의 두려운 승천
179397897,줄리아노스의 무한한 일출
180447423,체스터모스
181496001,체스터우드
182544634,롱워크
183594148,올드 크리스타라의 농장
184642761,위킹 궁전
185692306,아크본
186740890,반베리
187789480,코퍼스미스 탑의 폐허
188838058,욤하우스 홀
189886639,와일더베리
190936200,줄리아노스의 두려운 예언자
191984789,크로스브리지
193033388,줄리아노스의 침묵하는 예언자
194082912,코퍼하트 농장
195131507,롱우드
196180085,코퍼링 코트
197228666,조드의 사당
198277279,줄리아노스의 통곡하는 별
199326807,모르켁사 수도원
200375391,웨스트트라이
201423978,에본암의 모루
202472567,사이의 성유물함
203521155,웨스트레치
204570678,버킹하트 궁전
205619279,코퍼필드 묘지
206667860,줄리아노스의 내실 징조
207716440,윅윙 홀
208765019,윅턴 농장
209814545,네부코보르 성
210863141,머리
211911719,그린필드 묘지
212960302,호크크로프트 홀
214008880,줄리아노스의 노래하는 빛
215057458,은색 마멋 여관
216106061,롱위치
217155601,알딩빌
218204180,악마의 전갈 주막
219252766,줄리아노스의 불타는 별
220301352,그린슬리 저택
221349949,오래된 우드크로프트 오두막
222399466,주불라 맨션
223448068,마스터포드 오두막
224496663,줄리아노스의 영원한 신탁
225545242,베딘 발굴지
226594775,버킹하트 농장
227643357,버킹크로프트 농가
228691952,로딕터 광산
229740548,오래된 리사나의 오두막
230790072,윅스미스 농가
231838664,업트라이 촌락
232887243,돼지와 마멋 주막
233935824,마스터슬리 지하 묘지
234984411,코퍼슬리 오두막
236033946,싱샤이어
237082541,머데일
238131137,애슈턴의 요새
239179729,애슈하트 성
240228309,줄리아노스의 기쁜 영혼
241277831,허스슬리 농가
242326410,립몬트
243374990,킹턴 과수원
244423575,스톡패스
245472167,호킹 저택
246520759,우드필드 저택
247570296,오래된 이신의 오두막
248618891,차워스
249667477,갤로게이트
250716061,오래된 호크슬리 오두막
251765596,어핑
252814179,아그리스테어 감옥
253862762,홀베스
254911355,그린포드 무덤
255960897,마스터필드 저택
257009479,우즈슬리 성
258058071,커크윅
259106651,아즈리텐 둥지
260155237,립브러
261204805,그리닝 홀
262253384,턴모어
263301967,가어윙 저택
264350551,마스터턴 저택
265400083,나이츠호프
266448664,올드브리지
267497251,줄리아노스의 영원한 우상
268545845,버킹스미스 성
269594425,윅하트 농가
270643010,윅크로프트 저택
271692531,고스월드
272741147,허스포드 요새
273790688,가어하트 묘지
274839270,줄리아노스의 온화한 영혼
275887864,킹턴의 영지
276936447,미드모스
277985994,호크포드 농가
279034605,차카트 바위
280083184,줄리아노스의 눈물짓는 별
281131762,모르디발 감옥
282180346,줄리아노스의 축복받은 제단
283229870,오래된 엘리지비라의 오두막
284278456,그린포드 저택
285327034,그림카트
286375614,리소리아의 소집
287425179,안도리안의 탑
288473758,모를로로스
289522345,오래된 에벨리사의 오두막
290570940,버킹하트 그레인지
291619528,에드위스테어 성
292669064,킹스턴 코트
293717643,킹필드 농가
294766233,차렌데일
295814815,호크슬리 홀
296863393,우드윙 농가
297911989,허스턴 오두막 폐허
298961507,베로무스의 소굴
300010091,박쥐와 고슴도치 술집
301058678,무어스턴 저택 폐허
302112235,디어캐슬
303164817,버킹턴 오두막
304214387,허스윙 홀
102317,웃는 요정 주막
1150898,욤턴 요새
2200451,비버와 마멋 로지
3249038,레이햄 엔드
4297647,업브러
5347203,호크턴 농장
6395781,우드스미스 농가
7444371,무어포드 탑
8494915,아케이의 통곡하는 순교자
9543507,모다드 교정 시설
10592095,블랙레이
11640675,욤윙 농장
12689255,허스턴 저택
13738833,탐마켓
14788383,커크브러
15837947,입스모어
16886544,그림버리 데리
17935132,버킹엄 농가
18984686,버킹스턴의 영지
20034217,욤스턴 농가
21082809,롱레이
22131392,허스햄의 영지
23180955,브로드카트
24229551,사히아민크스 신전
25278136,롱모스 황야
26326726,커킹
27375320,킹필드 요새
28424822,진홍색 사향쥐 로지
29473401,램게이트
30521982,가어하트 성
31570575,무어햄 과수원 폐허
32619161,아케이의 신성한 나무
33667771,웨스트웰
34717299,애슈하트 저택 폐허
35765900,스라소니와 투구 술집
36814497,코퍼슬리 그레인지
37864020,윅하우스 농가
38912631,그린하우스의 탑
39962191,허스슬리 농가
41010791,오래된 허스크로프트 오두막
42059381,차렌헤드
43108908,가어하우스 코트
44157501,립헤드
45207103,가어필드의 영지
46256626,우드윙 홀
47305205,울부짖는 노움 호스텔
48353810,사자와 주전자 주막
49402416,오래된 허스크로프트 오두막
50453974,가어링 오두막 폐허
51502553,무어슬리 저택
52551131,오래된 크리스테인의 거처
53601704,허스하우스 농가
54651219,가어포드 코트
55699804,체스터본
56748398,펜빌
57796983,윅하우스 요새
58847549,그린스미스 홀
59896135,킹필드 탑 폐허
60944727,네부코바우스 후작의 고분
61993314,쥐와 고슴도치 로지
63041894,에벨라비트 전통
64091412,드워프와 오소리 로지
65139992,버킹하트 성
66188584,킹스미스 농가
67237179,아케이의 신성한 구원자
68286711,여왕의 새 술집
69336290,애슈햄 성
70384918,워몬트
71434446,마스터링 묘지
72483035,스트레너 헤이븐
73531627,세커의 둥지
74580205,왕의 새끼 사슴 주막
75628804,코퍼턴 과수원
76678347,차워크
77726942,그린턴 과수원 폐허
78775535,오래된 그위나비트의 오두막
79825063,오래된 엘리조리아의 농장
80873654,욤슬리 성
81922238,아케이의 불타는 별
82970820,찰레이
84019401,우드윙 과수원
85067983,마스터하트 매장지
86117570,커크모어
87167087,욤하트 농가
88215680,왕의 고블린 호스텔
89264263,펜의 안식처
90312841,이스트모어
91361435,킹필드 저택
92410014,이스트타워 골짜기
93458595,그린크로프트 그레인지
94507181,킹윙 탑
95556726,비행 근위대 호스텔
96605304,모디스테어 실험실
97653884,가어포드 농가
98702479,마스터햄 농가
99752053,아케이의 축복받은 재탄생
100801584,여우와 고슴도치 호스텔
101850178,버킹필드 탑
102898774,오래된 캐롤라비트의 농장
103947361,턴본
104996873,웃는 사제 주막
106045462,아케이의 영원한 영혼
107094076,호킹 과수원
108143605,펜포드
109192193,펜위치
110240771,입스포드
111289349,욤슬리 농가
112337960,아케이의 피 흘리는 제단
113387489,무어필드 농가
114436114,오래된 크리스타비트의 농장
115484694,허스필드 농장
116534209,미드게이트
117582800,오래된 윅하우스 오두막
118631382,애싱 오두막 폐허
119680960,호르베일
120729540,바엘레크
121778120,허스크로프트 농가
122826723,그림패스
123876239,사히타엑사 구덩이
124924856,오래된 리사우사의 오두막 폐허
125974405,허스슬리 탑
127023000,홀월
128071603,호우드 자치구
129122120,나이츠웰
130170704,턴체스터
131220303,드워프와 고양이 로지
132268881,호크턴 농가
133317464,두더지와 검 술집
134366999,마스터포드 저택 폐허
135415589,스톡빌
136464168,와일더웨이 바위
137512746,모르가우사 교단
138561350,버킹슬리 코트
139610902,야만적인 구덩이 주막
140659500,호크햄 황궁
141709035,오래된 바니비라의 오두막 폐허
142757626,갤로레크 자치구
143806223,오래된 빅틴의 오두막
144855775,하얀 단검 호스텔
145905364,디어모어
146953950,오래된 이사우사의 농장
148003506,오래된 엘리지리리아의 농장
149052084,올드워스
150100672,그린슬리 홀
151150218,고스턴
152198801,코퍼스턴 오두막
153247417,버킹하트 오두막
154296967,게리스 신전
155345573,킹포드 농가
156395104,마스터하트 농장
157443701,오래된 바놀다의 오두막
158492286,예오밍 탑
159540883,킹잉 영지의 폐허
160590425,버킹슬리 그레인지
161639009,와일더빌 언덕
162687606,알드위치
163736184,하스필드 성
164785725,우즈리 농장
165834307,우드크로프트 농장
166882906,아케이의 영원한 순교자
167931491,차리지
168981041,샬고라
170029632,하스크로프트 성
171079189,박쥐와 늑대 여관
172127795,은빛 오소리 산장
173177335,배일턴 바위
174225941,무어윙 저택
175274519,무어턴 농장
176324069,카롤라우사 노인의 거처
177372674,아케이의 신성한 승천
178422212,악당과 고슴도치 여관
179470816,버그데일
180520367,위킹 성
181568965,예오스미스 저택
182618552,두꺼비와 머그 술집
183668098,사훌리바 수녀원
184716680,체스터타운
185765272,무어햄 저택
186814834,하스슬리 저택
187864406,가어스미스 저택
188913010,가어크로프트 그레인지
189963559,호크크로프트 농장
191012140,체스터레이 홀
192061722,코퍼하우스 농장
193110309,예오밍 탑
194159864,애싱 저택
195209466,배일워크
196259026,호크스턴 저택
197308606,무어스턴 농장
198360173,애슐리 과수원
199408754,킹포드 농장의 폐허
200458340,킹잉 코트
201507911,코퍼스미스 요새
202560477,그린필드 성
203611055,아케이의 고요한 일출
204659633,여우와 전갈 여관
205708232,웨스트모어
206757801,흰 고슴도치 여관
207807359,배일본
208856938,리사나 노인의 거처
209905538,마스터턴 홀
210955079,윅포드 홀
212003668,웨스트데일 자치구
213053235,우드햄 저택
214101830,우딩 그레인지
215150415,예오필드 오두막
216199970,가어하우스 농장
217248570,마스터윙 농장
218298126,애싱 과수원
219347689,대거폴 마녀회
220397286,폰트턴
221445866,애스스미스 묘지
222494447,무어스미스 홀
223544009,우드스미스 홀
224592592,예옴슬리 탑의 폐허
225642153,마스터스턴 저택
226690748,마스터슬리 탑
227739327,무어턴 홀
228788888,버킹하트 농장
229838455,예오필드 탑
230887052,죽은 사향쥐 선술집
231936622,무어크로프트 그레인지
232986202,코퍼슬리의 경비대
234034781,알드브러
235084334,무어스미스 코트
236132915,깃털과 해골 선술집
237182500,우드스턴 농장
238232067,뉴포트 엔드
239283638,우딩 오두막
240332220,녹색 사냥꾼 선술집
241380799,버킹하트 코트
242431370,바렐리온의 집
243481940,예오스미스 경비대의 폐허
451180,다무-이즈
1499762,더드카 노인의 오두막
2550325,트로그루고스의 둥지
3598903,도존 요새
4647481,파자
5696063,돼지와 성 산장
6744641,닐프테 농장
7794211,주불룰룰라의 구멍
8843782,파피리다이
9893369,줄리아노스의 피 흘리는 징조
10942939,디르툼 농장의 폐허
11991517,더르트의 영지
13041110,모그턴 과수원의 폐허
14090677,줄리아노스의 두려운 유물
15140240,다르틴 탑의 폐허
16188823,돼지와 고블린 호스텔
17237401,글라 성
18285987,페어그트 코트
19334569,비버와 틈새 산장
20384117,키에란 극장
21432700,렐튼의 영지
22481284,도르쿰 수용소
23530863,살쾡이와 드래곤 술집
24579454,오사크턴
25628995,줄리아노스의 노래하는 우상
26677575,포즈 저택
27726153,나는 염소 술집
28774732,슈침 그레인지
29823311,라에르터의 영지
30871891,글라즈 저택
31920477,누르티 노인의 오두막 폐허
32969056,코즈타 코트
34017636,파에르드 영지
35067198,리르컨의 영지
36116757,케이스케 성채
37165345,클루르킴 노인의 오두막 폐허
38213929,바이시 노인의 오두막
39262516,호즈바 노인의 농장
40312067,비명 지르는 구덩이 선술집
41360653,드워프와 머그 산장
42410213,줄리아노스의 축복받은 재탄생
43458791,보준 성채
44507374,틀리시르 농장
45555953,더러운 새끼 사슴 술집
46604536,클레시 저택
47653120,녹색 사제 산장
48702664,티르크텐의 탑
49751260,카에그턴 농장
50799843,티르텐 저택
51848421,녹슨 오소리 선술집
52897970,줄리아노스의 두려운 신탁
53946549,예이토스 둥지
54995127,테르드카 노인의 오두막
56043707,디르콤 성
57092310,사자와 오우거 선술집
58141864,포르쿠르 요새
59190442,투스 코트
60239020,마켈리리아
61287598,가로미스 성
62336179,호무나수나의 구덩이
63384757,줄리아노스의 두려운 순교자
64433344,사오친 농장
65482884,툴라오아누
66531463,라엔의 성물함
67580057,커프텐 노인의 오두막
68628643,그리르치 노인의 오두막
69677222,키에란 극장
70726777,머피르의 경비대
71775358,로자르 저택
72824913,줄리아노스의 노래하는 영혼
73873495,시슈텐 저택
74922075,움벨리부
75970667,춤추는 구덩이 술집
77019246,블라차르 농장의 폐허
78067824,슈레즈시 노인의 오두막
79117383,커트의 경비대
80165962,파줌 농장
81214555,베르추르 그레인지
82263135,아비본-고라
83312681,와디조니턴
84361268,누르넴 농장
85409848,녹색 오우거 술집
86458426,비르맘 묘지
87507004,코리몬 홀
88555582,파필키 노인의 거처
89604169,더러운 드래곤 호스텔
90653698,버크타 노인의 오두막
91702276,루르의 영지
92750863,웃는 거인 선술집
93799443,시름 묘지
94848043,무르타 노인의 농장
95897593,파오르트른 농장
96946179,줄리아노스의 축복받은 순교자
97994759,그럭트 저택
99043338,녹슨 사향쥐 여관
100091918,죽은 진 산장
101140497,쿠춘의 지하 묘지
102189078,아트루다
103238607,쿠도구닥스
104287185,고르투르 저택
105335769,시어턴 노인의 오두막
106384356,슈라즈텐 탑
107432934,리브자 노인의 거처
108481532,클리르겜 저택
109531082,깃털과 진 선술집
110579675,부부웨인
111628255,라이처 홀
112677791,펜의 안식처
113726372,탈피르 저택
114774965,카브른 탑
115823544,여우와 구덩이 여관
116872122,레즈바 노인의 오두막
117920716,로구사
118969295,줄리아노스의 기쁜 구원자
120018855,타스 농장
121068397,바줌 노인의 오두막
122116976,사름 농장
123165567,라기 노인의 오두막
124214152,쿠올웬의 신전
125262730,부흐 코트
126311314,슈루시 저택
127359894,카우주르 노인의 오두막
128408473,부르키르 성
129457052,게봄 요새
130505634,잘레니스
131555153,사어크 홀의 폐허
132603731,진홍빛 그리핀 선술집
133652330,반디의 신전
134700917,를리파일러 연구소
135749512,다기르고스
136799061,스투트의 경비대
137847660,쇼트이 노인의 농장
138897189,플라이트케 홀
139945768,블로르콤 농장
140994350,세레투니아
142042934,이사쿰바
143091521,그리르넨 그레인지
144140099,루그른의 영지
145188680,비그트 저택
146237273,라니리자
147285853,벨딘 농장
148335379,박트 저택
149383964,스타르테 노인의 오두막 폐허
150432545,라르카르 영지의 폐허
151481123,쥐와 악당 여관
152529710,야만인 여관
153578291,빌트케 농장
154626869,락툼 농장
155675450,아케미레아
156724029,아키리부
157772607,메른 농장
158822134,모레하르의 소굴
159870733,누스 묘지
160919313,티치 성
161967904,라이름의 영지
163016493,타산다플렉스
164066011,슈스이 노인의 농장
165114592,페쉬이 노인의 오두막 폐허
166163176,그레그트 묘지
167211772,칼렘 저택
168260351,커프 홀
169308930,마에크터 탑
170357510,날프른 요새 유적
171406098,부르페 묘지
172455627,크리르그 묘지
173504211,그럼드레드 둥지
174552797,두꺼비와 오우거 산장
175601395,페나자르
176650933,줄리아노스의 통곡하는 오라클
177699513,기사카-이즈
178748105,몰 홀
179796694,시오르쿠르 묘지
180845281,누르첸 농가
181893859,구스타 저택
182943378,줄리아노스의 영원한 승천
183991957,모가카레그
185040557,라엔의 성유물함
186089148,사자와 단검 호스텔
187137731,줄리아노스의 불타는 오라클
188186309,사나운 마멋 선술집
189235845,스라소니와 사향쥐 산장
190284441,클리젬 궁전
191333021,마아크라나
192381599,사이라흐텐 요새
193430183,메미-하시
194478770,황금 성 술집
195528280,체투닥스
196576859,부르케 탑
197625443,첼프 농가
198674032,블레르크'컨 저택
199722610,를레필트 과수원
200771203,모레드레드의 둥지
201820745,체탄다시아
202869333,셰이트 저택
203917946,메르테 과수원
204966526,쿠르펨의 탑
206015104,키에란 극장
207063682,체토노
208112261,페오누투웨인
209161765,두더지와 거인 선술집
210210343,라심 농장
211258923,보드의 경비대
212307503,다르른 농가
213356112,투준의 탑
214404691,황금 사냥꾼 술집
215454235,구르크 저택
216502817,이스피비아
217551397,블라르그텐 농장
218599975,다르 농가
219648564,쉬지 않는 머그 호스텔
220697153,슬로턴 홀
221745731,마우르켄 농장
222794312,줄리아노스의 축복받은 예언자
223843833,코르트 농가
224892411,톨드 저택
225941010,엘리-코롬
226989591,스트레너 안식처
228038177,두스 농가
229086774,움바우스
230135354,베추르 탑
231184859,빌타 농가
232233437,그로르거의 성채
233282022,미르푼 과수원
234330601,쇼틴 농가
235379181,라마라비
236427761,라모파리아
237476365,추잠 묘지
238524945,도숨 요새
239573523,사이의 성유물함
240622102,카제라라
241670681,비버와 고슴도치 선술집
242719259,글로지 농가 유적
422217,리텔라우스의 무덤
1472793,목마른 수사슴 산장
2522384,올드 치스트카의 농장
3571939,제니타르의 온화한 일출
4620529,살 성
5670107,닐드'컨 농장
6719678,모리커의 조류 사육장
7768256,올드 네른티의 오두막
8817816,파벤 저택
9866412,제니타르의 성스러운 나무
10915971,올드 모르뭄의 거처
11964554,아구레아
13013144,제니타르의 무한한 구원자
14062727,비버와 투구 호스텔
15112282,올드 밀프'컨 오두막
16160874,올드 글리히트 오두막
17209457,부비톤
18258035,베름호스
19307573,스티필리의 경비대
20356153,베그템 지하 묘지
21404742,글라르서 교정소
22453335,칼레레그
23501917,미케 저택
24551464,메그 농장
25600053,비리-하시
26648635,두더지와 드래곤 술집
27697213,타슈텐 과수원
28746754,틀락트른 저택
29796342,세데투-타르
30844947,불드 농가
31894520,여우와 구덩이 술집
32944070,무르드 저택
33992663,툴담 홀
35042205,올드 무르크파의 오두막
36090806,아카카디수
37139395,고흐트 광산
38188936,은색 오소리 호스텔
39237520,웃는 야만인 호스텔
40286098,메스'컨 홀
41334702,피투완
42383281,기사토르
43433818,체테제르
44482396,비버와 협곡 산장
45530996,파피톤
46579580,샤르그 성
47628158,제니타르의 즐거운 일출
48676737,게르촘 농가
49726284,박쥐와 거인 술집
50774863,마즈텐 농가
51824429,차필리르 저택
52873035,블로스턴 저택
53921619,노를로토르의 둥지
54971181,제나스쿠자
56019767,디른 법정
57069315,라미시-타르
58117895,메그 홀
59166478,글리르트 저택
60215059,카조아사
61264616,슬리르너 궁전
62313197,나는 거인 산장
63361797,제니타르의 내면의 징조
64410377,부브 탑
65459927,쿠도하우스
66509499,제니타르의 성스러운 별
67558077,베르빌라니아
68606657,베르빌리아
69655238,아포구자
70703828,카즈 요새 유적
71752409,게렉술라 은둔처
72800987,깃털과 물병 선술집
73850519,크라르흐트의 무덤
74899129,푸르그'컨 궁전
75948681,부르몸 홀
76997259,피비르 홀
78045848,더러운 성 술집
79094443,돼지와 진 술집
80143981,클로름테 궁전
81192574,아킬라
82241157,쉬지 않는 새 산장
83289750,빌드의 지하 묘지
84339323,제니타르의 영원한 우상
85388865,모기가
86437446,제니타르의 성스러운 재탄생
87486028,제니타르의 영원한 오라클
88534608,투즈 발굴지
89583206,황금 사향쥐 산장
90632735,헬로스의 둥지
91681351,파파비
92729932,제니타르의 두려움에 찬 예언자
93778513,자비리리아
94828082,제니타르의 눈물 흘리는 별
95877618,스타도반 공작의 저택
96926208,마엘리스 동굴
97975791,죽은 사냥꾼 선술집
99024371,제나크자
100073931,비른 저택
101122512,제니타르의 고요한 승천
102171092,카이루
103220655,테르흐티르 저택
104269250,올드 푸르-에의 거처 유적
105318809,노르담 요새
106367400,카크트 경비대 유적
107417960,여우와 거인 산장
108467549,메솔라
109517128,클로즈 요새
110566689,키에란 극장
111615270,타시부사
112663853,숙트'컨 실험실
113712441,시리시비아
114762019,안로비트 둥지
115811579,디구르의 감옥
116861158,죽은 야만인 선술집
117910729,올드 루스키의 오두막
118959318,미르캄의 탑 유적
120008890,페오투완
121057472,로스탄 법정
122108043,여왕의 거인 호스텔
123156623,틀리르셈 법정
124206189,다가드레드
125256767,올드 카르밈 오두막 유적
126306337,리티몬의 무덤
127354915,라트가고드 닭장
128406484,제니타르의 불타는 순교자
405246,틀롤프'컨 저택 유적
1453839,토버 탑
2503410,올드 블루그타의 오두막
3551994,베르바잔
4601545,스코에돈의 둥지
5651115,깃털과 개 선술집
6699705,포타고
7748286,시르덴의 요새
8796871,키즈트 홀
9846445,딜딘 농가
10895027,비그릴의 사당
11944584,레비르 성
12993164,올드 라엘드케 오두막
14042717,타슈 홀 유적
15091299,스탈드 농장
16139879,마아르쿤 저택
17188484,그루모트구의 둥지
18238038,쿠르텐 오두막
19286620,사나운 전갈 호스텔
20335209,생쥐와 야만인 산장
21384782,카일드케 요새
22434346,두더지와 구덩이 선술집
23482926,왕의 마멋 술집
24532476,올드 스터치-에의 농장
25581062,메나카트
26629643,기필 홀
27679216,스라소니와 오우거 산장
28727804,글리르놈 과수원
29776391,파품바-하시
30825931,가로기스의 지하 묘지
31874517,올드 나르니의 오두막
32923104,올드 가그타의 농장
33971691,디바드 기념비
35021238,로구누-콤
36069827,올드 도쉬 오두막
37118416,존의 사당
38167971,클롤뎀 오두막
39216553,잘라리아
40267110,올드 셰붐 오두막
41315693,메시제트
42364284,글레타르 저택
43413851,목마른 단검 호스텔
44463418,카스트 법정
45512014,달리르 저택
46560592,진홍빛 고블린 술집
47610161,슈그 홀
48660736,올드 시르타 오두막
49709315,체틸리안
50757896,플로크트 저택
51808468,게르군 궁전
52857051,하얀 고블린 산장
53907620,부흐 홀
54956200,웃는 고양이 호스텔
389307,황금 노움 여관
1439881,체틴카트
2490452,키에란 극장
3539033,녹색 그리핀 여관
4588614,소프 저택 폐허
5639186,피즈타 농장
6688752,보이르치 오두막
7737330,모라카톤
8785917,옛 파름키의 오두막 폐허
9835487,옛 라즈바의 농장
10885059,페라자
11934644,더러운 진 술집
12985207,안텔릴리사
14033785,크렐담 저택
15083343,엘리시니아
16132939,베르흐터 저택
17182495,초즈텐의 탑
18231074,체브른 성
19279656,릴랄라
20328235,자구-하시
21376817,자길라닥스
22425408,여왕의 오소리 여관
23474948,모르문 성
24523552,텔피르 궁전 폐허
25572130,로줌 농장
26620731,깃털과 틈새 숙소
27670263,누름 성
28718877,울부짖는 구덩이 호스텔
29768408,옛 라이톰의 집
30816987,파르타르의 지하 묘지
31866571,춤추는 고슴도치 술집
32915161,보라르의 요새
33964710,클레르쿰 농장
35013293,목마른 던전 숙소
36061878,깃털과 사제 숙소
37111436,글라스 매장지
38160033,슬라르밈 지하 묘지
39209582,황금 염소 술집
40258178,로스 궁전
41306758,플로르덴 홀
42355356,품바레아
43403949,굴렘 과수원
44453477,헤주스의 거미줄
45502082,나는 고블린 여관
46550665,수타르 요새 폐허
47600192,슬림 궁전
48648775,두더지와 요정 호스텔
49697401,옛 코슈카의 집 폐허
50746930,옛 카이자 오두막
51795519,그레르투르 성
52844114,와디주투레그
53893647,조드 신전
54942260,라아르케 저택
55990857,자바아크닥스
57040398,여우와 노움 숙소
58089948,사욱탐 농장
59138539,카제우스
60187123,미르크와사
61236724,행운의 요정 호스텔
62285304,코크트른 탑
63334826,키나레스의 축복받은 유물
64383429,붉은 사제 여관
65432010,레라완
66481563,웃는 마멋 숙소
67531129,보우르뎀 실험실
68579726,스라소니와 고블린 숙소
69628305,라노투제르
70676905,벨란 저택
71725500,아칼라톤
72775003,타소하카트
73823583,발러 요새
74872186,조류 마녀회
75921739,옛 파르트시의 농장 폐허
76970322,검은 근위대 여관
78018908,시로코레그
79067489,토필 저택
80117069,보르넴 농장
81165675,울부짖는 야만인 숙소
82215202,블레르닌 홀
83263781,슈리잔 농원
84313335,틀리르크트 농장
85361916,옛 라이른-에의 오두막
86410520,호니-콤
87459103,하두스
88507685,두르칸 탑
89556282,안텔지니스
90605794,움부리아
91654391,제닐라라
92702970,목마른 드래곤 호스텔
93751573,스테르프 저택
94802090,보르타 저택
95850685,모리비트 둥지
96900291,드워프와 투구 술집
97948879,글루트 성
98998394,박쥐와 머그잔 숙소
100046987,디르크케른 성 폐허
101095584,그라즈 저택 폐허
102145120,울부짖는 사냥꾼 여관
103193704,치그 궁전
104242282,토필라 요새
105290883,그리플라스의 은신처
106340436,슈르드 묘지
107389031,베르바스타닥스
108437617,레곤 저택
109486211,키나레스의 영원한 영혼
110535744,시르크바 의회
111584354,드루고드
112633882,옛 글루틴 오두막
113683453,를루탄 농장
114732048,보아빔 성채
115781626,치준의 무덤
116830207,죽은 머그잔 숙소
117878794,이사쿠스
118927373,키나레스의 눈물 젖은 재탄생
119976914,비명 지르는 요정 여관
121025520,보이프항
122075106,기수니아
123123689,비그릴 신전
124173250,티르춤 저택
125222831,페오나자르
126272371,파르흐테 저택
127320965,카치르 과수원
128369551,여왕의 새 여관
129419134,페그케 요새 폐허
130467717,슬러쳄 저택
131517245,옛 보즈카의 판잣집
132565842,솔파르 저택
133614420,보르크 궁전
134663002,페르긴 성
135711582,무즈타 저택
136760163,키나레스의 침묵하는 구원자
137808746,카이자 법정
138858312,자보투비아
139907877,그레시 법정
140957431,로코니스
142006025,렐리다이
143054615,춤추는 악동 여관
144103194,옛 라르차의 집
145152759,옛 누르티의 농장
146202316,무툼 농장
147250896,키나레스의 무한한 승천
148299475,추르몬 탑
149350044,룰드의 요새 폐허
150398633,드워프와 새끼 사슴 여관
363466,마라의 무한한 신탁
1412060,보이트라크의 둥지
2460641,마르 교정 시설
3510177,움보팔라
4558823,마라의 영원한 제단
5607405,사자와 전갈 호스텔
6655986,바알룰라의 구덩이
7705498,그루그탐 지하 금고
8754077,자비-콤
9803655,투스톰 교도소
10852255,옛 틀로그타의 판잣집
11900849,루치케른 농장
12949440,클루르흐트 홀
13998034,옛 두르트가의 판잣집
15047526,글라르겐 성채
16096132,로브케른 성 폐허
17144722,드루라돈의 조류 사육장
18193301,리술리스 경의 출몰지
19242835,아필라자
20291416,박쥐와 염소 호스텔
21340023,다참 농장
22388615,키르쳄 묘지
23437195,아펠라
24486697,크루크테 궁전
25535299,파게 홀
26583926,디르멤 묘지
27632519,타브트 묘지
28681107,바존 묘지
29730574,파올란 구덩이
30779156,생쥐와 고양이 여관
31827793,툴라이아
32876384,마라의 축복받은 일출
33924965,옛 로그카의 판잣집
34973543,툴라이릴리사
36023046,모게나자르
37071626,디필린 탑
38120204,옛 블레르프타의 오두막
39168809,녹색 던전 호스텔
40217430,다르쿨로스의 무덤
41266913,마아르크 지하 금고
42315521,보이슘 감옥
43365102,자게웨인
44413681,불 궁전
45462296,스타브트 농장
46510880,죽은 투구 여관
47559466,타셈 홀
48608057,옛 누필의 판잣집
49657553,오순누누
50706142,오세다타
51754730,모를롤라트의 횃대
52804299,코로보트 경의 지하 금고
53852894,드워프와 머그잔 숙소
54901479,타시이오
55950057,키르케 농원
56999564,모콜라
58048143,마라의 침묵하는 순교자
59096747,클레르그타 법정
60145329,멜리-하시
61193915,블로스틴 묘지
62242547,체토코사
63292090,블리스트 묘지
64340684,큐울타 지하 금고
65390164,페트 성
66438763,사나운 노움 호스텔
67487373,마필람 요새
68535956,제노니누
69584553,로가다타
70634040,옛 토름-이의 농장
71682623,다차르 오두막 폐허
72731275,레자
73780790,황금 개 숙소
74829438,옛 셰르치아의 집
75878925,사나운 고양이 여관
76927528,로잔 묘지
77976126,마라의 피 흘리는 징조
79024710,비버와 고슴도치 여관
80073296,시리리-하시
81121898,시라사
82171415,드워프와 수사슴 숙소
83219993,케르의 무덤
84268577,옛 파필의 집
85317185,보크톤 농장
86365772,마라의 신성한 징조
87415289,메토르
88463887,와디자크플렉스
89512485,보이돈
90561074,헬루스 둥지
91610560,옛 코르크차의 농장
92659180,모로고스
93708754,로고투-하시
94757352,헬리우스의 거미줄
95805959,델린 홀
96855514,로아가
97904104,동굴 저택
98953635,틀라르치르 무덤
100002213,슬로흐터 묘지
101050806,체로하다타
102099402,아스미블로트 신전
103148969,라넬리리아
104198469,타지플렉스
105247049,돼지와 단검 숙소
106295664,피타하제트
107345228,마라의 영원한 별
108393821,블로그 성
109442412,나로구제르
110491979,스탈돈 농장
111540558,옛 세티의 거처
112589145,모게자
113638662,마라의 기쁨에 찬 신탁
114687247,자보안
115735840,초곰의 탑
116784444,자베투비아
117833960,디르마르 요새
118882598,가로고르의 은신처
119933133,글라반 지하 묘지
120981727,그리푸라스의 둥지
122032279,라나노
123080859,카엘푼 오두막 유적
124129437,호무나세사 골짜기
125178025,더러운 근위병 여관
126227571,살드른 요새 유적
127277166,미시비
128326740,쥐와 오소리 호스텔
129376304,페오네라디수
130424888,이스포하리아
131473466,드루토스
132522046,두더지와 새끼 사슴 여관
133571596,를리트 농장
134620179,아야소피아
135670750,사울프 저택
136719331,쿠지레그
137767915,린노
138817496,네부케히우스의 집
139869058,슈룰디르 요새
140918640,두더지와 수사슴 술집
141968209,하얀 요정 술집
143017788,툴라스타니아
144066370,툴라에나제트
145116934,티르트 법정
146165513,모기리제르
147215099,진홍빛 드래곤 호스텔
148264661,푸르폰 무덤
149313239,드워프와 염소 술집
276583,디벨라의 내실 제단
1326162,랄드컨 저택
2376748,옛 라르자의 오두막
3434319,칼리오
4484886,크루르타 농장
5537449,붉은 고양이 선술집
6587018,그롤라스의 거미줄
7635596,굴든 농장 유적
8684185,디벨라의 침묵하는 신탁
9733742,안텔리부톤
10783312,와디제라레그
11832914,두더지와 구덩이 로지
12882474,부보하비아
13931053,운 좋은 사제 호스텔
14980613,글랄뎀 성채
16029226,옛 크라잠 판잣집
17078755,두르컨 농장
18127349,울부짖는 사제 술집
19175930,파트 그레인지
20226484,파즈다
21275068,기셀라
22323646,비른 성 유적
23373226,로르폼 요새
24422782,베브 농장
25472376,라메미토르
26520958,웃는 심연 로지
27570515,아트루자
28619100,옛 스타즈바의 판잣집
29668652,쥐와 야만인 선술집
30717231,칼루레그
31765810,바가다
32814392,불운한 드래곤 술집
33862990,더러운 성 술집
34912529,목마른 검 선술집
35961124,옛 노그트 판잣집
37009745,나구투르의 실험실
38059272,악마의 고블린 로지
39107855,블리르타 홀
40156445,나는 주전자 여관
41205985,쉬지 않는 새끼 사슴 로지
42254566,피시비
43304134,밀리토르
44352724,베레제자르의 은신처
45401338,모하니아
46450860,파포니레아
47499458,케그트케 구덩이
48548053,카르페 저택
49596656,옛 다르치 오두막
50646167,바젬 묘지
51694755,카르크컨 궁전
52743350,디벨라의 통곡하는 구원자
53792920,미르테 홀 유적
54841500,추필람 오두막
55891053,아즈도스의 거미줄
56939654,티고누스
57988233,디른케 저택
59036811,옛 비즈타의 거처
60085412,스탈타의 원
61134930,스라소니와 고슴도치 선술집
62183527,바르침의 탑 유적
63232144,여왕의 진 여관
64281650,메사니스
65330283,마이그 저택
66378861,메시리다이
67428380,슈레잠 저택 유적
68476969,불운한 심연 로지
69525559,왕의 고블린 선술집
70574171,악당과 야만인 로지
71622749,드워프와 야만인 여관
72672306,타시리니아
73720893,스투그테 감옥
74770408,롤드 농장
75818993,코브 과수원
76867595,디벨라의 노래하는 일출
77916179,보우탄 저택
78964771,발테지스의 무덤
80013353,쿠르테 궁전
81062861,초록 던전 선술집
82111442,카르가 무덤
83160030,디벨라의 영원한 유물
84208629,푸르카르 구덩이
85257224,마쿰바자르
86305815,마카카-이
87355336,옛 돌람의 거처
88403915,한다-하시
89452498,디벨라의 눈물 흘리는 구원자
90501078,두더지와 그리핀 선술집
91549659,초록 진 여관
92598244,미르머 홀
93646836,운 좋은 오소리 로지
94696360,파치 법정
95744982,헤조틀라스의 횃대
96793560,스테지르 농장
97843083,레르첸 저택
98891661,플레슈텐 홀
99940273,바필 농장
100988874,크로르돔 묘지
102038369,아군누다이
103086949,옛 사셰의 오두막
104135533,옛 레필키의 오두막
105184112,디벨라의 무한한 구원자
106232699,부그컨 홀
107281294,옛 라수르의 거처 유적
108329876,아게라비
109378490,다르코맘 자작 성
110427984,레필컨 성
111476611,더러운 염소 선술집
112525195,불운한 전갈 여관
113573788,부르셈 법정 유적
114622367,고그타 과수원
115671872,칼랄라
116720458,사이투르 농장
117769037,칼로투이사
118817616,소필라르 요새
119866214,여왕의 오소리 여관
120914826,토르크테 저택
121964314,비버와 진 로지
123012911,두꺼비와 새끼 사슴 여관
124061507,베르벨리제트
125110127,나는 구덩이 호스텔
126159623,춤추는 거인 호스텔
127208260,모르지레그
128257777,이사킬라닥스
129306379,그롬루고스의 둥지
130355000,발룰리바 수녀원
131403583,라노코시아
132452162,디벨라의 부드러운 빛
133501697,모로베온 공작 성
134550284,마엘리스 동굴
135599797,마카지리아
136648399,디벨라의 침묵하는 징조
137697023,보제토르 거미줄
138745604,통나무 지하 묘지
139795103,드워프와 검 로지
140843682,안텔리레아
141892270,토르논 농장
142940851,여왕의 고블린 호스텔
143989439,검은 거인 술집
145038034,피르셈 저택
146086639,은빛 악동 여관
147135218,키즈 근위대
148183799,비른트 홀
149233294,제니리제트
150281875,마엘레브란줄라 동굴
151330463,주보눌라 성당
152379060,제나톤
153427647,그롬곤의 거미줄
154477164,슈렐데 홀
155525759,아트룸바다
156574378,디벨라의 축복받은 영혼
157622986,라토토르 닭장
158672474,발프타 성 유적
159721083,로르 홀
160769667,스투톤 농장
161818247,더러운 야만인 로지
162866854,베름비트의 은신처
163916363,샤스트컨 탑
164964951,메수투사
166013529,칼레나레트
167062148,라틀로스
168110742,헤즈도스 둥지
169160226,보즈고스의 거미줄
170208808,시르담 농장
171257392,오수비
172305979,푸라르 성
173354567,시라-콤
174403204,토슈키 공동체
175452686,레즈타 저택
176501274,다문누토르
177549862,다미니아
178598442,이사키이아
179647021,디벨라의 축복받은 승천
180695610,텔 저택
181744194,옛 라즈바의 거처
182792785,울부짖는 구덩이 여관
183841393,카엘른 무덤
184890861,디르킴 탑
185939448,노르고스 둥지
186988117,롤판 묘지
188037593,왕의 오우거 로지
189086235,보아르캄 저택
190134813,비름카 수렴
191183391,드워프와 고슴도치 선술집
192231983,모기이다
193280565,디벨라의 신성한 신탁
194330046,와디자하시아
195378657,모르고스 둥지
196428193,옛 를리르케의 농장
197476777,깃털과 검 로지
198525376,니르그사 결사
199573971,울부짖는 사냥꾼 술집
200622551,야그비트의 거미줄
201671164,현자 기념비
202720666,로가하다이
203769245,옛 치르탄의 거처
204817871,사쇼트곤의 새장
205867371,카조코누
206915950,사자와 해골 호스텔
207964555,초록 단검 여관
209013134,박쥐와 진 술집
210061729,블레즈 성채
211111264,사나운 진 로지
212159842,파브바 마녀회
213208441,루완
214257031,아즈리우스 거미줄
215305617,옛 라즈파의 농장
216354216,웃는 요정 호스텔
217402818,휴식하는 사향쥐 선술집
218452373,블랄라르 탑
219500977,디벨라의 노래하는 선지자
220550441,울부짖는 단검 주점
221599050,체타르의 요새
222647633,올드 톨프타의 거처
223696279,타사스타닥스
224745738,마카자
225794317,블리스트의 성채
226842925,디벨라의 피 흘리는 우상
227891533,리쉬 농장
228940111,두그톰 묘지
229988696,불운한 야만인 숙소
231037293,마키릴라
232085872,세르크른 성채의 폐허
233135342,올드 카르쿠르 오두막
234183927,훔바콤
235232544,누르톤의 성채
236281163,안텔라카라
237330664,움부니아
238379258,올드 라올프-에 농장의 폐허
239427845,황금 악동 여관
240476426,춤추는 오소리 여관
241525016,와디주투아
242573596,사자와 드래곤 호스텔
243622199,와디조이사
244670793,라에르크트의 요새
245720256,은빛 새 주점
246768841,디벨라의 내면 신탁
247817421,쿠르기르 홀
248866041,자고라나
249915585,베르비시-타르
250964179,시브른 저택
252012826,미르흐트 농가
253062293,돼지와 사향쥐 숙소
254110899,세라스쿠비
255159527,체흐 농가
256209047,베른'컨 저택
257257625,야고트보르 둥지
258306215,악마의 새끼 사슴 숙소
259354807,아카하디수
260403394,키르흐텐의 요새
261451974,생쥐와 새끼 사슴 여관
262500580,행운의 해골 호스텔
263549167,타소하니아
264598647,검은 새 선술집
265647254,깃털과 늑대 숙소
266695835,크로르판의 지하 묘지
267744440,여왕의 그리핀 숙소
268793050,체투흐제트
269841628,체틸라자
270891082,틀루르트 과수원
271939770,테르크른의 요새
272989230,로길라
274037844,붉은 머그잔 숙소
275086468,노리커
276135069,돼지와 오소리 주점
277184536,진홍빛 진 호스텔
278233119,사찬 저택
279281716,쿠두안
280330298,목마른 머그잔 선술집
281378887,메르문 농가
282427483,라스타비아
283476094,은빛 고슴도치 호스텔
284524682,틀라침 홀
285574164,루르흐 궁전
286622775,젠 숙소
287671367,툭툭'컨의 요새
288720887,컬 홀
289769499,디벨라의 영원한 빛
290818108,올드 나르흐테 오두막
291867662,아쿠투-고라
292916242,올드 노필파의 거처
293964825,툴라이닥스
295013403,라이르누르 농장
296061982,마르흐템 성
297110561,올드 디흐틴의 거처
298159145,지저분한 수사슴 여관
299207745,마르'컨 묘지
300257333,말라-코롬
301306886,누흐트 묘지
302355477,이스피시우스
303404055,디벨라의 영원한 별
304452639,티르크른 저택의 폐허
305502171,아트르지-이즈
306550760,포본 코트
307599364,잘라하오
308647948,여왕의 사제 선술집
309697493,디벨라의 축복받은 별
310746074,를리르흐텐 저택
311794654,디벨라의 영원한 제단
312843250,악마의 마멋 숙소
313892777,두더지와 검 주점
314941360,타소구-코롬
315989968,말퍼 농가
317039535,투즈 저택
318088116,여왕의 고슴도치 주점
319136701,슈리브 오두막의 폐허
320185279,네부켈론의 무덤
321233861,올드 블라흐트 오두막
322282440,마쿠다타
323331960,라테드레드
324380563,티르터의 탑
325431134,투르넴 요새
326479745,클리르흐텐 성
327529280,로가크-코롬
328577870,황금 고양이 주점
329626448,여우와 사향쥐 호스텔
330675026,칼란
331725589,틀로눔 오두막
332774175,박쥐와 근위대 여관
333822763,박쥐와 사제 주점
334871347,디벨라의 울부짖는 순교자
335919929,타시시제르
336970468,를라르간 저택
338019051,베팡의 둥지
339067629,페르흐탐 홀
340118198,라즈레아
341166782,자게-이즈
342215372,사슈스 거미줄
343263957,부르므트 저택
344313504,생쥐와 전갈 호스텔
345362091,글레이 농장
346411684,세카우스
347461232,판다니스
348509833,디벨라의 불타는 나무
349561405,생쥐와 고양이 주점
315721,부베다
1364299,마우흐 코트
2413853,잘로사
3462441,딜프트 성
4512049,세데-코롬
5561587,키르 저택
6611195,메린 홀
7660754,키나레스의 침묵하는 구원자
8710324,기시리부
9759889,키나레스의 두려운 일출
10808473,체테미카트
11859038,올드 길키의 거처
12907620,카옴자 수렴점
13956227,그리르틴 성
15007756,도르캄 코트
16056348,슈크텐 탑
17105910,테톤 코트
18154488,지저분한 드래곤 호스텔
19203098,올드 크리르딤의 거처
20251676,베라레아
21300254,네크로미미온의 고분
22349808,오사스쿠톤
23400362,슬루르텐 과수원
24448963,블라룬 성
25498518,기수한
26547100,슬루르흐 코트
27595679,붉은 늑대 여관
28646272,배이그 홀
29694862,올드 슬롤펜 오두막
30744409,붉은 그리핀 여관
31793012,라마-이즈
32843560,코잔세트
33892157,클로트 홀
34941710,네부카논의 집
35990300,바가카가
37038887,모스트 오두막
38088433,올드 피치카 농장의 폐허
39138011,플라스타 코트
40186613,이사케이사
41236169,푼누자르
42285754,왕의 사제 주점
43335338,파포투노
44383917,올드 로르트의 거처
45435489,보구다타
46485059,두더지와 노움 여관
47533647,올드 마르민의 거처
48585214,보르흐투르 묘지
49633796,탁테 홀
50684363,라마카완
263832,진홍빛 고양이 여관
1313401,를렉트 홀
2366999,자비비아
3415577,고르케의 탑
4471139,녹슨 새 선술집
5520678,로파다이
6570273,슈랄드 코트
7618875,마르캄 저택
8668423,올드 터더 오두막
9717019,날덴 저택
10765600,바기토르
11815161,시아르크타 요새의 폐허
12863745,올드 실프-에 오두막의 폐허
13912332,올드 추르드키 오두막
14961880,투르트케 매장지
16010476,다모하자르
17059081,인형 농가
18108619,그리르트케 코트
19158147,툴라지닥스
20206726,왕의 지하 감옥 숙소
21255335,트로게르구의 거미줄
22303956,쿠슈타 과수원의 폐허
23352535,로르흐트 저택
24402058,네르흐'컨 홀
25451599,줄리아노스의 불타는 승천
26500212,올드 블림키 농장
27548829,카이르굼 묘지
28599372,로가스타부
29647955,베리미스 무덤
30696533,헤즈토르 둥지
31746056,사올의 탑
32794643,노르토스
33843244,모지 저택
34891824,베톤
35941444,디바드 기념비
36990026,줄리아노스의 두려운 구원자
38039544,메숨바시아
39088169,블레르딘 홀의 폐허
40137683,줄리아노스의 눈물 젖은 징조
41186275,쥐와 드래곤 숙소
42234856,줄리아노스의 축복받은 나무
43284439,베르흐투르 저택
44333050,나무껍질 묘지
45382566,그라르판 농장
46431196,나라누
47479783,추슈케 묘지
48529319,파름 저택
49577914,셀렌 홀
50626507,스트레너 안식처
51675085,올드 누흐 오두막
52724578,박쥐와 그리핀 호스텔
53773165,히플렉스
54821779,짐 사이 신전
55871334,휴식하는 단검 숙소
56919913,클룰푼 궁전
57968501,두르켐의 근위대
59017086,부스 저택
60065664,올드 사오지파 오두막
61114243,목마른 악동 선술집
62162824,숄'컨 농가
63211402,시오르의 탑
64259998,비그릴 신전
65309493,젠 숙소
66358114,줄리아노스의 영원한 빛
67406713,라메라라
68455294,글릴드 저택의 폐허
69504793,쿠도아웨인
70553400,쿠도투-타르
71601996,디스페이터 동굴
72650577,쿠다하사
73699181,다잔 묘지
74748670,카오필 요새
75797276,로고코-코롬
76845864,케텐 영지
77894446,드워프와 요정 술집
78943024,베겜 감옥
79991602,칼렐리우스
81040183,황금 드래곤 호스텔
82088768,악마의 고양이 선술집
83137358,라크의 무덤
84186864,왕의 성 여관
85235523,호문릴로니바 동굴
86285006,모로코아
87333585,모라자
88382172,버크 저택 폐허
89430751,비버와 근위대 술집
90479368,출드 채석장
91527974,세라즈레아
92577460,수슈테 묘지
93626098,타세흐카트
94674679,사타칼람
95723272,수타르 연구소
96771859,피레그
97821348,젠 오두막
98869944,크로르그 법정
99918557,늙은 포흐시의 오두막
100967161,모르카수나 동굴
102016646,페오니릴라
103065225,이스페-코롬
104113813,레탐 성채
105162414,여왕의 그리핀 오두막
106211010,이스피리우스
107260550,늙은 슈레흐티의 거처
108309128,메르흐팀 저택
109357768,제나카라
110407274,라즈 저택
111455862,나는 야만인 오두막
112504462,마에겜 농장
113553044,카참 탑
114601628,늙은 큐흐케의 거처
115650214,모필롬 탑 폐허
116698803,살쾡이와 검 선술집
117748326,리예르
118797867,아푼누시아
119846450,줄리아노스의 신성한 일출
120895028,나는 새끼 사슴 오두막
121943623,보군 오두막
122992201,살쾡이와 그리핀 술집
124040784,아페라노
125089381,하얀 진 여관
126137959,시룬누웨인
127186567,시라스쿠-타르
128236049,수르카르의 지하 묘지
129284629,쿠올웬의 성소
130333237,틸케 성채
131381828,모리시비아
132430417,다미부가
133479000,다미실라
134527585,펜의 안식처
135577140,티르쿠르 저택
136625719,툴라스쿠니스
137675238,녹색 야만인 오두막
138723865,줄리아노스의 영원한 빛
139772466,쿠르콘 묘지
140821049,카에르나르 묘지
141870533,늙은 랄란의 오두막
142920138,늙은 틀루르흐트의 거처
143968716,라우스틴 오두막
145017294,줄리아노스의 피 흘리는 예언자
146065885,줄리아노스의 눈물 젖은 재탄생
147114492,자보니플렉스
148164001,할의 선술집
149212590,크루르흐 농장
150261230,아구흐자르
151309812,목마른 단검 선술집
152359310,로가드라나
153407905,를레슈케 광맥
154456504,로가즈-하시
155505084,칼라다크스
156554628,드루록 거미줄
157603241,녹색 단검 술집
158651819,리가
159701349,리즈 저택
160750933,바게나리아
161800498,찰파르의 영지
162849077,록트 성채
316780,블릴프타 농장
1366353,바로간의 소굴
2414990,미르치르 탑
3463579,포잔 오두막
4512163,존의 성소
5560741,페르흐 농장
6609320,키에란 극장
7658801,녹색 해골 술집
8707382,카르센 저택
9755963,박쥐와 개 여관
10804586,녹색 오우거 여관
11854122,은색 마멋 여관
12902701,루르트 전당
13951303,바르그 농장
14999888,노르크 탑
16048472,레흐티르 전당
17097056,기르트 탑
18145644,클루이테 저택 폐허
19194234,제니타르의 즐거운 빛
20243703,녹슨 사제 여관
21292293,보러 영지
22340950,피티리이사
23390436,사자와 그리핀 오두막
24439033,악마의 투구 선술집
25487628,볼드 농장
26536206,안로그
27584784,다무투플렉스
28633380,그릴 저택 폐허
29681964,제니타르의 노래하는 재탄생
30730543,제니타르의 온화한 예언자
31779132,나레나제르
32827717,나라카톤
33877175,구르겜 성
34925762,목마른 주전자 술집
35974352,가스른 아카데미
37022938,툴라아크레그
38071518,제니타르의 신성한 우상
39120099,로르더 농장
40168734,스툴텐 성 폐허
41218236,늙은 레스시의 오두막
42266849,제니타르의 통곡하는 나무
43315439,왕의 오우거 선술집
44364026,방앗간 과수원
45412610,이릭의 제단
46461211,호닥스
47509790,리토가르의 금고
48559238,붉은 사제 선술집
49607816,목마른 염소 선술집
50656408,검은 주전자 호스텔
51704994,움분누웨인
52753581,슬레르프 성
53802160,블리르흐른 저택
54850744,파스케 저택
55899323,시아즈 농원
56947906,움비-타르
57996497,제니이사
59045103,제니타르의 침묵하는 예언자
60093683,디르흐 농장
61142280,바솀 농장
62191774,파피부-코롬
63240357,자보파우스
64288962,블로슈텐 농장 폐허
65337543,스테르체 성
66386123,늙은 게르차의 농장 폐허
67434709,자발라니스
68483299,깃털과 사제 호스텔
69532770,마레우스나 동굴
70581362,쿠둔누리아
71629942,마아르크 농장
72678520,악마의 오우거 여관
73727128,녹템 과수원
74775737,두꺼비와 고블린 여관
75824329,비버와 단검 호스텔
76872920,늙은 부흐트카의 농장
77922371,늙은 숙틴의 거처
78970958,하얀 새 여관
80019540,크라르크 오두막 폐허
81068130,하얀 그리핀 호스텔
82116717,고르크른 전당
83165295,돼지와 요정 오두막
84213911,틀루르크 농장
85262491,쥐와 근위대 호스텔
86311069,여왕의 근위대 호스텔
87359651,도르 농장
88408235,자기부토르
89456813,나른케른 전당
90505391,블로르케 농원
91553978,슈른 저택
92603443,하얀 단검 술집
93652030,마이르타의 근위대
94700609,제니타르의 영원한 구원자
95749187,니르다르 저택
96797766,베레네온 전당
97846393,돼지와 전갈 술집
98894984,베름토르
99943592,보하부
100993042,주불룰레사 수도원
102041632,두더지와 해골 여관
103090210,슬릴뎀 탑
104138804,악당과 고슴도치 여관
105187388,크레르크 농장 폐허
106235969,보일라트의 거미줄
107284573,헤즈구
108333159,늙은 플렐파의 농장
109381746,늙은 마에브카의 오두막
110430333,늙은 카아르흐자의 오두막 폐허
111478950,오소아자르
112527530,시로니-이즈
113576110,비명 지르는 거인 여관
114625562,모라하다
115674167,제니타르의 두려운 우상
116722791,데르프케의 감옥
117771371,진홍빛 늑대 호스텔
118820845,살쾡이와 진 선술집
119869433,늙은 마르흐시의 오두막
120918020,제니타르의 눈물 젖은 순교자
121966604,모솜 성채
123015216,아코구노
124063799,루름 과수원
125112377,아코니웨인
126160965,라르의 영지
127209543,두더지와 진 호스텔
128258122,리진 성
129306718,툴라드-타르
130355296,타소니사
131403875,누브 과수원
132452454,왕의 구덩이 선술집
133501047,라촌 저택
134549625,핀레트
135598205,파스팀 오두막
136647642,파르므텐 저택
137696221,클로르팀 지하 묘지
138744814,나로구니스
139793392,사우크의 무덤
140841970,나레흐다이
141890550,제니타르의 즐거운 순교자
142939129,마팀 탑
143987715,이릭의 제단
145036329,모구비
146084919,슈크 요새
147133543,제니타르의 축복받은 순교자
148182128,글루즈 저택
149230725,카우름 황궁
150279304,발릴라시바 저택
151328681,조드 성소
152377259,셰셰의 근위대
153425843,블리심 아카데미
154474424,두그로드의 성소
155523024,라오즈 법정
156571624,마이의 성소
157620213,체타다라
158668820,체투누
159717416,파피다타
160766001,페오누토르
161814579,이스파스타니아
162863159,울부짖는 고양이 선술집
163911748,틸돔 묘지
164960326,이스포아
166008916,비흐 황궁
167057500,디슈케 전당
168106089,보즈타 저택
169154667,메른 탑
170204117,늙은 마에흐톰의 오두막
171252697,늙은 므호지이의 오두막 폐허
172301275,치즈 저택
173349860,슈레르트케 성
174398469,릭트 홀
175447092,빌프 농장
176495672,를로흐티르 저택
177544255,켈 성 유적
178592841,프에잔 황궁
179641422,골드 핏 주점
180690005,디스페브란크세나 수도원
181739387,더러운 드래곤 여관
182787972,여우와 해골 여관
183836556,블레른 농장
184885157,롤라 묘지
185933741,미르흐 오두막 유적
186982324,스티브 요새
188030919,를루숀 영지
189079497,클레겐 농장
190128083,티스톤 오두막 유적
191176670,베그테 농장
192225248,카제나오
193273826,카일다르 농장 유적
194322404,미그컨 탑
195370982,반디의 성소
196419563,글레트 농장
197468149,크리프 근위대
198516727,웃는 오우거 주점
199565307,에본암의 모루
200613924,카자스타레그
201662522,녹슨 해골 주점
202711911,박쥐와 악동 선술집
203760494,카그트른 저택
204809072,타르단 황궁
205857662,행운의 염소 산장
206906256,제니타르의 영원한 일출
207954834,루르폰 과수원
209003426,틀렐룸 성채
210052005,파그트 저택
211100635,부흐 농장 유적
212149217,크레필타 회합소
213197798,잘룸바-하시
214246423,황금 수사슴 호스텔
215295006,모르곤 거미줄
216343588,낡은 구타르 오두막
217392972,차르찬 요새
218441563,불운한 오소리 선술집
219490146,제니타르의 노래하는 순교자
220538769,쿠디리닥스
221587357,낡은 틀렐드타의 오두막 유적
222635936,플라줌 성채
223684515,글로순 홀
224733099,레미시아
225781679,죽은 단검 산장
226830264,제니타르의 노래하는 나무
227878843,그레르 요새
228927424,리리노
229976012,야그돈의 둥지
231024617,푸톰 성
232073196,자가난다웨인
233121774,부스테 농장 유적
234170352,이릭의 제단
235218938,자기리-타르
236268337,틀로르텐 농장 유적
237316919,마우르툼 묘지
238365498,그루르치 농장
239414112,바길라
240462691,라나카-코롬
241511270,리스트케 농장
242559869,악마의 검 주점
243608507,펜의 안식처
244657120,불운한 근위대 선술집
245705703,말드 지하 묘지
246754293,베르베안
247803676,틀레르드컨 농장
248852261,제니타르의 불타는 선지자
249900852,바르 농장 유적
250949441,시로아라
251998019,두르드 영지 유적
253046612,행운의 구덩이 산장
254095200,블레필 저택
255143786,춤추는 전갈 산장
256192394,슬락트 성채
257240992,제니타르의 영원한 영혼
258289574,아즈라우스의 거미줄
259338186,슈템 구덩이
260386771,모로파누
261435349,사나운 마멋 호스텔
262484745,마키부레아
263533351,아카부
264581942,건달과 술잔 주점
265630532,블레르흐 묘지
266679157,툴라이부플렉스
267727736,제니타르의 노래하는 빛
268776315,붉은 사제 호스텔
269824922,데스컨 저택 유적
270873501,메르콘 황궁
271922121,비버와 개 선술집
272971493,여왕의 야만인 여관
274020074,게스트 농장
275068653,헤라-이즈
276117244,제니타르의 무한한 승천
277165828,왕의 해골 호스텔
278214406,행운의 악동 주점
279262984,쉬지 않는 고슴도치 산장
280311578,마에스투르 농장
281360160,기순누오
282408743,낡은 치우즈카의 오두막
283457322,낡은 타르흐타의 오두막
284505906,쉬지 않는 오우거 산장
285554502,바필람 법정
286603126,네크로모게자르의 무덤
287651719,블루르카 저택 유적
288700299,생쥐와 오우거 주점
289748886,불펨 홀
290797468,샤르세르 저택
291846048,낡은 카필리의 농장
292894635,크라르드 성 유적
293943213,모가스쿠레그
294992599,데르찬 홀 유적
296041177,깃털과 악동 여관
297089767,펜의 안식처
298138390,움비시라나
299186982,무르누르 저택
300235560,틀로준 저택
301284161,로르 황궁
302332815,모아-고라
303381401,와디지시다크스
304430778,크루르크 실험실
305479368,파파할라
306527948,자보하-타르
307576557,이스필리사
308625141,기르쿰 오두막
309673755,드워프와 거인 여관
310722348,제니타르의 기쁜 영혼
311770935,카르터 오두막 유적
312819525,제니타르의 축복받은 구원자
313868147,키르드 농장 유적
314916731,건달과 노움 선술집
315966112,보르고름 저택
317014695,야글로스 둥지
318063273,비명 지르는 악동 선술집
319111880,클록템 묘지
320160464,미르쿰 오두막
321209048,비그릴의 성소
322257626,카이르그 홀
323306208,아고코가
324354786,도르흐탄 홀
325403365,엘렐릴라
326451949,세르쿠르 농장
327500544,에본암의 모루
328549128,플리르겐 농장
329597719,블리르 홀
330646297,슈로르흐템 농장
331694906,엘로니-코롬
332743495,검은 고슴도치 산장
333792075,낡은 틀리브카의 오두막 유적
334840653,베름고스의 거미줄
335889247,은빛 오우거 여관
336938677,티르게 성채
337987260,로흐지비
339035838,비르터 과수원
340084421,로흐길리-콤
341133025,카질라라
342181604,낡은 테르그-에의 농장
343230219,야곤
344278863,낡은 크레르흐트 오두막
345328240,왕의 늑대 호스텔
346376822,사나운 늑대 호스텔
347425402,나트케 요새
348473986,이릭의 제단
349522566,타르팜 과수원
350571161,낡은 나춘 장소
351619765,펜의 안식처
352668348,사나운 근위대 산장
353716945,메짐 탑
354765551,라엔의 성유물함
355814168,아트로코디수
356862756,낡은 스타흐-시의 오두막
357911334,낡은 마르흐타의 오두막
358959920,가르드 저택
360008505,제니타르의 피 흘리는 나무
361057875,사자와 사냥꾼 주점
362106460,세딘부
363155081,투흐 농장
364203659,두스른 오두막
365252237,리르흐팀 묘지
366300819,바이크트 탑
367349397,랄루르 저택
368398004,낡은 플롤프타의 오두막
369446589,제니타르의 불타는 나무
370495176,세도플렉스
371543772,황금 사향쥐 산장
372592354,셰춘 탑
373640966,메수흐제트
374689557,낡은 클랄프카의 농장
375738950,세시르 성
376787533,낡은 코트바의 농장 유적
377836112,바기-이즈
378884703,라나조
379933283,코젬 농장
380981905,나셴 요새
382030485,노그케 저택
383079063,폴론 농장 유적
384127648,비명 지르는 해골 주점
385176245,크리샤르 저택
386224832,포즈 농장
387273416,라네레그
388322008,더러운 새끼 사슴 여관
389370586,검은 야만인 여관
390419168,아푸다
391467771,왕의 개 산장
392516358,웃는 사제 여관
393564938,초스트 농장
394614323,여왕의 개 산장
395662914,피겜 오두막
396711518,피토시아
397760098,쇼흐트 홀
398808680,드루이고스의 거미줄
399857261,플룰드타 영지
400905839,제니타르의 피 흘리는 빛
401954427,라르펜 탑
403003009,존의 성소
404051588,모르킬러 사제관
405100195,포헨 감옥
406148781,피테투노
407197391,플렉틴 저택
408245970,기실라
409294548,기짐 황궁
410343131,악마의 전갈 주점
411391721,보에스트 법정 유적
412440304,라에필트 과수원
413489672,를레샨 영지
414538255,블라그 성
415586833,카이르흐텐 탑
416635429,사나운 단검 선술집
417684015,사이의 성유물함
418732605,마악트 황궁
419781185,라엔의 성유물함
420829839,보즈보르 거미줄
421878418,체타-코롬
422927001,제니타르의 기쁜 신탁
423975583,키스트 근위대
425024171,낡은 슈리르친 오두막 유적
426072750,툴라에나안
427121332,낡은 테르몬 장소 유적
428169918,페오나스타니스
429218497,제니타르의 성스러운 승천
430267092,셀드 농장
431316469,은색 사향쥐 여관
432365060,갈덴 농장
433413661,낡은 더콤 오두막
434462334,블러프 궁전
435510917,낡은 블라그툼 판잣집 폐허
436559505,은색 수사슴 여관
437608094,낡은 플라드-이의 거처
438656675,안텔레미누
439705263,를리르켐 성
440754648,파피부
441803237,브루케 농장
442851833,메르그 성
443900431,세르나르 연구소
444949018,깃털과 사냥꾼 술집
445997603,웃는 검 여관
447046190,타르간 법정
448094769,낡은 카오스 오두막
449143347,시아잠 성
450191925,자바카플렉스
451240524,크룰 홀
452289117,자베제트
453337712,아트라크자
454386290,하얀 던전 여관
455434879,아가자르
456483459,토벤 묘지
457532048,악당과 던전 여관
458580637,클리르차르의 탑
459629215,쿠두-이
460677795,돼지와 마멋 호스텔
461726373,마이의 신전
462774952,무필란 묘지
463824322,낡은 몰람 오두막
464872911,토분 농장
465921491,로군누-고라
466970097,칼리닥스
468018677,이릭의 제단
469067260,제니타르의 침묵하는 선지자
470115860,솔'컨 저택
471164487,로브텐 궁전
472213076,칼리시아
473261662,베노
474310249,플렐판 성채 폐허
475358835,악마의 투구 여관
476407426,무즈키의 모임
477456804,베스트 영지 폐허
478505383,제니타르의 불타는 성물
479553972,오소투렛
480602562,보르너 탑
481651155,노겜 법정 폐허
482699734,오살라자
483748321,시로툴라
484796904,티르크른 농장
485845495,박쥐와 늑대 여관
486894119,세데라-코롬
487942699,모로한
488991285,제니타르의 통곡하는 별
490039873,하얀 마멋 여관
491088456,라엔의 성물함
492137037,울부짖는 악당 숙소
493185634,낡은 치텐 판잣집 폐허
494234212,모라스쿠비아
495282792,체름 과수원
496331373,세렐리다이
497379955,섹고드
498429330,이사코아-콤
499477919,글루치 농장 폐허
500526529,라니시아라
501575107,스타스트'컨 영지 폐허
502623699,황금 개 술집
503672307,니르뭄 궁전
504720900,제니타르의 두려운 구원자
505769496,낡은 달파 거처
506818094,블레친 홀
507866692,세필란 법정
508915289,보이짐 저택 폐허
509964659,플럽트 저택
511013253,아스마스 신전
512061837,가시르 홀
513110417,카제르 법정
514159008,피토코완
515207591,시에스의 영지
516256178,기셀리부
517304760,하얀 해골 여관
518353346,기소니플렉스
519401958,사자와 전갈 숙소
520450555,블라님 농원
521499148,나로아제트
522547731,로르크타 성
523596312,그루르크 궁전
524644891,두더지와 성 여관
525693473,나르지자
526742052,민자르
527790630,바겐 법정
528839224,바우란 탑
529887818,모르크 저택
530937182,파페자르
531985783,슬로슈른 농원
533034366,낡은 마오르케 판잣집
534082963,낡은 슬렉톰 판잣집 폐허
535131542,페오노구-이
536180132,라우트테 묘지
537228719,추트'컨 농장
538277305,보쉬 저택
539325888,니젬의 영지
540374466,왕의 오우거 호스텔
541423051,슬레넘 영지
542471635,가르커 요새
543520275,낡은 슈트-이의 거처
544568859,이스페호
545617438,토르쿤 저택
546666024,페어 탑
547714602,코르굼 저택
548763180,레그트른 성
549811758,이스파드레그
550861132,은색 투구 호스텔
551909720,블로르타르 저택
552958299,도필 탑
554006892,검은 악당 술집
555055493,키르테 홀 폐허
556104071,안텔린라나
557152703,슬리춤의 탑
558201285,죽은 단검 호스텔
559249870,엘루-고라
560298448,움빈닥스
561347033,를루르핀 요새
562395616,바리비우스 홀
563444198,낡은 블루필른 오두막 폐허
564492780,글로르트 궁전
565542201,베르페 요새
566590781,라메-타르
567639369,카지사
568687963,스토셰 저택 폐허
569736546,슬레트'컨 농장
570785140,카자제트
571833724,생쥐와 고슴도치 술집
572882311,아트레자
573930909,도스트 묘지
574979490,페르그케 저택 폐허
576028073,하얀 늑대 술집
577076667,목마른 악당 숙소
578125271,낡은 케르드-이의 농장
579173872,필드 궁전
580223255,글라르트케 성채
581271837,제니타르의 눈물 흘리는 선지자
582320431,로다이
583369031,검은 사향쥐 여관
584417618,테르맘 홀
585466220,현자 기념비
586514819,커프 농장
587563411,제니타르의 영원한 환생
588611997,바심 농장
589660589,부르탐 성채
590709185,푸르크텐 요새
591757764,낡은 샬키의 농장
592806349,슈즈 탑
593854940,자게투비
594904329,그랄프케 농장
595952915,라아르크타 저택
597001505,메세미누
598050111,칼리리다타
599098700,낡은 버스트-시의 거처
600147293,불운한 머그 술집
601195879,말펨 농원
602244493,파아르크 저택
603293075,목마른 사제 술집
604341662,바간다디수
605390258,바기리니아
606438841,드루토스
607488246,오세나부
608536852,크라즈 저택 폐허
609585431,나는 고슴도치 술집
610634009,시라카플렉스
611682603,불운한 드래곤 숙소
612731182,바에르톰 홀 폐허
613779772,코템의 탑
614828361,트로게텐
615876939,비즈 구덩이
616925521,제니타르의 두려운 나무
617974099,시룸바제트
619022680,코르시르 농장 폐허
620071258,모라크자
621119837,낡은 블로그 거처
622168416,제니타르의 내면의 나무
623217004,조드 신전
624265583,투셔 농장
625314161,모렘이자르
626362743,낡은 고르트-이의 거처 폐허
627411328,다마크-이
628459921,보즈 농장
629508501,블로르프텐 던전
630557095,부샨 과수원
631605687,다만다오
632655057,쿠올웬 신전
633703638,페노
634752230,피르친 농장
635800808,제니타르의 피 흘리는 예언자
636849389,파아클라
637897968,예커의 은신처
638946565,페셤의 경비대
639995146,제니타르의 신성한 재탄생
641043725,속텐 성
642092342,헤-타르
643140943,할의 여관
644189539,디르크의 경비대
645238128,마에즈텐 홀
646286707,스코곤의 둥지
647335286,시르콘 요새
648383883,악당과 수사슴 호스텔
649432470,글라머의 영지
650481053,히부사
651530427,와디준누안
652579034,다타르 농장
653627615,제프레 신전
654676197,와디제라비아
655724783,모르킬리툴라 사제관
656773379,웃는 머그 호스텔
657821965,쿨드테 성
658870562,슈레르겐 저택
659919143,그록툼 요새
660967722,파피이다이
662016304,파파스쿠비
663064897,비르투르 탑
664113476,토탐부
665162056,베르김 저택
666210643,제니타르의 신성한 재탄생
667259234,낡은 블라르크사 판잣집
668307815,제니타르의 두려운 영혼
669356417,마르크타 농장
670404995,나는 요정 여관
671454377,나르곤 홀
672502957,생쥐와 염소 여관
673551552,초르트 저택
674600132,쿠달라디수
675648715,를루르커 저택
676697295,녹슨 고슴도치 여관
677745881,푸르그 홀
678794480,주베브라스 동굴
679843076,엘로투니아
680891669,낡은 코르트-이의 농장
681940261,엘레라
682988851,부보하이사
684037429,제나스쿠완
685086009,불운한 사향쥐 여관
686134598,로겔리부
687183180,포르톰 저택
688231761,키르프 영지
689280339,낡은 스투브 오두막
690328935,머그컨 농가
691378315,잘릴라제르
692426895,제니타르의 두려운 유물
693475503,보차르 저택
694524091,오실리다
695572686,로구라나
696621270,세도코-고라
697669851,파언트 연구소
698718439,왕의 오소리 주막
699767049,세도구카트
700815635,춤추는 진 선술집
701864240,라르둔 성
702912842,메그트카 결사
703961427,메소니시아
705010823,제니타르의 축복받은 재탄생
706059402,니젬 저택
707107981,생쥐와 개 주막
708156562,녹의 성채
709205141,모르쿨룰의 구덩이
710253736,페추르 과수원
711302314,세르질라
712350949,바긴-하시
713399529,생쥐와 고슴도치 주막
714448107,고브 오두막
715496702,란지사
716545296,페바르 탑
717593913,늙은 데필티의 판잣집
718643308,폴트 성채
719691904,타세한
720740492,데르미르 저택
721789080,옛 마이트 거처의 폐허
722837670,피타드비아
723886254,피타즈다이
724934833,무즈 성
725983430,펜의 안식처
727032008,게르민 홀
728080601,설픈 묘지
729129185,늙은 틀렙-에의 농장
730177775,드워프와 개 여관
731226353,기신비
732274939,다즈트 저택
733323517,늙은 박트 판잣집
734372097,사나운 새 주막
735420677,블렐퍼 농가
736469255,다무-콤
737517834,긱트의 무덤
738566414,마가르의 지하 묘지
739614995,슬리즈의 탑
740663573,바긴 과수원
741712156,나리누스
742760740,버트 농가
743810208,제니타르의 흐느끼는 영혼
744858787,은빛 악동 호스텔
745907383,태쉬 농가
746955967,로필 성채
748004571,쿠크탐 코트
749053185,늙은 를룩사의 거처
750102580,제니타르의 영원한 재탄생
751151170,버커 농가
752199750,플룰드 저택
753248336,블릭텐 홀
754296917,늙은 슈론텐 오두막
755345497,하플렉스
756394086,제니타르의 성스러운 신탁
757442680,코드컨 농장
758491267,에펜의 사당
759539863,기샤르 성
760588442,샬덴 성채
761637026,사오른 농원
762685610,히리제트
763734198,여왕의 전갈 주막
764782796,콜두르 오두막
765831380,큐트의 경비대
766879960,슬로크 요새
767928540,파오르타 성
768977132,불운한 사제 선술집
770025710,안텔라스타자
771074291,제니타르의 내면의 별
772123686,움붐바오
773172268,가라르 지하 금고
774220851,와디제투제르
775269497,쉬지 않는 악동 주막
776318085,시르트 채석장
777366683,늙은 를릴드의 거처
778415272,제니타르의 내면의 현자
779463890,보이드 홀의 폐허
780513291,사나운 성 선술집
781561872,멜 과수원
782610461,그리프컨 코트
783659058,제니타르의 불타는 예언자
784707664,클라스테 저택
785756245,쿠스트 홀의 폐허
786804826,자반다시아
787853418,아트레나노
788901999,마르멘 성
789950577,제니타르의 불타는 구원자
790999162,바순 저택
792047742,글라드 저택
793096334,아구툴라
794144914,사르그의 요새
795193507,카르트케 지하 금고
796242085,크레르치 저택
797290668,제니타르의 온화한 순교자
798339246,바르타 저택
799387827,검은 그리핀 여관
800436406,볼 홀
801484984,슈르펜 홀
802533568,진홍빛 진 주막
803583004,칼루비아
804631611,룰프 묘지
805680191,바고파다이
806728776,바르쿰의 지하 묘지
807777358,보비
808825980,녹슨 오소리 선술집
809874563,반디의 사당
810923160,푸즈트 농가
811971746,블러처 농가
813020332,베르보파-콤
814069722,슬루필리르 성
815118305,옛 로브 오두막의 폐허
816166884,늙은 크로른-이의 거처
817215462,깃털과 전갈 호스텔
818264040,세데리아
819312622,진홍빛 고슴도치 여관
820361209,피르케 성채
821409818,여우와 개 산장
822458398,니르님 홀
823506977,하얀 검 호스텔
824555585,초르치컨 저택
825604164,모리부아
826652751,모라이사
827701345,제니타르의 통곡하는 구원자
828749927,슬리너 농가
829798505,세랄라완
830847085,늙은 파올프자의 판잣집
831895666,코르쿠르 저택
832944251,늙은 그로필-시의 농장
833992850,여우와 염소 호스텔
835041432,제니타르의 신성한 영혼
836090851,데르칸 농원의 폐허
837139486,포르트케의 경비대
838188064,게룰라스 수도원
839236645,콜웬의 사당
840285231,악마의 드래곤 선술집
841333861,불운한 해골 주막
842383311,울부짖는 수사슴 산장
843431932,포른타 탑
844480523,를로크케 과수원의 폐허
845529105,보스투르의 경비대
846577711,케처른 묘지
847626292,포르키 결사
848674901,콜웬의 사당
849723480,늙은 후트키의 거처
850772065,바르트 저택
851820644,파포니자
852870107,이스프지-코롬
853918699,카르트컨 홀
854967278,다르텐 농원
856015862,불드 농가
857064460,틀레르치케 요새
858113044,이스파한
859161625,안텔릴라비아
860210220,바우흐트 탑
861258808,틀로주르 성
862307406,카올둔 코트
863355985,테르캄 저택의 폐허
864405467,행운의 해골 여관
865454052,다르키바라우스의 무덤
866502636,라르른 궁전의 폐허
867551258,보친 저택
868599836,블로브케 탑의 폐허
869648418,비버와 노움 여관
870696997,구름 저택
871745575,목마른 해골 주막
872794157,라모니디수
873843679,토본 저택의 폐허
874892260,데스텐 지하 금고
875940848,그루솜 농원의 폐허
876989430,시그타의 모임
878038009,누르크타 성채
879087536,릴핀 저택
880136149,제니타르의 노래하는 현자
881184768,릴람의 거점
882233351,바고-고라
883282873,여우와 고슴도치 산장
884331459,모라스타자
885380046,검은 전갈 여관
886428624,마크터 농가
887477211,에본암의 모루
888525790,늙은 푸르티의 판잣집 폐허
889574370,다메나웨인
890623903,개그 성의 폐허
891672507,제니타르의 영원한 제단
892721085,포다타
893770602,파포파레아
894819183,부르펜 성
895867841,파포-이즈
896917346,엘리-고라
897965945,커 저택
899014523,반디의 사당
900063111,비르티르 홀
901111689,시르킨 코트
902160268,로프 농가
903208846,엘레카트
904257431,베람 농장
905306015,게르둔 홀
906355550,황금 그리핀 선술집
907404157,카잘라사
908452747,두더지와 고슴도치 산장
909502250,비그 농가의 폐허
910550843,세디시비
911599421,비버와 거인 선술집
912648003,그롤라르고스 거미줄
913696601,늙은 나름 오두막
914745192,가브테 저택
915793775,두더지와 고양이 여관
916843342,셰르네의 거점
917891923,쥐와 악동 주막
918941444,드워프와 사향쥐 선술집
919990065,바알렉스 동굴
921038648,여왕의 악동 선술집
922087229,란오코아라
923135810,그라치 농원의 폐허
924185315,늙은 클리슈바의 판잣집
925233927,붉은 전갈 산장
926282505,시르터 묘지
927331087,포그 농원
928379665,늙은 블롤프케 판잣집
929428252,현자 기념비
930477789,를리르트컨의 거점
931526370,이사카즈톤
932574977,여우와 염소 주막
933623567,마카드라나
934672149,마카즈-고라
935721682,그레르트 성
936770261,배어가 오두막
937818862,슬레틴 농장
938867441,라에르만 발굴지
939916995,황금 주전자 호스텔
940965598,제니타르의 두려운 승천
942015169,디준 성
943063752,늙은 마오르피의 오두막
944113317,늙은 미시의 판잣집
945162877,레스테 농원
273913,두더지와 마멋 주막
1323474,깃털과 고슴도치 여관
2373058,클롤품 농장 유적
3422622,타르서 홀
4472220,자가라디수
5520802,슬라틴 농장
6570357,자가포리아
7618958,포르치 저택 유적
8667570,메세라라
9717094,세스탐 성
10765689,클루치 저택 유적
11815234,블룰더 그레인지
12863843,를루르크 홀
13912431,베르비부제트
14961012,아피시자
16010512,루르푸르 감옥
17059102,수르감 홀
18107745,살쾡이와 검 선술집
19156337,더러운 염소 여관
20205852,이사코니레그
21254435,보부르 저택
22303022,도르그-시의 옛 거처
23351644,깃털과 염소 여관
24401133,배스템 궁전
25449742,루르그 묘지
26498335,베즈카 공동체
27546919,툴라일리시아
28596456,생쥐와 새끼 사슴 호스텔
29645077,은빛 새끼 사슴 술집
30693680,데크 저택 유적
31743178,와디질라니스
32791778,그라치 저택
33840394,마에샨 성채
34889912,나필렘 궁전
35938491,그라준의 낡은 오두막
36987071,바라네자르 공작의 저택
38035654,엘라니아
39084232,둘핌 농장
40133834,비명 지르는 전갈 여관
41183386,크레르치아 원
42231988,틀로솜 저택
43280568,비리자르
44329152,말리르 그레인지 유적
45378664,더러운 구덩이 숙소
46427245,카오르크-e의 농장
47475827,루름타의 경비대
48524438,쿠올웬의 성소
49573983,메시리자
50622561,보이커의 둥지
51671149,클라이트른 묘지
52719737,에펜의 성소
53768320,비버와 개 술집
54816902,체레미웨인
55866461,틀리티르 과수원
56915050,아푸투가
57963644,푸르트-e 집회소
59012225,아폴라
60062703,마코완
61111290,라우르트 요새
62159919,슬레봄 저택
63208530,스텐다르의 성스러운 별
64257123,파더 궁전
65306613,카이타르 묘지
66355235,체토니아
67404768,스트레너 피난처
68453381,죽은 던전 호스텔
69501974,안텔라제르
70550559,쥐와 수사슴 호스텔
71600050,제노파카트
72648704,티필 농장
73698210,목마른 고슴도치 호스텔
74746796,생쥐와 고블린 선술집
75795387,쥐와 악당 술집
76843967,여우와 야만인 술집
77893522,깃털과 요정 선술집
78942130,데자르 저택
79990714,루이텐의 영지
81039304,깃털과 야만인 숙소
82087890,리필티의 낡은 오두막
83137439,네스투르 홀 유적
84186029,레르첸 성채
85234612,게르칸 저택
86284141,오실리누
87332723,살푸르 성
88381372,오실라완
89430835,죽은 염소 여관
90479431,쿠르드텐 과수원
91528015,두르트 법정
92576608,돼지와 염소 선술집
93625213,체라드부
94673798,보아르 궁전
95722386,샤르 농장
96770977,할의 선술집
97820502,녹슨 고슴도치 술집
98869117,죽은 사냥꾼 숙소
99917695,코로보스 성
100966283,모르크의 낡은 오두막
102015772,비버와 단검 호스텔
103064364,나루시아
104112980,기벰 농장
105161562,노르그타의 낡은 오두막
106210153,고흐크른 농장
107258732,마스타자
108308237,안텔라니스
109356849,델른 묘지
110406373,치르문 농장
111454986,비브 저택
112503570,나는 오우거 여관
113552156,베추르 오두막
114600744,제눔바누
115649336,슈르타 묘지
116697920,라마크완
117747398,카잔다
118795989,를레그른 오두막
119844584,켈프케 농장
120893228,푸치키의 낡은 오두막
121942693,라카톤
122991287,클랄프텐의 옛 거처
124039885,자기자르
125088468,자가크-Ij
126137072,이릭의 제단
127185670,메세카트
128235209,사이의 성유물함
129284722,체랄라-코롬
130333331,리스-시의 옛 농장 유적
131381910,이사코투비아
132430520,이사케라가
133479128,불운한 사냥꾼 숙소
134528616,크레텐 저택
135577218,데르텐 농장
136625800,포아다이
137674423,필데 농장
138723912,티솜 요새
139772506,검은 수사슴 숙소
140821091,타사르 농장
141869683,울부짖는 새 술집
142918305,게르트 궁전
143967832,파르프파의 낡은 오두막
145016441,여우와 고블린 선술집
146065027,베름텐의 거미줄
147113606,무르드카의 낡은 오두막
148163125,글락팀 묘지
149211721,피즈 묘지
150260314,이스핀제르
151308925,물리르의 낡은 오두막
152358395,엘릴라-Ij
153407002,엘루카트
154455594,발티바로르의 무덤
155504218,누르첸 법정
156553697,카주시아
157602282,디스피아미티바 성소
158650893,빈노
159699483,보웨인
160748091,솔렘 묘지
161796671,델파르 성
162846181,카엘더 무덤
163894769,포르키르 무덤
164943354,크로벰 성
165992887,악당과 고양이 숙소
167041477,세다주스
168090090,기겜 저택
169138668,은빛 개 여관
170187249,크레르치른 농장
171235839,나는 사향쥐 호스텔
172284431,바에르크테 홀
173333945,라나스타라
174382550,라눔바누
175431138,게르크-i 콘클라베
176479753,크레제르 묘지
177529251,카아르그테 농장
178577830,아페투다타
179626411,아품바토르
180674993,레론 묘지
181724529,피브크른 탑
182773165,비버와 던전 술집
183821745,박쥐와 틈새 술집
184870325,인베로감의 무덤
185918919,그루툰의 옛 거처
186967499,키에란 극장
188016077,비버와 구덩이 술집
189065602,죽은 오우거 여관
190114199,로촘 저택
191162785,울부짖는 사제 숙소
192211367,스텐다르의 노래하는 승천
193260901,페온안다다
194309498,블리르그 과수원 유적
195358084,니치의 옛 거처
196406686,페온우라나
197455271,크라그텐 묘지
198503851,모줌 지하 묘지
199553333,안텔루투시아
200601927,안텔리노
201650562,딜라르 저택
202699147,딜룸 요새
203748626,큐그트의 탑
204797217,모로트구
205845809,와디제레트
206894399,라미부가
207942988,라마라
208991577,아즈리록
210040155,게오르고누나 대성당
211088757,모르노스
212138277,글루필란 저택
213186863,타샤르의 영지
214235455,부슈트의 무덤
215284056,라존의 낡은 오두막
216333533,를루르크테 농장
217382114,카필리르 저택
218430718,사오트 오두막 유적
219479296,스텐다르의 신성한 제단
220527875,파우즈타 홀
221576454,마네호트의 지하 묘지
222625035,스텐다르의 피 흘리는 빛
223673618,스텐다르의 눈물 흘리는 예언자
224722201,그레브른 구덩이
225770783,도르넴 저택
226819362,쿠다스쿠아라
227867973,부비이누
228917473,이릭의 제단
229966069,글리림 궁전
231014673,코르크-i의 낡은 오두막
232063275,로기시니아
233112751,깃털과 고블린 선술집
234161377,베르베라플렉스
235209970,미르톰 저택
236258562,발티무스의 무덤
237307141,두그로드의 성소
238355722,더러운 머그잔 숙소
239404303,마이의 성소
240453781,악당과 검 선술집
241502369,틀라르투르의 낡은 오두막
242550967,레르겜 궁전
243599546,세도아카트
244648181,블라르트 저택
245697693,체릴라라나
246746280,스텐다르의 온화한 예언자
247794866,체릴리-하시
248843466,하얀 야만인 여관
249893005,더러운 개 선술집
250941592,검은 고슴도치 선술집
251990184,피가
253038778,투춤 법정
254087377,기신라
255137914,루그테의 실험실
256186496,안텔레투이사
257235085,야글로스
258284638,엘레투부
259333226,반디의 성소
260381820,클리르가르 묘지
261430403,움베플렉스
262478984,스텐다르의 통곡하는 영혼
263528516,올드 바스-아이의 오두막
264577111,닥트'컨 묘지
265625693,바수르 묘지
266675272,디스퍼 골짜기
267723859,악마의 늑대 호스텔
268773417,세르톤의 경비대
269821995,슈르기르 성
270870584,돌딘 홀
271920123,아파크니스
272968709,아파다이
274017287,스텐다르의 축복받은 나무
275065870,나는 던전 여관
276115455,모리다타
277165005,보아주르 묘지
278213585,여우와 드래곤 호스텔
279262169,툴라오파제트
280310765,피스가 교단
281360333,스텐다르의 내면의 빛
282408911,쿠김의 무덤
283458460,올드 버크티의 오두막
284507072,진홍빛 성 로지
285556621,도루르 묘지
286605199,링크스와 드래곤 선술집
287653782,버치 묘지
288703342,생쥐와 오우거 호스텔
289751923,부보안
290800518,부브지니스
291850115,올드 디르탄 판잣집
292899653,잘라드니아
293948232,출프타 홀
294996821,올드 런 판잣집 유적
296046408,두론 감옥
297095956,아파라나
298144564,를롤프'컨 농장
299194129,델론 농장 유적
300242711,다메투-타르
301291296,스쿨리우스 거미줄
302340830,웃는 개 호스텔
303389422,루처 묘지
304438003,페오눔바다이
305487566,초록 고슴도치 호스텔
306536153,모구다타
307585720,쿠다오
308634319,머프트 홀
309682899,부보레그
310732456,보이노토스
311781049,빌라
312830598,스텐다르의 성스러운 우상
313880178,스텀 오두막
314928774,크레즈 홀 유적
315977355,죽은 머그 호스텔
317026903,푸슌 궁전
318075484,국경 연구소
319124069,수그탄 성
320172652,C'ag 과수원
321222214,비명 지르는 투구 로지
322270801,릴단 오두막
323319385,발레우술라 수도원
324367968,모르기르 궁전
325417533,제노시아
326467084,백색 성 술집
327515666,드워프와 고슴도치 호스텔
328564245,보이르넴 묘지
329612840,아트룰라
330662427,치르눈 교화소
331711963,백색 해골 호스텔
332760550,베르반다
333809146,바우트 성
334857728,베르베나이사
335907286,미스트 농장
336955866,글리군 저택
338004447,이사쿠제르
339053030,스텐다르의 온화한 영혼
340102577,올드 르잠의 거처
341151161,울부짖는 성 호스텔
342199760,왕의 사향쥐 술집
343249326,C'ergun 법정
344297915,블로르다르 지하 묘지
345347457,로가스쿠플렉스
346396052,춤추는 고슴도치 로지
347444635,스텐다르의 즐거운 승천
348494191,포젬 요새
349542774,목마른 그리핀 로지
350591367,메사드노
351640923,라누렛
352689505,시르멤 농장
353738088,올드 릭사의 판잣집
354787672,생쥐와 사냥꾼 술집
355837231,스턴임 감옥
356885820,슬로테 농장 유적
357935402,클랄프의 경비대
358984945,발룰리바 수녀원
360033545,와디제미다
361083089,누곤 연구소
362131683,루수르 농장 유적
363180283,그레그투르 궁전 유적
364230819,올드 리즈사의 오두막
365279425,킬팜 홀
366330995,스텐다르의 피 흘리는 나무
367380549,구르추르 묘지
368431118,Fhest'kern 과수원
369481696,후투디수
370531277,골드 법정
371580850,그롤고드
372631428,악마의 해골 로지
373680997,왕의 검 로지
374730570,모르코티아 골짜기
375779154,로크 홀
376829726,올드 보그테 판잣집
377879300,올드 페어티의 판잣집
378927881,움바주웨인
379976469,올드 T'act 판잣집
423852,V'urmon 무덤
1472441,나는 오소리 호스텔
2521023,주바스 골짜기
3569621,비버와 고슴도치 술집
4619204,돼지와 머그 술집
5667793,코리보어의 집
6717294,그렉툰 탑
7765882,사나운 고블린 호스텔
8815448,올드 세어크-e의 판잣집
9864055,마라의 성스러운 순교자
10912653,페오나들라
11961254,라크 성
13010764,나는 고블린 여관
14059383,움빌라디수
15107972,마라의 통곡하는 일출
16156553,마르 저택
17206083,아스메브룰 골짜기
18254670,마라의 성스러운 징조
19303266,라모구완
20352795,에펜의 신전
21401384,사자와 수사슴 여관
22449969,자바제트
23498594,올드 두브타의 거처
24548081,사나운 사향쥐 여관
25596678,라엔의 성유물함
26645270,악마의 노움 술집
27693893,여우와 주전자 술집
28743397,쿠다부
29791993,쿠두
30840617,여왕의 해골 호스텔
31890108,보르미르 농장
32938707,플레저 저택
33987319,자기-고라
35035907,칼리리카트
36084487,블리센 요새
37133068,마라의 영원한 신탁
38182594,마라의 영원한 제단
39231177,바크 홀
40279784,를레시 농장
41328378,키에란 극장
42376958,메자르 탑
43426444,마라의 두려운 성유물
44475023,치친 탑
45523609,삭템 홀
46572200,레그 법정
47620780,초록 틈새 호스텔
48669364,발로티아 동굴
49718890,둑템 궁전
50767537,V'ag 홀
51816128,사스'컨 농장
52865633,블레그투르 성
53914237,바오르프른 요새
54962824,마이의 신전
56011436,골드 페어리 로지
57060991,딜프카 결사
58110550,올드 블로르드 판잣집
59159165,아키다이
60208674,페누
61257259,슈레크 묘지
62305837,붉은 전갈 여관
63354433,로스텐 홀 유적
64403011,착투르의 요새
65451589,존의 신전
66500194,올드 그레세 판잣집
67548779,불운한 늑대 술집
68597363,올드 클릴드-i의 오두막
69646830,네쉬 요새
70695411,모레혼의 무덤
71744007,바산 농장
72792623,미부
73841233,마에스투르 저택
74890731,마르트 농장
75939315,T'ast 홀
76987918,블라케 무덤
78036497,세툰누플렉스
79086066,깃털과 그리핀 로지
80134644,이스피부-고라
81183227,이스파카트
82232753,포스팀 법정
83281339,부르마르 저택
84329933,투즈른 농장
85378515,안텔로파다
86427094,더러운 그리핀 술집
87476624,올드 쇼젠의 거처
88525227,키에란 극장
89573866,제넬리시아
90623366,데만크스 동굴
91671946,마라의 내면의 일출
92720535,여왕의 사제 술집
93769124,투주르 묘지
94817702,클릴드 무덤
95866329,디라르 저택
96914913,라우준 성
97964433,올드 노른타의 오두막
99013029,생쥐와 노움 선술집
100061630,올드 시우스카 농장 유적
101111110,코링구스 돌무지
102159688,데르테 농장
103208295,티필'컨 탑
104256873,펙트 농장
105305481,마라의 불타는 예언자
106354998,마오스테 묘지
107403594,플레즈 묘지
108452188,헬라스 거미줄
109500780,마라의 침묵하는 제단
110549390,바그지완
111598913,크리찬 홀 유적
112647526,녹슨 새끼 사슴 호스텔
113696108,슬루필 탑 유적
114745601,다민자르
115794190,루흐타 저택
116842784,올드 F'urht의 거처
117891388,트리세르노고스 거미줄
118940002,검은 진 술집
119988580,블레스'컨 매장지
121037162,올드 T'orpfa의 농장
122086660,베름로스 거미줄
123135251,블로필른 성
124183861,올드 불리의 거처
125232442,이사코레그
126281031,스턴안 홀
127330522,도르트 탑 유적
128379110,은빛 드래곤 술집
129427701,티센 저택
130476289,올드 니짐 오두막
131524885,기스탐 법정
132573476,올드 롤타의 거처
133622966,기소사
134671569,C'orkke 성채
135720160,모가스타비아
136768762,디르흐타 궁전
137817350,라트고드 둥지
138865928,크로르바의 원
139915442,체테니스
140964033,늙은 셰그-시의 오두막
142012670,생쥐와 늑대 호스텔
143062167,마르칸 농장
144110754,이스푸투아라
145159364,스쿨곤
146207947,아제나누
147256542,여우와 거인 로지
148305123,베탐의 감옥
149354632,아가카완
150403212,비명 지르는 단검 선술집
151451792,스탈딤 저택
152500380,마르캄 홀
153548994,고른'컨 농원
154597588,엘룸바토르
155646169,구르테 저택
156695647,브로르난 발굴지
157744242,깃털과 해골 펍
158792844,틀리주르 요새
159841432,부베미아
160890010,클루트른 광산
161938607,룰 타워
162987187,울부짖는 노움 호스텔
164035779,늙은 글로르테 오두막
165085261,로구부
166133907,칼란다플렉스
167182500,베이르타르 묘지
168231978,기르탄 농장
169280585,아즈가록의 거미줄
170329201,아스메우세나 동굴
171377785,파우슈테 성채
172426382,래트호스의 거미줄
173475856,셀러 저택
174524468,레브'컨 과수원
175573069,마라의 기쁜 유물
176621659,베크 저택
177671170,래트돈 거미줄
178719750,불운한 근위대 호스텔
179768369,타처 궁전
180816986,검은 성 호스텔
181865568,틀레필리르의 무덤
182915061,목마른 고양이 호스텔
183963646,죽은 늑대 선술집
185012262,세두-이즈
186060849,춤추는 요정 선술집
187110420,늙은 틀루쉬-시의 농장
188159003,라우자르 궁전
189208509,라눈누시아
190257090,불운한 전갈 여관
191305670,틀로샴 요새
192354281,그라름 성
193402859,서크 농장
194451465,페스 연구소
195500046,라나스쿠자
196549596,아파스쿠-타르
197599157,비그 법정
198647740,라르크 타워
199696322,악당과 염소 선술집
200744927,피토툴라
201794448,깃털과 투구 선술집
202843046,사르트 농원
203891634,랄덴 농장
204940220,펙텐 농장
205989728,베그테 홀
207038312,나레라니스
208086928,더러운 거인 선술집
209136443,발레불의 구멍
210185025,시알두르 홀
211233605,틀롤룬 저택
212282188,마라의 피 흘리는 우상
213330772,블루톰 농원
214379359,를루셈 농장
215427971,에페소스
216476550,카르테르의 탑
217525141,피스터 궁전 폐허
218574631,노르드레드
219623245,클루프 홀
220672800,호투니아
221721385,마라의 성스러운 일출
222770009,네크로모곤의 집
223818588,슈르의 무덤
412637,플루반 과수원
1463221,쿠르넨 지하 묘지
2513791,엘루-타르
3564372,바다이
4612957,하얀 구덩이 펍
5663513,플라르둔의 지하 묘지
6712093,스텐다르의 기쁜 징조
7761676,녹슨 머그잔 펍
8811243,스텐다르의 무한한 예언자
9861817,슬리필러 묘지
10911405,나르지자
11960970,검은 고슴도치 펍
13009553,리스 묘지
14058141,하얀 오소리 로지
15108718,아자드레드의 둥지
16158277,파름른 묘지
17208879,코르놈 홀 폐허
18258430,부트 매장지
19308014,늙은 라르프자 오두막 폐허
20356592,래트토르
21405181,칼리리다
22453760,발라
23504324,글라그톤 법정
24552908,쿠슈트 농장
25602474,모리리비아
26651057,슬릴둠의 요새
27700629,산타키
28749207,쿠즈케 탑
29797787,를라손 요새
30847372,시오그터 저택
31896927,타시리아
32945508,타사카라
33995091,비스의 요새
35043672,문누레아
36096234,엘로하-하시
37146812,플라브테 묘지
414468,쿠르피 컬터스
1465038,마라의 성스러운 제단
2516597,잘랄라라
3566186,비버와 고슴도치 여관
4616717,가순 저택
5665304,아포하자르
6713889,마라의 노래하는 예언자
7762490,델렘 저택
8813031,마라의 축복받은 유물
9861627,피텔리다
10910218,불운한 개 로지
11958807,피토닐라
13007388,다모아-하시
14056907,사우더 매장지
15105518,마라의 성스러운 재탄생
16155073,툴라오구비아
17203675,늙은 데르놈 오두막
18252262,디스페우스 수녀원
19302815,먼지 마녀회
20352386,늙은 글루트-이의 오두막
21401965,마라의 영원한 일출
22450564,진홍색 노움 여관
23499146,마라의 무한한 별
24547725,피브의 지하 묘지
25597275,페존 요새
26645857,늙은 파오르트 장소
27695420,늙은 보진 오두막
28744028,마라의 내부 제단
29793591,검은 개 호스텔
30842183,라에즈 법정
31893752,세데미안
32944318,늙은 룰드른 장소
33992901,두그로드의 사당
35041490,마이르프테 법정
36092040,모고파
37140646,크레르두르 홀
38191201,늙은 사즈 오두막
39239783,마라의 기쁜 별
40290361,라울프 연구소
41340935,안티필로스
42389527,황금 오우거 펍
43439098,를리르그타 궁전
44489672,아포코레아
45541244,툴라에닥스
46590823,하-타르
47645405,부투톤
48694967,도브트 묘지
49743555,마라의 신성한 영혼
50796123,글리르참 묘지
449405,그룰드른 궁전
1497991,잊혀진 구덩이
2547559,시라플렉스
3596137,피타제르
4644723,늙은 크루르티의 오두막
5693301,바로바르 후작의 케언
6741890,비버와 악동 로지
7790469,모루톤
8840034,이사쿠카트
9889595,툴라에-하시
10939169,푸웨인
11987752,를리스트텐 농장
13037326,마르트 지하 묘지
14085909,디바드 기념비
15134494,카우르논의 탑
16184064,아카토쉬의 피 흘리는 빛
17234648,돼지와 근위대 로지
18284203,가르프 정신병원
19333786,카조제르
20383379,보아르트 저택
21432930,디바드 기념비
22482500,드루에를라트
23531101,늙은 추름바의 농장
24580661,메수레그
25630227,은빛 진 로지
26678805,발레룰라 골짜기
27727383,웃는 고블린 여관
28775969,붉은 구덩이 펍
29824563,세룬누-하시
30873149,콜페 저택
31922704,닐퍼 농장
32971284,아피웨인
34020840,죽은 염소 선술집
35069418,피탈라가
36117998,두슈른의 요새
37166586,글라르킴 근위대
38215174,네르그의 탑
39264746,다말라-코롬
40313334,가름 묘지
41363890,마카스쿠비
42413471,늙은 토촘 오두막
43464047,베르가마
44512630,안텔로하자
45561212,여우와 전갈 여관
46610755,늙은 라필사의 오두막
47661336,펜의 피난처
48709940,늙은 카르치의 농장
49759485,자빌라레그
50809070,비그릴의 사당
51858638,제프레의 사당
52907240,드루보르의 둥지
53956788,바알로고르고네나 은둔처
55005383,바름테 저택
56054943,칼루비아
57103532,칼로가
58152119,벨라
59202674,늙은 슈라고름 장소
60251277,녹슨 사냥꾼 로지
202962,무어필드 농장
1252547,악마의 머그잔 호스텔
2302116,애슈턴 농장
3350694,윅턴 농장 폐허
4400263,구리 집 농장 폐허
5448856,비버와 투구 호스텔
6498418,알드베일
7547006,반노리아 공동체
8596584,하스필드 농장
9646145,마스터필드 농장
10694726,무어윙 과수원
11743318,무어톤 농장
12792875,늙은 이사비스의 농장
13841456,디어호프
14890034,윅스미스 농장
15939600,늙은 라이소리아의 농장
16988198,사자와 틈새 로지
18037762,버킹크로프트 농장
19088330,진홍색 고양이 펍
20136908,애슐리 농장
21187488,크롬우드 홀
22237069,제니타르의 내부 재탄생
23285657,키에란 극장
24335212,그린스미스 저택
25383790,가보돈
26432369,가어튼 탑
27482951,그럼노라스
28531534,애슐리 농장
29582111,불운한 개 여관
30631668,제니타르의 불타는 순교자
31681247,행운의 새 여관
32729837,오래된 가어슬리 오두막
33778416,캐롤롤다 결사
34828989,제니타르의 온화한 영혼
35878561,마스터슬리 홀
36929134,업월 코트
37977715,오래된 이신 저택의 폐허
39027283,오래된 윅스미스 오두막
40076870,가어윙 묘지
41125451,오래된 에벨롤다의 판잣집
42175014,옥스셔 언덕
43224604,아크모스 자치구
44276176,옥스햄
45325749,오래된 라이신 저택
46388332,레이헤드
47439907,코퍼하트 홀의 폐허
48490484,우즈슬리 농장의 폐허
49541056,캐스햄 습지
50599633,애슐리 묘지
51652208,아킹 홀
52700788,박쥐와 해골 호스텔
100086,무어크로프트 농장
1151680,오래된 우드하우스 판잣집
2200277,예라호스의 둥지
3249790,드워프와 고블린 호스텔
4299372,비그릴의 성소
5347950,그린하트 저택
6396530,가어슬리 농장
7445125,옥스위치
8493706,마스터윙 저택
9542284,오래된 바노리아의 오두막
10590884,오래된 크리스타우사의 오두막
11639468,예토스의 은신처
12688973,미드몬트
13738558,아크웰
14787162,깃털과 투구 술집
15835744,아크카트
16884345,와일더월드
17933853,바레자르의 고분
18982456,알드본
20031051,알드빌
21079647,줄리아노스의 눈물 흘리는 예언자
22129198,애쉬햄 오두막
23177777,줄리아노스의 노래하는 선지자
24227322,디어레크 데리
25275934,두그로드의 성소
26325463,나는 주전자 여관
27374043,그린슬리 농장
28422632,코퍼하우스의 무덤
29471210,코퍼필드 탑
30520779,줄리아노스의 신성한 징조
31569384,욤윙 코트
32617965,욤포드 농장
33667511,은단검 선술집
34716100,마스터슬리 농장
35764684,무어슬리 홀
36814229,무어하트 홀
37862834,오래된 에벨롤다의 판잣집
38912376,욤크로프트 저택
39960983,녹슨 주전자 로지
41009590,오래된 하스포드 오두막
42059139,젠 로지
43107740,머모어
44157253,무어하우스 홀의 폐허
45205872,배일크로프트 황야
46255414,웨스트베일
47303996,코퍼슬리 무덤
48352604,줄리아노스의 무한한 승천
49401192,오래된 모르가나의 농장
50450715,오래된 코퍼햄 저택
51499297,크롬포드
52547880,그린필드 코트
53596482,그린하트 농장
54646065,윅윙 농장
55694643,여왕의 사냥꾼 술집
56743221,녹슨 사제 호스텔
57792747,라이시나 결사
58841377,은늑대 여관
59890923,마스터링 코트
60939532,마스터스미스 탑
61989057,툴룬
63038647,하스하우스 성채
64087235,커크본
65135813,네부코마우스의 무덤
66184405,쥐와 그리핀 선술집
67233958,아그리스티르의 실험실
68282546,애슐리 농장
69331129,테오디릭 성채
70380662,대거의 둥지
71429270,악마의 수사슴 여관
72477867,나이츠패스
73527394,블랙타워
74576007,오래된 그린포드 저택
75625542,무어슬리 묘지
76674120,가어햄의 집
77722743,죽은 고슴도치 호스텔
78772268,욤햄 홀
79820851,하싱 농장
80870424,웨스트월
81921007,호크슬리 묘지
82969623,애쉬하트 매장지
84019152,그레이리지
85067733,이스트크로프트
86116321,가어햄 탑의 폐허
87164910,줄리아노스의 눈물 흘리는 예언자
88213497,그린톤 묘지
89263082,베데인 요새
90312627,베르무팡의 둥지
91361208,줄리아노스의 축복받은 별
92410797,가어윙 농장
93460351,줄리아노스의 축복받은 일출
94508936,욤슬리 농장
95558486,버킹슬리 탑
96607075,마스터필드 탑
97655659,턴트리 엔드
98704243,우드톤 오두막
99752821,애쉬햄 요새
100801405,욤스톤 저택
101849996,크로스리지
102899527,살쾡이와 거인 호스텔
103948119,하스크로프트 과수원
104996705,싱카트
106046252,발라시바 수도원
107094842,워리지
108143439,줄리아노스의 즐거운 빛
109193006,오래된 캐롤리리아의 농장
110242596,오래된 이솔다 저택의 폐허
111291177,베디나크 교도소
112339755,옥스테일
113389281,사이의 성유물함
114437876,욤스톤 묘지
115487419,엘리자나 의회
116536025,반디의 성소
117584616,리토본 자작의 출몰지
118633198,오래된 크리스타우사의 오두막
119682736,오래된 모르가라의 저택
120731316,우드하트 저택
121779894,버킹필드 홀의 폐허
122828477,욤하우스 과수원
123880026,욤포드 홀의 폐허
124928606,하스햄 성채
125979209,하스필드 묘지
127027796,호크필드 농장
128077397,그린포드 코트
129126925,윅슬리 농장
130175515,롱헤드 엔드
131227082,호킹의 요새
132275664,존의 성소
133324243,립워크
134374815,매그눌리온 성
135423396,갈로카트
136471974,디바드 기념비
137522545,그린크로프트 농장
138572104,알딩글리
139620686,무어윙 농장
140670259,울부짖는 경비대 로지
141719828,윅하트 농장
142768407,코퍼링 성
143817986,줄리아노스의 침묵하는 징조
144867560,램브러
145917142,가어햄 코트
50109,마스터윙 묘지
1099687,버킹포드 농장
2149258,빅티나 소집
3198830,웃는 노움 호스텔
4249405,캐스마켓
5300002,마이의 성소
6348586,오래된 코퍼햄 저택
7397164,디스풀 수녀원
8446702,그웨인 전통
9495280,브로드브러
10543903,벨라다라의 모임
11593439,우딩 농장
12642023,행운의 야만인 로지
13690604,차크로프트 공용지
14740182,옥스패스 엔드
15788769,그린슬리 저택
16838308,사슈스의 거미줄
17886887,그린윙 과수원
18935465,짐 세이 성소
19984066,가어하트 저택
21032647,호크햄 지하 묘지
22082221,그리닝 지하 묘지
23131776,화이트리지
24180355,마라의 불타는 징조
25228937,배일워크 공용지
26277515,호크하트 농장
27326099,두나드 교정 시설
28374679,우즈슬리 농장
29423273,호크윙 폐허
30472798,마라의 축복받은 선지자
31521382,오래된 바니비라의 농장
32570003,드루랄라스
33619575,쉬지 않는 요정 호스텔
34669122,오래된 가어크로프트 오두막
35717703,가어하우스 홀
36766289,춤추는 성 술집
37815834,마라의 신성한 우상
38864414,오래된 가어링 저택
39913020,오래된 가어필드 저택
40962555,애쉬하우스 저택
42011155,애쉬윙 홀
43059733,윅톤 농장
44108312,욤하트 요새
45156910,마라의 신성한 징조
46206441,그림위치
47255044,애싱 농장
48304613,불운한 개 선술집
49353191,브로드월
50401769,마라의 축복받은 예언자
51450358,호크하트 저택
52499892,오래된 라이소리아의 판잣집
53549465,마스터슬리 코트
54598070,마스터슬리 농장
55646657,뉴캐슬
56696183,탬브리지
57744774,그린슬리 궁전의 폐허
58793358,우신 경비대
59841943,펜의 피난처
60890542,마라의 내면의 영혼
61940080,마라의 불타는 성유물
62989638,주버 수도원
64038228,욤슬리 농장
65086810,커크데일
66135392,호킹 묘지
67184007,펜의 피난처
68233536,안라보르
69282149,마라의 두려운 제단
70331669,디어패스
71380294,디스포가스 동굴
72428874,업몬트
73478410,그림리
74527002,블라딩게자르의 무덤
75575591,무어햄 궁전
76625134,버킹크로프트 저택
77673728,로딘의 경비대
78722312,이스트리지
79770898,마라의 통곡하는 일출
80819483,이스트게이트
81868062,바니사의 옛 거처
82917581,갤로올드
83966172,우즈리 탑의 폐허
85014773,곤다르 감옥
86064307,애쉬하우스 농장
87112908,마라의 영원한 구원자
88161490,바니나의 옛 오두막
89210072,와일더브루
90258668,마라의 축복받은 나무
91307249,호크필드 묘지
92356766,비그릴의 성소
93405366,스토크타워
94454913,립브론
95503523,버킹크로프트 요새의 폐허
96552121,고스호프
97600699,코퍼스미스 농장
98649281,글렌움브라
99697862,고스월
100747371,버킹턴 오두막
101795957,버킹스미스 농원
102845521,호크윙의 옛 거처
103894126,스코이커의 거미줄
104942735,마스터햄 묘지
105992245,우즈리 코트
107040828,욤하우스 농장
108089439,욤포드 농장
109138024,욤햄 궁전
110187547,드워프와 성 술집
111236142,가스미스 농장
112284726,사나운 노움 술집
113333322,그린톤의 무덤
114381923,이스트포드
115430505,반위치
116480014,무어슬리 농장
117528593,욤포드 성의 폐허
118577179,모디스티어 아카데미
119625771,버킹스미스 홀
120674370,폰트빌
121722948,웨스트베스
122772467,윅윙 저택
123821061,호크포드 저택
124869641,업헤드
125918222,홀베일
126966835,에블레인의 옛 거처
128016350,마라의 즐거운 우상
129064929,호크크로프트 농장
130113510,엘올다 교단
131162088,머월
132210694,녹슨 개 술집
133259288,마라의 축복받은 우상
134308797,무어하트 농장
135357394,크리스타비스의 옛 농장
136405979,롱몬트
137455531,호크슬리 저택의 폐허
138504140,호크포드 과수원
139552719,더러운 드래곤 선술집
140601324,마라의 무한한 순교자
141650847,텅게이트
142699433,폰트호프
143748016,스타도고스 가문
144796602,마라의 불타는 예언자
145845208,애쉬윙 저택
146894717,폰트웰
147943299,킹필드 탑
148991893,화이트게이트
150041439,디바드 기념비
151090034,호무노르고니바 성당
152138612,애쉬스미스 과수원
153187226,마라의 불타는 승천
154236745,브로드모어
155285344,마라의 피 흘리는 우상
156333923,버킹포드 농원
157382501,마라의 온화한 예언자
158431115,무어윙 묘지
159480623,호크스미스 저택
160529210,그윈이랴의 옛 농장
161577831,우드필드 농장
162626415,펜의 안식처
163675924,입스위치
164724562,불운한 고양이 숙소
165774106,캐스타운
166822686,그린톤 저택
167871294,우딩 궁전
168919873,호크스턴 탑
169969376,업모어
171017964,마스터턴 저택
172066542,마라의 신성한 순교자
173115169,욤윙의 요새
174164690,커크톤
175213292,무어필드 홀
176261889,마라의 축복받은 별
177310476,마라의 성스러운 나무
178360992,우드크로프트 농장
179409625,그레이테일
180459210,사나운 진 호스텔
51305,바알룰레나 수녀원
1100860,나이츠베스
2149452,애쉬스턴 과수원
3199034,호크윙 저택
4247612,하얀 고블린 여관
5296197,우드햄 농장
6345737,호크슬리 묘지
7394334,가레조스 자작의 성
8443894,가에르크로프트 농장
9492480,바니비라의 옛 오두막
10541058,허스햄의 탑
11589642,우드하우스 묘지
12638232,버킹하우스 묘지
13687768,우드크로프트 코트의 폐허
14736352,호크하트 농장
15784951,옛 애쉬슬리 거처의 폐허
16833553,롱위치 공유지
17883075,호크크로프트 홀
18931664,무어링의 요새
19980269,알드데일
21028847,킹포드 저택
22078383,마스터포드 저택
23126961,디바드 기념비
24175539,무어링 저택
25224127,아케이의 내면 신탁
26272705,야그팡
27321299,욤햄 탑의 폐허
28369886,호크스미스 묘지
29419407,호크슬리 저택
30467985,차브론
31516574,애쉬하트 경비대의 폐허
32565184,애쉬하우스 요새
33613776,옛 무어슬리 오두막의 폐허
34663298,뉴브론
35711887,그리닝 농장
36760465,뉴타운
37809066,코퍼스턴의 무덤
38857649,우드톤 농장
39907209,쿠올웬의 성소
40955796,엘리자라의 옛 거처의 폐허
42004374,업마켓
43052956,그린햄 저택의 폐허
44102476,벨라디랴의 옛 거처
45151054,모고랴의 옛 거처
46199632,차렌셔
47248211,코퍼슬리 농장
48296789,가에르슬리 요새
49345378,버킹스턴 과수원
50393977,크로밍
51443504,펜의 안식처
52492097,스토크월드
53540677,워카트 햄릿
54589284,춤추는 고슴도치 술집
55637863,가에르크로프트의 요새
56686445,블랙워스
57735965,불운한 야만인 숙소
58784546,옛 무어윙 오두막의 폐허
59833125,무어스미스 궁전의 폐허
60881714,엘올다 마녀회
61930312,이스트마켓
62979776,롱톤
64028355,블라데난의 영묘
65076994,버킹하트 과수원
66125584,미드포드
67174163,욤스턴 성
68222744,윅윙 저택
69271346,윅필드 농장
70319925,호크포드 탑의 폐허
71368503,옛 위킹 오두막의 폐허
72417085,툰위치
73466510,버킹하트 묘지
74515089,킹포드 오두막
75563667,갤로빌
76612257,그윈에인의 옛 오두막
77660838,우드윙 농장
78709438,차체스터
79758017,폰트위치
80806596,허싱 과수원
81855181,허스필드 농원
82903761,가에르슬리 농장의 폐허
83952343,벨라다라의 옛 농장
85000945,호크스미스 농장
86049524,호크스턴 홀
87098996,욤슬리 농장의 폐허
88147583,아크테일
89196161,와일더포트
90244760,킹슬리 농원
91293359,빅테인의 옛 오두막
92341949,주블렉스 은둔처
93390540,마이의 성소
94439120,가에르햄 농장
95487703,욤잉 저택
96536290,그린크로프트 과수원의 폐허
97584869,노드레드
98633450,허스톤 저택
99682029,엘리자이나의 옛 농장
100730620,킹잉 궁전
101780067,코퍼스턴의 요새
102828681,코퍼햄 저택
103877261,캐롤라나 결사
104925840,홀타워
105974425,버킹윙 저택의 폐허
107023011,헬러스락
108071591,이사나 교단
109120186,욤필드 매장지
110168765,크로스크로프트 데리
111217345,무어하트 홀
112265925,윅슬리 홀의 폐허
113314511,윅포드 농장의 폐허
114363111,크로스타워
115411698,호어호프
116461123,호크톤 저택
117509705,무어스미스 농장
118558288,코퍼필드 매장지
119606869,마스터하트 묘지
120655458,악마의 염소 여관
121704042,에본암의 모루
122752653,애쉬스미스 궁전
123801265,애쉬스턴의 옛 거처
124849844,인베리바란의 영묘
125898428,싱글레치
126947021,우즈리 요새
127995602,예커
129045072,커크베일
130093653,립웨이
131142232,테오딘 감옥
132190811,립패스
133239396,킹햄 묘지
134287980,캐스포드 황야
135336587,이시나의 옛 거처의 폐허
136385166,우드윙 코트
137433744,코퍼링 무덤
138482323,버킹엄 저택
139530903,고스우드
140579512,애쉬필드 농장
141628951,허스톤 농장
142677529,버킹엄 지하 묘지
143726125,드루보르
144774727,펜워스
145823313,우드햄 농장의 폐허
146871898,가에르필드 농장
147920480,우드하트 과수원
148969059,악마의 성 숙소
150017642,입슬레이
151066225,마엘룰룰라의 성소
152114813,허스필드 농장
153163393,킹슬리 홀
154211971,킹슬리 농장
155260582,호크하우스 홀
156310022,그린윙 그레인지
157358601,인베레누스 지하 묘지
158407182,무어윙 공동묘지
159455769,그레이게이트 할로우
160504352,갤로워스
161552933,허스윙 묘지
162601532,디어카트
163650110,킹잉의 무덤
164698708,마로툴라 동굴
165747293,럭키 진 선술집
166795912,디어셔
167844490,밴카트 커먼즈
168893075,생쥐와 고슴도치 여관
169941653,올드 모르고나의 오두막 유적
170991076,아케이의 무한한 환생
172039672,베다드 아카데미
173088272,홀본
174136850,롱베스
175185429,버킹하트 성
176234007,올드 버킹턴 오두막
177282585,올드 그윈나비스의 판잣집 유적
178331163,올드 리시사의 거처
179379744,킹스미스 탑 유적
180428329,킹윙 탑 유적
181476907,바비나 결사
182525488,올드 무어링 플레이스
183574066,버킹크로프트 과수원 유적
184622674,고스웰
185671253,아케이의 불타는 징조
186720720,가에르함 농장 유적
187769302,호크스턴 저택
188817882,그린스미스 요새
189866484,스톡윅
190915084,코퍼링 성
191963682,워브리지
193012261,페리발의 경비대
194060850,비그릴의 성소
195109432,호크윙 성채
196158015,윅포드 지하 금고
197206596,애쉬포드 탑
198255178,붉은 개 호스텔
199303770,코퍼햄 과수원
200352348,이사나 숭배
201400927,쥐와 요정 여관
202450358,미드브루 할로우
203498948,그림게이트
204547544,고스모어
205596122,호크크로프트 과수원
206644704,올드 우즈리 오두막
207693282,욤스턴 지하 금고
208741861,러스티 라스칼 펍
209790439,알라베인 연구소
210839022,고스타워
211887609,람모어 커먼즈
212936238,윅포드 홀
213984828,올드 윅턴 플레이스
215033423,무어윙 과수원 유적
216082002,무어스턴 저택
217131438,올드 이시리아의 오두막
218180018,야그리고의 둥지
219228596,윅슬리 저택
220277179,올드 호크슬리 오두막
221325784,버킹잉 공동묘지
222374375,욤포드 성 유적
223422957,올드 그윈나우사의 거처
224471546,코퍼햄 공동묘지
225520127,욤슬리 홀
226568706,애쉬윙 농장
227617287,애쉬턴 과수원
228665869,윅슬리 성 유적
229714448,윅크로프트 저택
230763039,레이크로프트
231811627,옥스타워
232860210,여우와 해골 선술집
233909641,업브론
234958220,그린윙 탑
236006804,우드함 탑 유적
237055384,스톡마켓 커먼즈
238103974,펜의 안식처
239152554,무어링 농장 유적
240201138,윅햄의 무덤
241249733,나이츠월
242298313,욤크로프트 탑 유적
243346891,우드하우스 농장
244395473,욤스턴 농장
245444064,크로스햄
246492694,허스슬리 코트
247541280,애쉬슬리 농장
248589858,모레르토르의 은신처
249639298,킹하우스 저택
250687876,그린포드 홀
251736457,머몬트 민스터
252785036,가에르스미스 저택
253833621,욤하트 영지
254882212,마스터윙 그레인지
255930799,싱리
256979382,에벨리리아 결사
258027974,허스하트 농장
259076558,엘라비스 수렴점
260125139,드워프와 새끼 사슴 펍
261173723,싱타운
262222321,그린스미스 황궁
263270900,올드 가에링 플레이스
264319479,립테일
265368064,올드 엘리자나의 오두막 유적
266416646,차렌햄 엔드
267466070,그린스미스의 무덤
268514648,위킹의 영지 유적
269563228,킹스턴 공동묘지
270611814,호크스미스 코트 유적
271660409,체스터카트
272708995,마스터링 저택
273757583,욤필드 오두막
274806161,롱월드
275854747,롱카트
276903330,입스마켓
277951908,킹스턴 저택
279000496,데메보누나 동굴
280049080,미딩
281097682,스코커
282146275,턴베스
283195722,애쉬턴 탑
284244306,곤디스티르 지하 감옥
285292884,마스터하우스 홀
286341479,가에르하우스 경비대 유적
287390069,아케이의 온화한 나무
288438661,무어스미스 저택
289487250,킹포드 홀 유적
290535836,허스크로프트 황궁 유적
291584414,아케이의 무한한 별
292633000,그린햄 저택
293681581,가에링 농원
294730161,허스하트 공동묘지
295778739,코퍼윙 공동묘지
296827332,마스터턴 홀
297875913,무어턴 지하 금고
298924496,아케이의 무한한 제단
299973075,무어크로프트 지하 묘지
301021653,킹슬리 코트
302070231,올드 그린크로프트 오두막
303119657,업빌
304168276,홀포트
305216863,무어하우스 탑
306265443,윅스턴 무덤
307314031,무어슬리 농장
308362610,홀테일
309411191,반디의 성소
310459786,크로스포트
311508384,글렌모릴 마녀회
312556967,트리스티스티르 연구소
313605557,벨라디사 마녀회
314654996,앤딕터의 감옥
315703574,코퍼필드 저택
316752171,올드 그린스미스 플레이스
317800754,욤스미스 성 유적
318849332,가에르하트 홀
319897914,알드헤드 바위
320946544,마스터슬리 농장
321995128,올드 크리스티아나의 농장
323043737,우드하우스 요새
324092323,제프레의 성소
325140902,킹윙 공동묘지
326189481,그린하우스 과수원
327238948,호크하우스 경비대
328287540,아케이의 두려운 구원자
329336132,앤디스테어 영지
330384715,웨스트웨이
331433307,그린필드 코트
332481886,인베라난 홀
333530466,허스필드 저택 유적
334579047,이스트레치
335627628,마스터윙 홀
336676215,올드 바나라의 오두막
337724806,생쥐와 진 선술집
338773385,무어슬리 코트
339822846,코퍼하트 코트
340871428,코퍼슬리 저택
341920035,블랙리
342968638,허스턴 요새
344017251,블랙몬트
345065830,가에르하트 농장
346114411,올드 바놀다의 농장
347162998,킹스미스 과수원 유적
348212452,짐 사이 성소
349261033,캐스셔 바위
350309626,가에르스턴 영지
351358205,캐스카트
352406793,킹스미스 탑
353455381,아크포트
354503962,호크하우스 탑
355552546,올드 바베인의 농장
356601130,버모트비스 거미줄
357649714,마스터턴 저택
358698305,올드 크리스토사의 거처
359746886,알라베인 성
360796362,일레산 구릉
361844959,호마켓
362893545,배일링
363942131,올드 이사라의 농장 유적
364990743,배일베스
366039327,킹슬리 성 유적
367087915,마이의 성소
368136500,버킹스미스 저택
369185080,드루라커 거미줄
370233658,올드 바보리아의 거처
371282238,윅슬리 농장
372331701,가에르슬리 저택 유적
373380285,허스크로프트 영지
374428867,마스터윙 성
375477453,그린하우스 코트
376526035,가에르윙 농장
377574645,다르케조르의 집
378623233,욤슬리 그레인지
379671821,브로드빌 숲
380721337,옥스터
381769936,알딩데일
382818522,그리닝 농원
383867120,뉴브루
384915706,호크하우스 저택 유적
385964286,우드하트 오두막 유적
387012872,마스터하우스 농장
388061450,비그릴의 성소
389110033,올드 허스필드 오두막
390159489,크로스패스
391208074,킹필드 탑 유적
392256668,무어하트 경비대
393305253,무어필드 탑
394353870,우소리안 요새
395402462,드루이루고스의 둥지
396451049,애쉬크로프트 탑
397499637,에드위릭의 감옥
398548225,곤디발 탑
399597677,올드 윅필드 오두막
400646255,호크슬리 그레인지
401694894,블라디본의 돌무지
402743491,트리세루토르
403792072,올드 에벨로나의 거처
404840659,허스포드 탑
405889251,싱호프
406937830,싱웨이
407986411,애쉬윙 그레인지
409035858,가어크로프트 요새의 폐허
410084487,욤턴 궁전
411133076,우드하우스 매장지
412181663,버징
413230242,애쉬스턴 지하 묘지
414278821,배일월
415327405,버킹턴 묘지
416375986,배일햄
417424568,허스필드 법정의 폐허
418474049,디스포곤 신전
419522629,워리
420571215,웨스트샤이어 들판
421619798,펜의 안식처
422668391,그린슬리 농장
423716977,늙은 빅타나의 오두막
424765561,가어포드 저택
425814167,무어크로프트 저택의 폐허
426862756,이스트리
427911337,마스터슬리 저택
428960815,코퍼스미스 홀의 폐허
430009437,모로구
431058021,모르쿨로르곤의 구덩이
432106625,마스터하트 저택의 폐허
433155207,오래된 윅스턴 오두막의 폐허
434203798,킹하트 요새
435253265,늙은 그위나비스의 오두막
436301845,옥스퍼드
437350431,욤윙 농장
438399042,옥스마켓
439447623,뉴브리지 들판
440496219,그리닝의 무덤
441544819,춤추는 고슴도치 여관
442593412,뉴마켓
443642865,킹윙 궁전의 폐허
444691451,데망크의 신전
445740031,시어도어의 감옥
446788661,비명 지르는 악동 술집
447837242,허스스미스 저택
448885831,킹잉 과수원
449934413,크로스윅
450982993,그린슬리 저택
452031588,호크슬리 요새의 폐허
453080166,가어하우스 농장
454129627,코퍼하우스 농장
455178217,화이트타워
456226797,커크포트
457275376,아케이의 즐거운 순교자
458323959,가어스턴 농장
459372561,커크헤드
460421164,욤턴 성의 폐허
461469765,모라팡의 은신처
462518345,가어슬리 성채
463566934,무어스턴 홀
464616391,바비사 교단
465664986,윅크로프트 묘지
466713599,행운의 오소리 여관
467762177,호크스턴 성
468810810,엘리지사 전통
469860266,블랙브론 언덕
470908857,늙은 바볼다의 농장
471957437,블랙브리지
473006045,오래된 애쉬슬리 오두막의 폐허
474054642,그레이월
475103224,호크슬리 과수원
476151809,알딩체스터
477200400,디어웨이
478248981,버킹턴 성
479298457,허스스미스 농장
480347039,윅슬리 묘지
481395646,버검
482444244,아케이의 영원한 우상
483492828,그린햄 농장
484541414,우드하트 요새
485589995,우드스턴 과수원
486638586,아그라드 감옥
487687173,버킹엄 요새
488735753,아크캐슬
489785210,스톡카트 정원
490833791,킹턴 저택의 폐허
491882372,허스스턴 궁전
492930960,허스하트 홀
493979583,킹턴 농장
495029104,고스마켓
496077684,늙은 바나나의 집
497126272,고스브리지
498174857,람마켓
499223442,코퍼크로프트 농장
500272021,야만적인 던전 숙소
501320602,우드하트 묘지
502369183,웨스트본
503417761,무어필드 저택
504466341,차베스
505515855,윅스턴 농장
506564467,늙은 벨라다우사의 농장
507613075,무어슬리 농장
508661655,무어슬리 농장
509711156,스트레너 안식처
510759738,웨스트샤이어
511808318,허스스턴 매장지
512856897,오래된 호크스턴 오두막
513905476,코퍼턴의 무덤
514954060,베르메토르
516002668,춤추는 새 여관
517051248,버킹잉 법정
518100782,우드크로프트 저택의 폐허
519149362,킹포드 무덤
520197946,욤윙 저택
521246532,늙은 이사라의 농장
522295111,무어필드의 무덤
523343691,곤디스티르 실험실
524392278,아케이의 내면의 별
525440864,마그노불론의 고분
526490380,배일웨이
527538958,마스터턴 묘지
528587556,이릭의 제단
529636152,오래된 에벨올다의 오두막의 폐허
530684736,배일베일
531733322,오래된 크리스티아나의 농장의 폐허
532782840,호크슬리 농장
533831418,람캐슬
534879996,우딩의 요새
535928579,킹스미스 오두막
536977158,킹슬리 저택
538025736,마스터스미스 요새
539074359,두더지와 요정 숙소
540123879,생쥐와 드래곤 여관
541172470,윌더링
542221066,가어슬리 오두막의 폐허
543269648,욤하트 탑
544318228,무어포드 요새의 폐허
545367750,오래된 엘라비스의 오두막의 폐허
546416340,홀몬트
547464922,늙은 바네인의 오두막
548513510,야그토르
549562089,무어포드 농장
550610667,립베일
551659245,깃털과 늑대 여관
552707823,화이트체스터
553756405,커크위치
554804995,페라드 채석장
555853576,가어스미스 과수원
556903093,애쉬크로프트 저택
557951671,싱몬트
559000250,롱브러
560048831,에펜의 신전
561097419,입스트리
562146024,오래된 무어슬리 오두막
563195540,디어브론
564244119,업크로프트
565292698,애쉬필드 성
566341319,윅포드 저택
567389898,반브론
568438483,호크스미스 홀
569487061,마스터햄 탑
570536588,홀웨이
571585175,나는 새 여관
572633753,우드햄 농장
573682332,오래된 엘리리아의 집의 폐허
574731878,그린스미스 농장
575780457,가어링 저택의 폐허
576829035,마스터윙 저택의 폐허
577877623,오래된 욤포드 오두막
578926202,화이트브론 마을
579974791,베로그의 둥지
581025358,커크브론
582073936,마스터턴 법정
583123490,고스브론
584172092,나이츠베리
585220670,웃는 새끼 사슴 술집
586270223,엘리자나 마녀회
587318806,늙은 리시나의 오두막
588367387,늙은 엘리리아의 오두막
589415966,욤필드 홀
590465525,호크하트 법정의 폐허
591515103,늙은 엘리비라의 오두막
592563685,이스트위치
593612272,체스터패스
594660855,우드윙 탑의 폐허
595710415,브로드위치
596759004,갤로우드
597808573,코퍼턴 농장
598857159,무어스미스 매장지
599906712,애쉬스미스 궁전의 폐허
600955305,탐워크 황야
602004866,가어슬리 농장
603053444,늙은 리시비라의 농장
604102041,오래된 모르기비라의 농장의 폐허
605151592,두꺼비와 구덩이 여관
606200175,데미더 신전
607248762,늙은 벨라다나의 농장
608298331,마그니바룰론의 무덤
609346911,오래된 욤슬리 집
610396469,늙은 에벨라나의 농장
611445047,웨스트브리지
612493625,늙은 빅타비스의 오두막
613542213,그린크로프트 저택
614590796,체스터위치 데리
615640369,박쥐와 요정 술집
616689929,갤로타워
617738508,하얀 악동 술집
618788092,늙은 크리스티사의 농장
619837670,홀몬트 자치구
620887230,롱빌
621935808,버킹스미스 저택의 폐허
622986392,우드스미스의 무덤
624034970,그린스미스 저택의 폐허
343439,코쉬 홀의 폐허
