Key,Value
0,"힘[/center]
힘은 소지 중량, 무기 피해[/left]
및 힘 관련 기술 향상의 용이성을 결정합니다.[/left]
힘이 %str 인 당신은 %ark[/left] 수준으로 간주됩니다.
[/pos:x=20,y=0]%dam [/pos:x=40,y=0]보정치가 당신의[/left]
[/pos:x=40,y=0]맨손 격투 / 무기 피해에 반영됩니다.[/left]
[/pos:x=20,y=0]%enc [/pos:x=40,y=0]킬로그램이 최대 소지 중량입니다.[/left]
[/end]"
1,"지능[/center]
지능은 총 마법 잠재력[/left]
및 지능 관련 기술 향상의 용이성을 결정합니다.[/left]
지능이 %int 인 당신의 상태는 %ark 수준입니다.[/left]
[/pos:x=20,y=0]%spt 중 %spc 의 주문 점수를 시전에 사용할 수 있습니다.[/left]
[/end]"
2,"의지력[/center]
의지력은 주문 효과에 대한 저항력[/left]
및 의지력 관련 기술 향상의 용이성을 결정합니다.[/left]
의지력이 %wil 인 당신의 상태는 %ark 수준입니다.[/left]
[/pos:x=20,y=0]+%mad [/pos:x=40,y=0]보정치가 마법 저항력에 반영됩니다.[/left]
[/end]"
3,"민첩성[/center]
민첩성은 대상을 타격하고,[/left]
공격을 회피하며, 민첩성 관련 기술을 쉽게[/left]
향상시키는 능력을 결정합니다. 현재 민첩성 %agi 수치로,[/left]
당신의 상태는 %ark 수준입니다.[/left]
[/pos:x=20,y=0]%thd [/pos:x=40,y=0]보정치가 전투 확률에 반영됩니다.[/left]
[/end]"
4,"지구력[/center]
지구력은 체력, 치유 속도,[/left]
독과 질병에 대한 저항력, 그리고 피로도를 결정합니다.[/left]
지구력이 %end 인 당신의 상태는 %ark 수준입니다.[/left]
[/pos:x=20,y=0]%hea [/pos:x=40,y=0]보정치가 레벨업 시 획득하는[/left]
[/pos:x=40,y=0]체력 수치에 반영됩니다.[/left]
[/pos:x=20,y=0]%hmd [/pos:x=40,y=0]보정치가 치유 속도에 반영됩니다.[/left]
[/end]"
5,"매력[/center]
매력은 매력 관련 기술을 쉽게[/left]
향상시키는 능력을 결정합니다.[/left]
현재 매력 %per 수치로, 당신의 상태는 %ark 수준입니다.[/left]
[/end]"
6,"속도[/center]
속도는 이동 속도, 원거리 무기 재장전 시간,[/left]
및 모든 속도 관련 기술을 결정합니다.[/left]
속도가 %spd 인 당신의 상태는 %ark 수준입니다.[/left]
[/end]"
7,"행운[/center]
행운은 당신이 취하는 모든 행동에 강력한 보정치를 부여합니다.[/left]
행운이 주 능력치인 기술은 없지만,[/left]
모든 기술 판정에서 성공 확률이 당신의 행운에 의해[/left]
보정됩니다.[/left]
당신의 행운은 %luc 개체가며, 이는 %ark 쪽으로 간주됩니다.[/left]
[/end]"
8,"훈련 비용은 %a 입니다.[/center]
훈련을 받으시겠습니까?[/end]"
10,%fcn 에 하나 있는 것 같습니다.[/end]
11,"전혀 모르겠습니다.[/record]
솔직히 말씀드릴 수 없습니다.[/record]
글쎄요, 잘 모르겠네요...[/record]
다른 사람에게 물어보세요.[/record]
당신이 알려주세요.[/end]"
12,주문서에 주문이 없습니다.[/end]
13,"지도에 그런 이름의 장소는[/center]
없습니다.[/center]
[/end]"
14,보너스 포인트를 분배해야 합니다.[/end]
15,도시 경비병에게 항복하시겠습니까?[/end]
16,너무 먼 미래의 날짜를 요청하고 있습니다.[/end]
17,도시 안이나 근처에서 야영하는 것은 불법입니다.[/end]
18,당신은 건강합니다.[/end]
19,소속된 단체가 없습니다.[/end]
20,아주라의 별에서 해방할 영혼이 없습니다.[/end]
21,50%를 초과하는 기술은 훈련할 수 없습니다.[/end]
22,"현재 위치: %cn[/center]
현재 시각: %tim · 날짜: %dat[/center]
관할 지역: %crn[/center]
신분: %ltn[/center]
[/end]"
23,"추가 훈련을 받으려면 최소 12시간을[/center]
기다려야 합니다.[/center]
[/end]"
24,"이것은 수리할 필요가 없습니다.[/center]
[/end]"
25,"당신은 %gii 골드를 가지고 있습니다. 몇 개를[/center]
버리시겠습니까?[/center]
[/input][/center]
[/end]"
26,"한 번에 99시간 이상[/center]
휴식할 수 없습니다.[/center]
[/end]"
27,"한 번에 3시간 이상[/center]
배회할 수 없습니다.[/center]
[/end]"
28,%hnt[/end]
29,"%it 파손이 확인되었습니다.[/center]
[/end]"
30,"질병에 걸리지 않았습니다.[/center]
[/end]"
31,"다음 목적지로 여행하시겠습니까?[/center]
%tcn[/center]
[/end]"
32,"영혼이 해방되었습니다.[/center]
[/end]"
33,"마법 아이템은 수리할 수 없습니다.[/center]
[/end]"
34,"물약 재료가 없습니다.[/center]
[/end]"
35,"당신의 평판이 다음과 같이 변경되었습니다:[/left]
평민: [/pos:x=70,y=0]%r1[/left]
상인회: [/pos:x=70,y=0]%r2[/left]
학자회: [/pos:x=70,y=0]%r3[/left]
귀족: [/pos:x=70,y=0]%r4[/left]
암흑가: [/pos:x=70,y=0]%r5[/left]
[/left]
[/end]"
36,"뱀파이어로서 살인을 통해[/center]
욕구를 채운 지 너무 오래되었습니다. 힘을[/center]
회복할 수 없습니다.[/center]
[/end]"
37,"사유 재산인 것 같습니다. 그래도[/center]
살펴보시겠습니까?[/center]
[/end]"
38,"마차에 접근하여[/center]
%cn 에서 머무시겠습니까?[/center]
[/end]"
100,"마녀 수두에 걸렸습니다.[/center]
치료되거나 사망하기 전까지 당신의 힘,[/center]
지구력, 체력이 서서히 감소할 것입니다.[/center]
[/center]
[/end]"
101,"매우 심각하고 치명적인 질병인 역병에 걸렸습니다.[/center]
질병이 매우 빠르게 당신의 신체로[/center]
퍼질 것입니다. 신속하게 치료받지 않으면[/center]
며칠 이상 생존하기 어렵습니다.[/center]
[/center]
[/center]
[/end]"
102,"황열병에 걸렸습니다.[/center]
치료법을 찾거나 사망하기 전까지 매일 당신의[/center]
지구력, 의지력, 체력이 감소할 것입니다.[/center]
[/center]
[/end]"
103,"위장 부패병에 걸렸습니다.[/center]
치료받지 않으면 영구적인 상태로 남으며,[/center]
매일 체력이 조금씩 감소하는 것이 특징입니다.[/center]
[/center]
[/end]"
104,"폐결핵에 걸렸습니다.[/center]
치료되거나 사망하기 전까지 당신의 의지력,[/center]
민첩성, 힘이 서서히 빠져나갈 것입니다.[/center]
[/center]
[/end]"
105,"뇌열병에 걸렸습니다.[/center]
의지력, 체력, 심지어 매력까지 매일 조금씩[/center]
사라지는 서서히 죽어가는 병입니다. 치료받지 않으면[/center]
오블리비언을 마주하게 될 것입니다.[/center]
[/center]
[/end]"
106,"늪 부패병에 걸렸습니다.[/center]
치료되거나 쇠약해져 죽기 전까지 매일 당신의[/center]
의지력, 민첩성, 힘이 감소할 것입니다.[/center]
[/center]
[/end]"
107,"칼리론의 저주에 걸렸습니다.[/center]
일부 사람들은 1~2주 만에 스스로 회복하기도 했지만,[/center]
힘, 속도, 민첩성은 여전히 저하된 상태로 남습니다.[/center]
질병을 신속하게 치료하는 것이 최선입니다.[/center]
[/center]
[/end]"
108,"탐리엘에서 가장 치명적인 질병 중 하나인 콜레라에 걸렸습니다.[/center]
도움을 매우 신속하게 받지 않으면 항상 사망에 이릅니다.[/center]
[/center]
[/center]
[/end]"
109,"나병에 걸렸습니다.[/center]
치료받지 않으면 매일 조금씩 서서히 쇠약해질 것입니다.[/center]
[/center]
[/end]"
110,"상처 부패병에 걸렸습니다.[/center]
치료하기 전까지 당신의 힘, 지구력, 체력을[/center]
매우 서서히 갉아먹을 것입니다.[/center]
[/center]
[/end]"
111,"매우 심각한 질병인 붉은 죽음에 걸렸습니다.[/center]
피해자의 지구력을 빠르게 감소시키고 심지어 매력까지 파괴하며,[/center]
치료받지 않으면 사망에 이르게 합니다.[/center]
[/center]
[/center]
[/center]
[/end]"
112,"혈액 부패병에 걸렸습니다.[/center]
치료하지 않으면 며칠 또는 몇 주에 걸쳐 당신의[/center]
체력, 매력, 의지력에 악영향을 미칠 것입니다.[/center]
치료법을 찾지 못해 이 질병으로 사망한 이들도 있습니다.[/center]
[/center]
[/center]
[/center]
[/end]"
113,"치명적인 질병인 장티푸스에 걸렸습니다.[/center]
피해자의 지능, 지구력, 체력에 영향을 미칩니다.[/center]
치료하거나 사망하지 않는 한 영구적인 상태입니다.[/center]
[/center]
[/center]
[/end]"
114,"광증에 걸렸습니다.[/center]
피해자의 지능, 의지력, 심지어 매력까지 서서히 앗아가는 끔찍한 질병으로,[/center]
사망하거나 치료받기 전까지 계속됩니다.[/center]
[/center]
[/center]
[/center]
[/end]"
115,"마법 질병인 크론디아시스에 걸렸습니다.[/center]
매일 당신의 지능과 타고난 매지카를 소모할 것입니다.[/center]
치료하지 않으면 결국 당신을 죽음에 이르게 할 것입니다.[/center]
[/center]
[/center]
[/end]"
116,"마법 질병인 마법사 열병에 걸렸습니다.[/center]
때로는 성가시기만 하고, 때로는 파괴적인 마법 질병입니다.[/center]
어떤 이들은 열병이 저절로 낫기 전까지 거의 알아차리지 못하기도 하지만,[/center]
어떤 이들은 지적 장애를 겪기도 합니다. 당신의 타고난 매지카와 지능이[/center]
최대 3주 동안 매일 조금씩 빠져나갈 것입니다.[/center]
[/center]
[/center]
[/center]
[/center]
[/end]"
117,"독에 중독되었습니다.[/center]
[/end]"
200,"왜 %ra 의 명칭을 지닌 부츠에 'T.G.I.F.'라는 글자를 새겼을까요? 발가락(Toes)이 먼저(First) 들어간다는 걸 기억하려고요![/record]
대부분의 %ra 가문은 족보가 꼬이지 않죠![/record]
%ra 및 포트 와인 한 병의 공통점이 뭔지 아나요? 둘 다 머리가 텅 비었다는 거죠![/record]
발가락 밑에 기름때가 껴 있다면 당신은 %ra 일지도 모릅니다![/record]
%ra 의 눈을 반짝이게 하려면 어떻게 해야 할까요? 귀에 횃불을 꽂아주면 됩니다![/record]
갑옷에 묻은 음식 얼룩이 보이지 않는다면 당신은 %ra 일지도 모릅니다![/record]
누군가 귀에 바람을 불어넣은 뒤 %ra 소녀가 뭐라고 했을까요? '채워줘서 고마워!'[/record]
뇌가 절반밖에 없는 %ra 의 별명을 뭐라고 부를까요? 영재![/record]
왜 %ra 여성들은 속옷을 입을까요? 발목을 따뜻하게 하려고요![/record]
모른다스에 %ra 의 웃음을 자아내려면 어떻게 해야 할까요? 프레다스에 농담을 하면 됩니다![/record]
%ra 의 취기를 끌어내려면 술 한 잔이면 충분하죠. 13번째 잔인지 14번째 잔인지는 기억이 안 나네요.[/record]
%ra 의 명칭으로 불리는 존재가 한 명 이상 있는 지하실을 뭐라고 부를까요? 징징(WHINE)대는 지하실![/record]
%nt 에서는 침을 뱉으면 구리 동전 하나를 내야 합니다. 하지만 토하는 건 공짜죠![/record]
똑똑한 %ra 및 오코블린의 공통점이 뭔지 아나요? 둘 다 멸종했다는 거죠![/record]
많은 사람들이 %ra 아이들은 미루는 버릇이 너무 심하다고 하죠. 글쎄요, 두고 보자고요![/record]
%ra 의 명칭으로 불리는 자가 양손으로 귀를 꽉 막고 있을 때 뭘 하는 걸까요? 생각을 붙잡아 두려는 거죠![/record]
%ra 의 명칭으로 불리는 자가 거짓말을 하는지 어떻게 알 수 있을까요? 입술이 움직이고 있다면 거짓말입니다![/record]
%ra 여성에게 잠자리를 같이하자고 설득하려면 뭐라고 해야 할까요? 에일 한 잔 더 마셔![/record]
왜 %cn 에는 %ra 모험가가 가장 많고, %cn2 에는 고블린이 가장 많을까요? %cn2 의 이름으로 불리는 자가 먼저 선택했기 때문이죠![/record]
%ra 여성이 아침에 가장 먼저 하는 일이 뭘까요? 집으로 걸어가는 거죠![/record]
임신했다는 말을 들은 %ra 여성은 뭐라고 했을까요? '내 건가?'![/record]
%ra 의 지능은 부족한 만큼 멍청함으로 채워지죠.[/record]
지적 생명체는 먹지 않지만, 정치인이나 %ra 의 경우라면 기꺼이 먹겠습니다.[/end]"
201,"토리그의 수염을 걸고[/record]
올포의 망치를 걸고[/record]
하얀 늑대를 걸고[/record]
얼어붙은 황무지를 걸고[/record]
서리의 아버지를 걸고[/record]
얼음의 어머니[/record]
서리불꽃[/record]
솔리튜드의 절벽을 걸고[/record]
북해를 걸고[/record]
토리그의 수염을 걸고[/end]"
202,"쥐의 신을 걸고[/record]
알리자하드의 창녀[/record]
오크레스트의 먼지[/record]
엘스웨어의 모래를 걸고[/record]
축복받은 물을 걸고[/record]
이브라하드의 손을 걸고[/record]
사막의 태양[/record]
마른 심장을 걸고[/record]
생명의 물을 걸고[/record]
사막의 악마[/end]"
203,"드래곤의 이빨을 걸고[/record]
드래곤의 이빨[/record]
저주받은 다르박[/record]
아버지의 이름을 걸고[/record]
로우르켄을 걸고[/record]
위대한 망치를 걸고[/record]
드워프 왕을 걸고[/record]
드워프 왕의 수염[/record]
수호자의 피를 걸고[/record]
최초의 웜을 걸고[/record]
영혼의 검[/record]
블레이드를 걸고[/record]
디바드를 걸고[/record]
카트리카를 걸고[/record]
처녀를 걸고[/record]
프란다르를 걸고[/record]
스텐다르여 우리를 지켜주소서[/record]
태양을 걸고[/end]"
204,"스타폴의 물을 걸고[/record]
주여 축복하소서[/record]
무덤을 걸고[/record]
죽음은 저주받으리[/record]
나의 숙녀를 걸고[/record]
안개를 걸고[/record]
늑대를 걸고[/record]
어둠의 군주를 걸고[/record]
하이 락의 영혼들[/record]
대드루이드를 걸고[/record]
펠라기우스를 걸고[/record]
광기[/record]
드래곤을 걸고[/record]
드래곤에게 저주를[/end]"
205,"늪지 악마[/record]
머크우드의 늪[/record]
신들을 걸고[/record]
아피클레스의 왕좌를 걸고[/record]
운명의 블레이드를 걸고[/record]
고독한 자를 걸고[/record]
스톰홀드의 주인[/record]
늪지 정령을 걸고[/record]
어머니 여신을 걸고[/record]
늪지불꽃[/end]"
206,"엘본 숲의 맹세에 따라[/record]
나무 정령의 맹세에 따라[/record]
숲의 지혜의 맹세에 따라[/record]
미스트리아의 저주에 따라[/record]
숲의 정령들이여[/record]
숲의 페어리들이여[/record]
칼리론의 심장의 맹세에 따라[/record]
뿌리의 맹세에 따라[/record]
엘든루트의 불꽃[/record]
불꽃의 맹세에 따라[/end]"
207,"지존자의 맹세에 따라[/record]
하얀 수정의 맹세에 따라[/record]
엘본 숲의 맹세에 따라[/record]
푸른 분할의 맹세에 따라[/record]
페어리빛[/record]
이계의 맹세에 따라[/record]
탐리엘의 첫 번째 정령[/record]
카시모란의 검[/record]
서머셋의 수정들[/record]
첫 번째 정령의 맹세에 따라[/end]"
208,"블랙 아일의 맹세에 따라[/record]
어둠의 자들의 맹세에 따라[/record]
다고스 우르의 불꽃의 맹세에 따라[/record]
광기의 여왕의 맹세에 따라[/record]
블랙 모의 맹세에 따라[/record]
어둠의 여신이여 우리를 보호하소서[/record]
밤의 맹세에 따라[/record]
흑기사의 영혼[/record]
영혼 없는 자의 맹세에 따라[/record]
화염혈[/end]"
250,"[/left]
[/left]
[/left]
[/left]
[/left]
[/left]
[/left]
[/left]
[/left]
[/left]
[/left]
[/left]
[/left]
[/left]
[/left]
%sub, %an[/record]에 의해
[/left]
[/left]
[/left]
[/left]
[/left]
[/left]
[/left]
[/left]
[/left]
[/left]
[/left]
[/left]
[/left]
[/left]
[/left]
%an[/record]에 의한 %sub
[/left]
[/left]
[/left]
[/left]
[/left]
[/left]
[/left]
[/left]
[/left]
[/left]
[/left]
[/left]
[/left]
[/left]
[/left]
%an[/record]에 의한 %adj
[/left]
[/left]
[/left]
[/left]
[/left]
[/left]
[/left]
[/left]
[/left]
[/left]
[/left]
[/left]
[/left]
[/left]
[/left]
%an[/record]에 의한 %adj %sub
[/left]
[/left]
[/left]
[/left]
[/left]
[/left]
[/left]
[/left]
[/left]
[/left]
[/left]
[/left]
[/left]
[/left]
[/left]
%an[/record]에 의한 %pp1 %sub
[/left]
[/left]
[/left]
[/left]
[/left]
[/left]
[/left]
[/left]
[/left]
[/left]
[/left]
[/left]
[/left]
[/left]
[/left]
%an[/record]에 의한 %pp1 %adj %sub
[/left]
[/left]
[/left]
[/left]
[/left]
[/left]
[/left]
[/left]
[/left]
[/left]
[/left]
[/left]
[/left]
[/left]
[/left]
%an[/record]에 의한 %sub %pp2
[/left]
[/left]
[/left]
[/left]
[/left]
[/left]
[/left]
[/left]
[/left]
[/left]
[/left]
[/left]
[/left]
[/left]
[/left]
%an[/record]에 의한 %adj %sub %pp2
[/left]
[/left]
[/left]
[/left]
[/left]
[/left]
[/left]
[/left]
[/left]
[/left]
[/left]
[/left]
[/left]
[/left]
[/left]
%an[/end]에 의한 %pp1 %adj %sub %pp2"
255,어디에서 오셨습니까?[/end]
256,"누군가 ""들어오세요.""라고 외칩니다.[/record]
""환영합니다!""라는 소리가 들립니다.[/record]
짜증 섞인 목소리가 ""열려 있어.""라고 소리칩니다.[/record]
누군가 ""안으로 들어오세요.""라고 말합니다.[/record]
쾌활한 목소리가 ""우리 집에 오신 것을 환영합니다.""라고 말합니다.[/record]
누군가 ""들어오셔도 좋습니다.""라고 외칩니다.[/end]"
260,"""당신의 방문이 제 보잘것없는 가게를 빛내주는군요[/center]
%pcn. 굶주린 가족을 먹여 살리려면 이보다 두 배는 더 받아야 하지만, [/center]
[/center]
%a 골드에 드리겠습니다.""[/center]
[/record]
""당신은 정말 대단한 협상가시군요,[/center]
%pct. 보통은 이보다 훨씬 더 비싸게[/center]
받지만, 당신과는 거래를 할 수 있겠군요. [/center]
%a 골드면[/center]
당신 것입니다.""[/center]
[/record]
""친애하는 %pcf, 그 누구에게도, 심지어 가장[/center]
가까운 가족이나 절친한 친구에게도 그 가격에 팔 생각은[/center]
없었습니다. %a[/center]
골드 말입니다. 하지만 당신이라면 이야기가 다르죠.""[/center]
[/center]
[/record]
""이건 정당한 가격보다 훨씬 낮습니다. 시장 시세를[/center]
잘 알고 있습니다. 하지만 아주 드문 경우이긴 해도,[/center]
이익을 남기는 것보다 더 중요한 일이 있지요. 당신의 경우라면 손해를 감수할 수 있습니다. [/center]
[/center]%a 골드[/center]
면 되겠군요, 좋은 %pcf, 당신 것입니다.""[/center]
[/end]"
261,"""%cpn 의 가격은 [/center]에서 가장 저렴한%cn
가격을 자부합니다. 해가 질 때까지[/center]
저와 실랑이를 벌이셨지만, [/center]
[/center]
%a 골드 이하로는 팔 수 없습니다.""[/center]
[/record]
""오랫동안 끈질기게 협상하셨군요[/center]
%pcn. 이제 끝내도록 하죠. 보통은 더 비싸게[/center]
받겠지만, 당신에게는 [/center]
%a 골드만 받겠습니다. 정말 푼돈이나 다름없지요.""[/center]
[/center]
[/end]"
262,"""협상은 충분합니다. 제 가격은[/center]
%a 골드입니다. 하시겠습니까, 아니겠습니까?""[/record]
""%a 골드입니다. 당신이[/center]
그 가격까지 깎으셨군요.""[/center]
[/record]
긴 실랑이 끝에...[/center]
""%a 골드가 제 최종 제안입니다.""[/center]
[/end]"
263,"""끝없는 실랑이는 이제 그만합시다. 당신이[/center]
분명히 큰 어려움을 겪고 계시는군요. 보통이라면 훨씬 더 적게[/center]
지불하겠지만, 당신에게는[/center]
%a 골드를 제안하겠습니다.""[/center]
[/record]
""들어보세요, 제가 밑지지 않고 드릴 수 있는 최대한의[/center]
가격을 제시하겠습니다.[/center]
여기 %a 골드가 있습니다. 가져가시고 친구들에게 저를 속였다고 자랑하십시오.""[/center]
[/center]
[/record]
""가장 친한 친구나 가족에게만 제시하는 가격을 드리겠습니다. 시장[/center]
가치는 이보다 훨씬 낮지만,[/center]
당신에게는 [/center]
%a 골드를 드릴 수 있을 것 같군요.""[/record]
""나쁘지 않군요, 나쁘지 않아. 다른 사람들에게는 더 적게[/center]
주겠지만, 당신에게는 %a 골드입니다. 이게 제[/center]
최종 제안입니다.[/center]
[/end]"
264,"""다른 곳에서 %a 골드보다 더 많이[/center]
받으실 수 있을지는 모르겠지만, 이게 정당한 가격입니다.[/center]
제 유일한 제안이기도 하고요.""[/center]
[/record]
""%a 골드를 드릴 수 있습니다. 만약[/center]
다른 사람이 더 높은 가격을 제시한다면, 그쪽으로 가시는 게 좋을 겁니다. [/center]
%a 골드가 제게는[/center]
최선입니다.""[/center]
[/record]
""이런 물건은 시장이 크지 않지만,[/center]
팔 수는 있겠군요. %a 골드[/center]
를 드리겠습니다. 아주 정당한 가격입니다.""[/center]
[/record]
""네, 당신 말이 맞아요. 전반적으로 품질이 좋군요.[/center]
표준 가격보다 조금 더 얹어서[/center]
%a 골드를 제안하겠습니다.""[/center]
[/end]"
265,"""당신 같은 사람과 실랑이할 시간은 없습니다. 이런 쓰레기 같은 물건에[/center]
%a 이상은 지불하지 않겠습니다.""[/record]
""%a 골드다, 꼬마야. 할 거면 하고 말 거면 말아라.""[/center]
[/record]
""서투른 흥정은 이제 그만해라, 꼬마야. [/center]
%a 골드를 주마. 이게 내가 줄 수 있는 최고가다.[/center]
알겠나?""[/center]
[/record]
""들어봐, %ra. 너도 알고 나도 알다시피 그건 [/center]
%a 골드 이상의 가치가 없잖아,[/center]
그렇지? 그러니 척하지 마라. 동의하지 않아도 좋지만, 내가 지불할 수 있는[/center]
금액은 이게 전부다.""[/center]
[/center]
[/end]"
266,"향과 부드러운 음악이 문턱을 넘는 당신의 신경을 진정시킵니다.[/center]
이 가게의 모든 물건은 세심하게 진열되어 있습니다.[/center]
가게 안의 어떤 물건에서도 작은 결함조차[/center]
찾아볼 수 없습니다.[/center]
[/center]
[/end]"
267,"이 가게는 다른 곳보다 더 잘 정돈되어 있습니다.[/center]
상품들이 선반 위에 깔끔하게 놓여 있습니다.[/center]
왕에게 바칠 정도는 아니지만, 모두[/center]
숙련된 솜씨로 만들어졌습니다.[/center]
[/end]"
268,"가게는 실용적이고[/center]
직관적인 방식으로 배치되어 있습니다. 모든 물건이[/center]
적절한 수준으로 제작된 것 같습니다.[/center]
[/end]"
269,"폐목재를 대충 엮어 만든 튼튼한 선반에 상품들이 놓여 있습니다.[/center]
물건들은 튼튼하고 기능적이지만,[/center]
그 이상은 아닙니다.[/center]
[/center]
[/end]"
270,"녹슨 유물들이 마지막으로 던져진 곳에 그대로 방치되어 있습니다.[/center]
모든 상품에서 조잡한 솜씨로 인한 균열과 흠집이 보입니다. 쥐 한 마리가[/center]
당신의 발 위를 지나쳐 근처 자루 속으로[/center]
파고듭니다.[/center]
[/center]
[/end]"
282,"축하합니다![/center]
%cn 에 아름다운 집을 구매하셨습니다.[/center]
[/end]"
283,"축하합니다![/center]
일리악 만 어디든 당신을 실어 나를 수 있는[/center]
튼튼한 배를 구매하셨습니다.[/end]"
284,"이미 배를 소유하고 계십니다. 다른 배를 사려면[/center]
먼저 배를 파셔야 합니다.[/center]
[/end]"
285,"이곳은 항구 도시가 아닙니다, %pcn.[/center]
여기서는 배를 팔지 않습니다.[/center]
[/end]"
286,"이미 집을 소유하고 계십니다. 다른 집을 팔려면[/center]
먼저 집을 파셔야 합니다.[/center]
[/end]"
287,"지금은 집을 구하기 어려운 시장 상황입니다. 현재[/center]
매물로 나온 집이 없습니다.[/center]
[/end]"
288,"%pcn, 귀하는[/center]
이 은행에서 받은 대출을 상환하지 않으셨습니다.[/center]
저희는 어떤 상황에서도 귀하에게 돈을 빌려드리지 않습니다.[/center]
다른 곳의 은행을 찾아가서[/center]
그들을 속여보시는 게 어떨까요?%reg[/center]
[/center]
[/end]"
289,"이미 이 은행에서 대출을 받으셨습니다.[/center]
저희가 추가 대출을 승인하기 전에 전액 상환하셔야 합니다.[/center]
[/center]
[/end]"
290,"죄송하지만, 계좌에 그만큼의 잔액이 없습니다.[/center]
[/center]
[/end]"
291,"모든 신용장을 입금하시겠다는 말씀이십니까?[/left]
[/end]"
292,"계좌에 그만큼의 잔액이 없습니다.[/center]
신용장 전액과 1퍼센트의 수수료가 필요합니다.[/center]
[/center]
[/end]"
293,"저희는 100골드 미만의 신용장은 발행하지 않습니다.[/center]
[/center]
[/end]"
294,"매우 감사한 일이지만, 저희는 초과 입금을 받지 않습니다. 여기 거스름돈입니다.[/center]
대출금이 전액 상환되었습니다.[/center]
[/center]
[/end]"
295,"귀하의 신용도로는 그만큼의 금을 빌려드릴 수 없습니다. 귀하를 위한[/center]
저희의 한도는[/center]
골드입니다.%ml[/center]
[/end]"
296,"저희는 100골드 미만의 대출은 취급하지 않습니다.[/center]
[/center]
[/end]"
297,"은행의 현상금을 청구합니다!%reg 귀하는 대출을 상환하지 않았으므로[/center]
이제 벌금을 내셔야 합니다![/center]
[/center]
[/end]"
298,"저희가 귀하의 집을[/center]
골드라는%a 관대한 금액으로 매입하겠습니다. 집 안의 모든 물건은[/center]
은행의 소유가 됩니다. 지금 집을 넘기시겠습니까?[/center]
[/center]
[/center]
[/end]"
299,"귀하의 배는 저희에게 %a 골드[/center]
의 가치가 있습니다. 배에 실린 모든 물건은[/center]
은행의 소유가 됨을 알려드립니다. 지금 배를 파시겠습니까?[/center]
[/center]
[/end]"
300,"나가기 전에 3개의 주요 기술, 3개의 부차 기술, 6개의 보조 기술을[/center]
선택해야 합니다.[/center]
[/end]"
301,"나가기 전에 캐릭터 클래스 이름을 정하십시오.[/center]
[/end]"
302,"나가기 전에 능력치 화살표가 0이 되어야 합니다.[/center]
[/end]"
303,"나가기 전에 평판 균형이 0이 되어야 합니다.[/center]
[/end]"
304,"더 이상 장점을 선택할 수 없습니다.[/center]
[/end]"
305,"더 이상 단점을 선택할 수 없습니다.[/center]
[/end]"
306,"단검의 난이도가 붉은색이면 안 됩니다. 더 많은 장점을 선택하여[/center]
올리거나, 더 많은 단점을 선택하여 낮추십시오.[/center]
[/center]
[/end]"
307,"플레이어의 반사 신경은 게임의 전반적인 속도를[/center]
결정합니다. 매우 높은 반사 신경을 선택하면,[/center]
몬스터가 빠르게 움직이고 공격하므로,[/center]
조작을 빠르게 해야 합니다.[/center]
매우 낮은 반사 신경은 몬스터가[/center]
느리게 움직이고 공격하게 하여,[/center]
더 신중하고 사려 깊은 플레이 스타일을 채택할 수 있게 합니다. 당신의[/center]
캐릭터는 낮은 반사 신경 설정에서는 조금 더 느리게,[/center]
높은 반사 신경 설정에서는 조금 더 빠르게 성장할 것입니다.[/center]
[/center]
[/end]"
349,"배회하기를 마쳤습니다.[/center]
[/end]"
350,치유되었습니다.[/end]
351,휴식할 필요가 없습니다.[/end]
352,몇 시간 동안 휴식하시겠습니까?[/end]
353,잠에서 깨어납니다.[/end]
354,근처에 적이 있습니다.[/end]
355,지금은 잠을 잘 수 없습니다.[/end]
360,"우리는 %pcn 에 대해 경고를 받았습니다.[/center]
귀하는 저희 자매 은행 중 한 곳에 대출금을 상환하지 않았습니다. 이 돈은[/center]
그 악성 부채를 갚는 데 사용될 것입니다.[/center]
[/center]
[/end]"
361,"이 데모 버전에서는 이 길드 기능을 사용할 수 있습니다. 보통은[/center]
길드에서 더 높은 등급에 도달할 때까지[/center]
기다려야 이 기능을 사용할 수 있습니다.[/center]
[/center]
[/end]"
362,"데이드라 소환은 대거폴 데모 버전에서[/center]
사용할 수 없습니다.[/center]
[/end]"
363,"대거폴 정식 버전이었다면,[/center]
방금 기술이 상승했을 것입니다.[/center]
하지만 데모 버전에서는 기술이 40을 초과할 수 없습니다.[/center]
[/center]
[/end]"
364,"대거폴 데모의 시간 제한이[/center]
만료되었습니다. 가까운 소프트웨어 매장에서 대거폴을 찾으실 수 있습니다.[/center]
[/center]
[/end]"
400,"ChildGard 기능이[/center]
현재 이 퀘스트를 실행하지 못하게 합니다.[/center]
[/end]"
401,"죽음이 항상 영원한 것은 아닙니다. 어떤 이들에게는[/center]
단지 기다림의 시간일 뿐입니다. 지금은[/center]
당신의 기다림의 시간입니다. 인내심을 가지면[/center]
모든 것이 드러날 것입니다...[/center]
[/end]"
402,"저는 첩보대장입니다. 저는 일리악 만에서 일어나는 모든 일을 알고 있습니다.[/center]
다른 사람들은[/center]
당신에게 소문을 전할지 모르지만, 제 소문은 항상 사실입니다.[/center]
[/end]"
403,"캐릭터의 능력치를 원래 값으로[/center]
초기화하시겠습니까?[/center]
[/end]"
454,골드가 부족합니다.[/end]
460,"당신은 집을 얻을 자격이 없습니다, %pcn.[/center]
길드에서 가장 높은 등급의 회원만이[/center]
집을 받을 수 있습니다.[/center]
[/end]"
461,"현재 등급에 맞는 갑옷은 이미 받으셨습니다.[/center]
기사단에서 더 높은 등급을 달성하면[/center]
또 다른 훌륭한 갑옷을 드리겠습니다.[/center]
[/center]
[/end]"
462,"당신을 위한 훌륭한 부동산이 있습니다[/center]
%pcn! 지도에 표시해 드리겠습니다.[/center]
[/end]"
463,"당신을 위한 훌륭한 갑옷이 있습니다.[/center]
[/end]"
465,"매지카가 낮군요. 마법사들은[/center]
정말 조심해야 합니다.[/center]
자, 충전해 드리겠습니다.[/center]
[/record]
마법사의 매지카를 충전해 주는 것은 길드의 관례입니다.[/center]
[/center]
[/record]
흠. 이래서는 안 되지. 길드 마법사가 낮은[/center]
매지카로 돌아다니게 둘 수는 없지. 충전해 주겠습니다.[/center]
[/center]
[/end]"
475,대거폴 성.[/end]
476,웨이레스트 성.[/end]
477,센티넬 성.[/end]
480,"오늘은 소환 의식을 거행하지 않습니다.[/center]
개인적으로 조금 더[/center]
조사해 보시고, 저희가 소환 의식을 수행하는 날을[/center]
찾아보시는 것을 권합니다.[/center]
[/record]
오늘은 소환하지 않습니다. 길드 도서관을[/center]
확인해 보시는 것이 시간 활용에 도움이 될 것입니다.[/center]
데이드라 소환에 관한 책들이 많이 있으며,[/center]
소환에 적합한 날짜도 나와 있습니다.[/center]
[/center]
[/end]"
481,"오늘은 %dat 의 날이며, %dae 의 소환을 위한 날입니다.[/center]
%pcn, 당신은 %dae 의 소환을 통해 이 세속의 세계로 불러내어[/center]
당신의 목숨과 영혼을 걸 준비가 되었습니까?[/center]
[/center]
[/end]"
482,"당신은 %dae 의 소환을 한 번 수행했습니다.[/center]
바보가 아니라면 %dae 및 그 일행과 두 번 다시 대화하려[/center]
하지 않을 것입니다. 떠나십시오.[/center]
[/end]"
484,"%dae 의 모습은 오늘 밤 우리 세계에 드러나지 않았습니다.[/center]
데이드라와 대화하고 싶다면 다른 날에 다시 오십시오.[/center]
[/center]
[/end]"
499,"양피지 조각에 [/center]의 위치가 나타나 있습니다.
%map 당신은 그것을 지도에 기록합니다.[/center]
[/record]
정교하게 그려진 피지에서 %map 의 비밀스러운[/center]
위치가 드러나고, 당신은 이를 기록합니다.[/center]
[/record]
새로 그려진 지도가 오랫동안 잊혔던[/center]
%map 의 위치를 가리키고, 당신은 이를 베껴 씁니다.[/center]
[/end]"
500,"부서진 도자기 파편이 발밑에서 바스라집니다.[/record]
고약한 냄새가 납니다.[/record]
멀리서 초자연적인 신음 소리가 들립니다.[/end]"
501,"오크의 발자국이 보입니다.[/record]
오크의 발자국이 땅을 뒤덮고 있습니다.[/record]
방금 본 것이 오크식 문양이었나요?[/end]"
502,"이 지역은 누군가 살고 있는 것 같습니다.[/record]
잘 닦인 길을 건넙니다.[/record]
최근에 말이 지나간 흔적이 있습니다.[/end]"
503,"부서진 수갑에 걸려 넘어집니다.[/record]
저 멀리 연기가 보이나요?[/record]
멀리서 종소리가 울려 퍼집니다.[/end]"
504,"대리석 덩어리들이 근처에 놓여 있습니다.[/record]
쓰러진 기둥 옆을 지나갑니다.[/record]
산산조각 난 동상이 이곳에 있습니다.[/end]"
505,"흙더미가 곳곳에 쌓여 있습니다.[/record]
깊은 바퀴 자국이 땅에 새겨져 있습니다.[/record]
입을 벌린 구덩이를 피해 돌아갑니다.[/end]"
506,"근처에서 시냇물이 졸졸 흐릅니다.[/record]
이곳은 공기가 더 차갑게 느껴집니다.[/record]
길처럼 보이는 것이 있습니다.[/end]"
507,"흙바닥에 룬 문자가 새겨져 있습니다.[/record]
막연한 불안감이 느껴집니다.[/record]
덤불 속에서 움직임이 보입니다.[/end]"
508,"기묘한 침묵이 당신을 감쌉니다.[/record]
까마귀 떼가 머리 위를 지나갑니다.[/record]
마른 뼈들이 사방에 널려 있습니다.[/end]"
509,"매캐한 냄새가 납니다.[/record]
갑자기 눈이 따갑습니다.[/record]
이곳의 땅이 희미하게 진동합니다.[/end]"
510,"하피의 배설물이 땅을 더럽히고 있습니다.[/record]
썩은 고기 냄새가 공기 중에 감돕니다.[/record]
커다란 깃털들이 흩어져 있습니다.[/end]"
511,"낮은 돌담 옆을 지나갑니다.[/record]
발밑에서 보도블록이 울립니다.[/record]
덩굴이 돌무더기를 뒤덮고 있습니다.[/end]"
512,"거대한 거미줄을 걷어냅니다.[/record]
나무에 거미줄이 매달려 있습니다.[/record]
흠, 모기가 없군요.[/end]"
513,"거대한 발자국이 길을 가로지릅니다.[/record]
멀리서 연기가 피어오릅니다.[/record]
갉아 먹힌 뼈들이 땅에 널려 있습니다.[/end]"
514,"불에 탄 뼈들이 사방에 있습니다.[/record]
이곳의 나무들은 불에 그을렸습니다.[/record]
이곳은 공기가 더 따뜻하게 느껴집니다.[/end]"
515,"장작 타는 냄새가 납니다.[/record]
최근에 누군가 이곳을 지나갔습니다.[/record]
멀리서 말 울음소리가 들립니다.[/end]"
516,"바위 노두가 지역 곳곳에 흩어져 있습니다.[/record]
용암 바위 몇 개를 지나갑니다.[/record]
이곳의 모든 것이 재로 덮여 있습니다.[/end]"
517,"무언가가 모래를 파헤친 흔적이 있습니다.[/record]
전갈의 발자국처럼 보입니다.[/record]
저 바스락거리는 소리는 무엇일까요?[/end]"
518,"갓 파낸 흙 냄새가 납니다.[/record]
낮고 유령 같은 신음 소리가 스쳐 지나갑니다.[/record]
멀리서 까마귀가 웁니다.[/end]"
520,"유령 같은 비명 소리가 침묵을 깹니다.[/record]
쓰러진 묘비에 걸려 넘어집니다.[/record]
열린 무덤이 길목에서 입을 벌리고 있습니다.[/end]"
521,"오크 냄새가 납니다. 확실히 오크입니다.[/record]
오크들이 이곳의 땅을 짓밟았습니다.[/record]
거친 고함 소리에 걸음을 멈춥니다.[/end]"
522,"누군가 이곳의 덤불을 정리했습니다.[/record]
장작 더미 옆을 지나갑니다.[/record]
근처에서 새가 웁니다.[/end]"
523,"근처에서 종소리가 울립니다.[/record]
썩어가는 시체가 나무에 매달려 있습니다.[/record]
절망적인 비명 소리가 울려 퍼집니다.[/end]"
524,"쓰러진 기둥 열 옆을 지나갑니다.[/record]
덩굴이 이곳의 뒤섞인 돌들을 덮고 있습니다.[/record]
머리 없는 동상이 먼지 속에 누워 있습니다.[/end]"
525,"자갈 더미를 기어 올라갑니다.[/record]
깊은 구덩이가 길을 거의 막고 있습니다.[/record]
녹슨 삽 더미 옆을 지나갑니다.[/end]"
526,"습한 바람이 머리카락을 흩뜨립니다.[/record]
땅에서 샘물이 솟아오릅니다.[/record]
길처럼 보이는 것이 있습니다.[/end]"
527,"이곳의 땅은 피로 젖어 있습니다.[/record]
누군가 지켜보고 있다는 느낌이 듭니다.[/record]
흙바닥에 짓밟힌 원형 자국 옆을 지나갑니다.[/end]"
528,"거대한 박쥐 한 마리가 머리 위를 천천히 날아갑니다.[/record]
멀지 않은 곳에서 늑대가 울부짖습니다.[/record]
공기가 고요하고 억압적입니다.[/end]"
529,"발밑에서 땅이 진동합니다.[/record]
초록색 안개 때문에 눈이 따갑습니다.[/record]
강하고 매캐한 냄새가 납니다.[/end]"
530,"반쯤 먹다 남은 사체 위를 지나갑니다.[/record]
하피의 깃털이 사방에 널려 있습니다.[/record]
고약한 악취에 구역질이 날 것 같습니다.[/end]"
531,"느슨한 보도블록에 걸려 넘어질 뻔했습니다.[/record]
쓰러진 석조물들이 길 양옆에 있습니다.[/record]
잡초가 무성한 들판을 지나갑니다.[/end]"
532,"곤충들조차 침묵에 빠졌습니다.[/record]
거대한 거미줄을 뚫고 지나갑니다.[/record]
커다란 거미들이 길에서 달아납니다.[/end]"
533,"발자국이 사방에 있습니다. 아주 큰 발자국입니다.[/record]
뿌리째 뽑힌 나무 몇 그루를 지나갑니다.[/record]
거대한 모닥불이 근처에서 타오르고 있습니다.[/end]"
534,"땅이 불에 타 검게 변했습니다.[/record]
확실히 점점 따뜻해지고 있습니다.[/record]
불에 탄 해골 옆을 지나갑니다.[/end]"
535,"연기가 나는 캠프파이어 옆을 지나갑니다.[/record]
""침입자 주의""라는 표지판이 있습니다.[/record]
근처에서 올빼미가 부드럽게 웁니다.[/end]"
536,"땅의 갈라진 틈에서 증기가 올라옵니다.[/record]
근처에서 온천이 끓어오릅니다.[/record]
바위 사이로 길이 구불구불 이어집니다.[/end]"
537,"얕은 모래 구덩이 옆을 지나갑니다.[/record]
전갈의 발자국이 이 지역을 가로지릅니다.[/record]
요란한 바스락거리는 소리에 깜짝 놀랍니다.[/end]"
538,"갓 매장한 시체 냄새가 납니다.[/record]
마차 바퀴 자국이 길게 이어집니다.[/record]
흰 꽃들이 길가에 흩어져 있습니다.[/end]"
550,"도둑 길드가 판사를 매수하여,[/center]
당신은 무죄 판결을 받습니다.[/center]
[/end]"
551,"다크 브라더후드가 판사를 매수하여,[/center]
당신은 무죄 판결을 받습니다.[/center]
[/end]"
600,"음, 일거리가 있었지만, 전사 길드를 고용해서 처리했습니다.[/center]
[/record]
그 빌어먹을... 누군가 내가 도움이 필요하다는 소문을 퍼뜨리고 다니더군요.[/center]
[/center]
난 아무런 도움도 필요 없습니다.[/record]
너무 늦었습니다. 그 일은 어떤 마검사에게 맡겼거든요.[/center]
[/center]
[/record]
그래요, 일거리가 있었죠. 하지만 상황은 이미 해결되었습니다. 어쨌든 고맙군요.[/center]
[/center]
[/end]"
606,"네, 당신은 마법사 길드에 가입할 자격이 있습니다.[/center]
견습생으로서 주문 제작소를 이용할 수 있고, 길드 기술을 훈련받을 수 있습니다.[/center]
나중에는 도서관을 이용하고, 마법 아이템을 구매하거나 직접 제작할 자격도 얻게 될 것입니다.[/center]
가입하시겠습니까?[/center]
[/center]
[/center]
[/end]"
611,"안타깝게도 당신은 길드 가입 자격이 없습니다.[/center]
[/center]
[/center]
저희는 마법 과학 중 적어도 하나에 어느 정도 숙련된 회원만 받을 수 있습니다.[/center]
[/center]
[/record]
안타깝게도 당신은 길드 가입 자격이 없습니다.[/center]
[/center]
[/center]
저희는 초보 마법사를 받지 않습니다. 적어도 마법 과학 중 하나에 전념한 학자들만 허용됩니다.[/center]
[/center]
[/center]
[/record]
안타깝게도 당신은 길드 가입 자격이 없습니다.[/center]
[/center]
[/center]
여섯 가지 마법 과학 중 하나를 향상하는 데 시간과 노력을 투자하신다면, 재고해 볼 수도 있습니다.[/center]
[/center]
[/center]
[/end]"
612,"안타깝게도 당신은 길드 가입 자격이 없습니다.[/center]
[/center]
[/center]
솔직히 말해서, 당신은 지식인들 사이에서 평판이 그리 좋지 않습니다.[/center]
[/center]
[/record]
안타깝게도 당신은 길드 가입 자격이 없습니다.[/center]
[/center]
[/center]
당신의 이름은 저희에게 익숙하지만, 솔직히 말해 그리 좋은 의미는 아닙니다.[/center]
[/record]
안타깝게도 당신은 길드 가입 자격이 없습니다.[/center]
[/center]
[/center]
불행히도, 당신은 평판이 좋지 않은 상태로 찾아왔군요, 젊은 %ra. 평판을 개선하고 다시 오시는 것을 고려해 보십시오.[/center]
[/center]
[/center]
[/end]"
666,"축하합니다, %pcn. 당신은 %lev 의 계급으로 승진했으며, 그에 따르는 모든 권리와[/center]
명예를 누리게 되었습니다. 기억하십시오, 저희 브라더후드에서는 과거의 업적에 안주하지 않습니다.[/center]
[/center]
[/center]
[/center]
[/end]"
667,"당신이 공식적으로 %lev 계급으로 강등되었음을 알리는 것이 제 의무입니다.[/center]
[/center]
%pcf, 저희는 회원들이 과거의 업적에 안주하지 않고 더욱 열심히 일하기를 요구한다는 점을 상기시켜 드립니다.[/center]
[/center]
[/center]
[/record]
당신이 강등되었다는 소식을 전하게 되어 유감입니다, %pcn.[/center]
[/center]
[/record]
장로들은 당신에게 만족하지 않습니다, %pcn. 당신은 강등되었습니다.[/center]
[/center]
[/record]
당신은 강등되었습니다, %pcn.[/center]
가장 먼저 이 소식을 전하게 되어 유감입니다.[/center]
[/record]
당신의 무능함이 장로들에게 알려졌습니다, %pcn. 그들은 당신을 강등했습니다.[/center]
[/center]
[/record]
장로들은 당신의 무능함이 강등을 초래했다고 결정했습니다, %pcn.[/center]
[/center]
[/record]
장로들이 당신의 무능함에 대한 보상으로 강등을 결정했다는 소식을 들어도 놀라지 마십시오.[/center]
[/center]
[/center]
[/end]"
668,"%pcn, 당신은 최근 우리에게 실망을 안겨주었습니다. 당신은 이제 회원으로서 누릴 수 있는 모든 혜택을 받을 자격이 없습니다.[/center]
[/center]
언젠가 다시 우리 품으로 돌아올 수도 있겠지만, 지금 당신은 파문 대상입니다.[/center]
[/center]
[/center]
[/record]
당신은 더 이상 이곳에서 권리를 가질 수 없습니다, %pcn.[/center]
장로들은 당신을 추방하기로 결정했습니다.[/center]
[/record]
당신의 평판을 지킬 만큼 충분한 인맥을 쌓지 못한 것 같군요.[/center]
당신은 이제 추방되었습니다, %pcn.[/center]
[/center]
[/record]
모든 명예와 권리는 박탈되었습니다, %pcn. 당신은 추방되었습니다.[/center]
[/center]
[/end]"
679,"전사 길드는 대가를 지불할 의사가 있는 누구에게나 강한 팔과 날카로운 칼날을 제공합니다.[/center]
끊임없는 활동과 꾸준한 금화 수입을 원한다면, 이곳이 당신을 위한 길드입니다. 기사단 같은 곳보다 훨씬 낫죠. 그들은 보수도 받지 않는다는 사실을 알고 있었나요?[/center]
[/center]
[/center]
[/center]
[/center]
[/record]
전사 길드는 회원을 가리지 않는다는 평판이 있습니다. 하지만 그것은 사실과 거리가 멉니다. 당신은 우리 길드의 명예를 더럽히는 불쾌한 부류입니다. 평판을 개선하고 나서 길드 가입에 대해 이야기합시다.[/center]
[/center]
[/center]
[/center]
[/center]
[/center]
[/end]"
680,"미안합니다, %ra. 우리는 전사 길드에서 진정한 전사를 찾고 있습니다.[/center]
무기에 대해 좀 더 배우고 나서 다시 오시겠습니까?[/center]
[/center]
[/end]"
681,"네, 당신은 전사 길드에서 우리가 필요로 하는 전사 유형처럼 보입니다.[/center]
우리는 기술 훈련, 방어구 및 무기 수리 할인, 그리고 매우 수익성 높은 업무를 제공합니다.[/center]
게다가 전사 길드 어디에서나 쉴 곳이 마련되어 있습니다.[/center]
가입하시겠습니까?[/center]
[/center]
[/center]
[/center]
[/end]"
684,"훌륭합니다. 전사 길드에 오신 것을 환영합니다,[/center]
. 당신의 현재 계급은 %lev 입니다.%pcf[/center]
[/end]"
686,"축하합니다, %pcf. 당신의 뛰어난 무기 숙련도 덕분에,[/center]
당신을 길드의 %lev 계급으로 승진시켰습니다.[/center]
이 승진으로 인해 무기 수리비가 저렴해지고 더 수익성 높은 업무를 맡을 수 있게 될 것입니다.[/center]
[/center]
[/center]
[/center]
[/end]"
702,"당신의 마음은 주머니보다 크군요.[/center]
당신은 현재 %gii 금화만 가지고 있습니다.[/center]
[/record]
안타깝게도 당신은 %gii 금화만 가지고 있습니다.[/center]
[/record]
안타깝게도 %gii 금화 이상은 기부할 수 없습니다.[/center]
지금 당신이 가진 전부가 그것뿐입니다.[/center]
[/end]"
703,"기부해 주셔서 감사합니다. 아마도 %god 께서 미래에 당신의 잘못을 더 너그럽게 봐주실 것입니다.[/center]
[/center]
[/center]
[/record]
물론 %gdd 께서 모든 기부를 받으시지만, 기적을 기대하지는 마십시오. 그것은 금화 더미보다 더 많은 것이 필요합니다.[/center]
[/center]
[/center]
[/record]
기부해 주셔서 감사하지만, %god 께서 어떤 종류의 범법자를 위해서도 고용될 수 있다고 생각하지 마시길 바랍니다.[/center]
[/center]
[/center]
[/end]"
705,"앞으로 며칠 동안 젠께서 당신의 상술에 축복을 내리실 것입니다.[/center]
[/center]
[/end]"
707,"앞으로 며칠 동안 마라께서 당신의 타고난 재치와 매혹을 강화해 주실 것입니다.[/center]
[/end]"
709,"앞으로 며칠 동안 아카토쉬께서 당신의 여행 시간에 축복을 내리실 것입니다.[/center]
[/center]
[/end]"
710,"앞으로 며칠 동안 줄리아노스께서 당신의 지능에 축복을 내리실 것입니다.[/center]
[/center]
[/end]"
712,"앞으로 며칠 동안 디벨라께서 당신의 행운에 축복을 내리실 것입니다.[/center]
[/center]
[/end]"
716,"앞으로 며칠 동안 스텐다르께서 법과 관련된 당신의 평판에 축복을 내리실 것입니다.[/center]
[/center]
[/center]
[/end]"
717,"앞으로 며칠 동안 키나레스께서 당신의 지구력에 축복을 내리실 것입니다.[/center]
[/center]
[/end]"
740,"네, 귀하는 신전에 가입할 자격이 있습니다.[/center]
%fon 측에서 귀하를 일원으로 받아들일 것입니다.[/center]
가입하시겠습니까?[/center]
[/end]"
744,"죄송합니다만, 귀하는 교단에 가입할 자격이 없습니다.[/center]
저희는 %god 에서 숭상하는 기술 중 최소 하나 이상에[/center]
어느 정도 숙련된 분들만 받아들일 수 있습니다.[/center]
[/center]
[/record]
죄송합니다만, 귀하는 교단에 가입할 자격이 없습니다.[/center]
%god 에서 신성시하는 기술 중 최소 하나 이상에[/center]
헌신한 분들만 받아들일 수 있습니다.[/center]
[/record]
죄송합니다만, 귀하는 교단에 가입할 자격이 없습니다.[/center]
%god 에서 중요하게 여기는 기술 중 최소 하나 이상에[/center]
시간과 노력을 들여 스스로를 갈고닦으신다면[/center]
저희가 다시 고려해 볼 수도 있습니다.[/center]
[/center]
[/end]"
745,"죄송합니다만, 귀하는 교단에 가입할 자격이 없습니다.[/center]
솔직히 말씀드려, 귀하는 저희 신전 구성원들 사이에서[/center]
평판이 그리 좋지 않습니다.[/center]
[/record]
죄송합니다만, 귀하는 교단에 가입할 자격이 없습니다.[/center]
귀하의 이름은 저희에게 익숙하지만, 솔직히 말씀드려 그리 좋은 의미는 아닙니다.[/center]
[/record]
죄송합니다만, 귀하는 교단에 가입할 자격이 없습니다.[/center]
안타깝게도 귀하는 훌륭하지 못한[/center]
평판을 가지고 오셨군요, 젊은 %ra 님.[/center]
평판을 개선하고 다시 오시는 것을 고려해 보십시오.[/center]
[/end]"
750,"죄송합니다만, 귀하는 교단에 가입할 자격이 없습니다.[/center]
보시다시피, 저희 교단에는 전사가 필요합니다.[/center]
그런데 귀하에게는 저희 중 하나가 되기 위한[/center]
무기 숙련도가 부족합니다.[/center]
[/record]
죄송합니다만, 귀하는 교단에 가입할 자격이 없습니다.[/center]
무기 사용 숙련도를 높이신다면[/center]
나중에 저희가 귀하를 기용할 수도 있을 것입니다.[/center]
[/center]
[/record]
죄송합니다만, 귀하는 교단에 가입할 자격이 없습니다.[/center]
저희는 진정한 강자만을 받아들입니다.[/center]
검이나 도끼를 제대로 다룰 줄 아는 사람 말입니다. 귀하는 그렇지 못하군요.[/center]
[/center]
[/end]"
751,"죄송합니다만, 귀하는 교단에 가입할 수 없습니다.[/center]
%fon 의 평판은 %reg 에서 훌륭한[/center]
수준을 유지하고 있습니다. 저희는[/center]
그다지 평판이 좋지 않은 기사를 받아들여[/center]
교단의 명예를 실추시킬 수 없습니다.[/center]
[/record]
죄송합니다만, 귀하는 교단에 가입할 수 없습니다.[/center]
귀하는 아직 신뢰를 얻지 못했습니다.[/center]
그 점을 개선하고 다시 찾아오십시오.[/center]
[/record]
죄송합니다만, 귀하는 교단에 가입할 수 없습니다.[/center]
귀하는 아직 스스로 좋은 평판을[/center]
쌓지 못했습니다.[/center]
[/end]"
752,"아, %pcn 님, 귀하의 명성은 익히 들어 알고 있습니다.[/center]
%fon 의 방침은 언제나 도덕적 품행이 바르고[/center]
숙련된 기사를 위한 자리를 마련해 두고 있습니다.[/center]
저희 대열에 합류해 주시기를 겸허히 청합니다.[/center]
[/end]"
850,"[/record]에게 바치는 송가
[/record]에게 바치는 소네트
[/record]에게 바치는 연애 소네트
[/record]에 관한 주제
[/record]에 대한 나의 생각
[/record]에 대해 노래하리
[/record]에게
안녕 [/record]
나의 [/record]
잊지 마오 [/record]
[/record] 편을 들며
오 [/record]
가장 달콤한 [/record]
나는 [/record]에 관심 없네
무자비한 [/record]
오직 [/record] 탓으로 돌려라
[/record]의 지혜
서정적인 [/record]
[/record]에 관한 고찰
빌어먹을 [/record]
[/record]의 강탈
잃어버린 [/record]
즐거운 [/record]
거짓된 [/record]
[/record] 길들이기
예배 [/record]
[/record]의 수레바퀴
[/record]의 한밤중
[/record]의 겨울
[/record]의 봄물결
슬픈 [/record]
[/end]의 열쇠"
851,"사랑[/record]
사랑[/record]
사랑[/record]
사랑[/record]
나의 연인[/record]
욕망[/record]
다정함[/record]
갈망[/record]
열정[/record]
헌신[/record]
열병[/record]
정열[/record]
나의 사랑하는 이[/record]
진실한 사랑[/record]
연인들[/record]
청춘[/record]
순수[/end]"
852,"[/record]의 이야기
%3hn 및 [/record]
%3hn 및 [/record]
%3hn 및 [/record]
%3hn 및 [/record]
%2hn 및 [/record]
[/record]의 전투
[/record]의 발라드
[/record]의 이야기
[/record]의 노래
[/record]의 서사시
[/record]의 모험
[/record]의 연대기
[/end]의 방랑"
853,"%1hn[/record]
%1hn[/record]
%1hn[/record]
%1hn[/record]
%1hn[/record]
영웅[/record]
승리자[/record]
용사[/record]
귀감[/record]
용기[/record]
용맹[/record]
대담한 자[/end]"
854,"찰싹 [/record]
나는 [/record]이다
그대의 [/record] 모습을 보여주오
[/record]에 대해 노래하리
아내와 [/record]
짓궂은 [/record]
헤이 노니 노니 [/record]
달콤한 [/record]
사제와 [/record]
뻔뻔한 [/record]
어여쁜 [/record]
음탕한 [/record]
방탕한 [/record]
가려운 [/record]
수염 난 [/end]"
855,"젊은 계집[/record]
큰 엉덩이[/record]
신랄한 여자[/record]
가슴[/record]
숙녀[/record]
변태[/record]
머킨[/record]
창녀[/record]
매춘부[/record]
노인[/record]
거리의 여자[/record]
첩[/record]
나무꾼[/end]"
860,"도둑 길드는 이 지역의 절도범, 매춘부, 기타 깡패들이 공식적으로 조직한 집단입니다. 그들의 본부는 언제나 비밀에 부쳐져 있습니다.[/record]
프리랜서 포주, 소매치기, 좀도둑, 사기꾼, 노상강도들이 존재하긴 하지만, 탐리엘의 전문 범죄자 대부분은 도둑 길드에 속해 있습니다. 전체의 이익을 위해 길드는 가입을 강요하는 일종의... 압력을 행사합니다.[/record]
탐리엘의 거의 모든 자치구, 마을, 도시 국가에서 전문 범죄자들은 상호 보호를 위해 결속했습니다. 그것이 바로 도둑 길드입니다.[/record]
도둑 길드도 다른 길드와 다를 바 없습니다. 단지 그들의 산업이 범죄일 뿐이죠. 그들은 회원에게 특별한 혜택을 제공하고, 관리를 매수하며, 비회원을 처벌합니다. 다른 길드와 똑같습니다.[/end]"
861,"마법사 길드는 탐리엘 마법 연구의 공식 중심지입니다. 대부분의 주요 마을에는 길드 지부가 있어 연구 외에도 주문과 마법 아이템을 판매합니다.[/record]
마법사 길드는 주문을 연구하는 학교 같은 곳입니다. 가입하려면 이미 어느 정도 실력이 있어야 하지만, 비회원도 일부 서비스를 이용할 수 있습니다.[/record]
마법사 길드는 이름 그대로입니다. 모든 종류의 마법사가 모여 서로 가르치는 조직이죠. 예전에는 마법사들이 고립된 존재였지만, 이제는 아닙니다.[/record]
생각하시는 그대로입니다. 이미 실력이 뛰어난 마법사들이 더 발전하기 위한 학교이자 클럽이죠. 적어도 천 년은 넘게 존재해 왔습니다.[/end]"
862,"다크 브라더후드는 매우 신비로운 조직으로, 종종 실용적인 통치자들에게 암살자로 고용됩니다. 그들은 광신도이자 데이드라 숭배자라는 평판을 얻고 있지만, 무언가 제대로 된 일을 하고 있는 것이 분명합니다. 수천 년 동안 존재해 왔으니까요.[/record]
종교 단체로 위장한 암살자 집단입니다.[/record]
그들은 사실상 탐리엘의 공식 암살자 길드입니다. 대부분의 왕국이 그들을 불법 조직으로 선포했지만, 선포하는 것과 실제로 처리하는 것은 별개의 문제죠...[/record]
종교 단체와 비슷하지만, 신전과는 다릅니다. 칼을 들고 피를 갈망하는 사제들을 상상해 보십시오.[/end]"
863,"많은 교단에 비밀이 있지만, 블레이드에 관한 모든 것은 신화 속에 가려져 있습니다. 그들은 탐리엘 최고의 전사들이며, 대대로 같은 가문 내에서 훈련받는다는 소문이 있습니다. 그들의 목표가 무엇인지는 전혀 알려지지 않았습니다.[/record]
그들은 존재하지 않을지도 모르지만, 만약 존재하고 전설이 사실에 근거한다면, 그들은 탐리엘 최고의 전사들입니다.[/record]
그들은 기사단이 맞지만, 충성심으로 정의되는 다른 기사단과는 달리 블레이드의 주인은 알려져 있지 않습니다. 그들은 완전히 수수께끼 같은 집단입니다.[/record]
블레이드에 대해 그렇게 공개적으로 묻지 않는 것이 좋습니다. 그들이 탐리엘 최고의 전사들로 구성되어 있다는 것은 누구나 알지만, 그들의 존재 목적은 아무도 모릅니다. 그것이 그들을 위험하게 만듭니다.[/end]"
864,"강령술사단은 마법사 길드의 어두운 거울과 같으며, 가장 타락하고 데이드릭한 주문의 대가인 강력한 마법사들입니다. 그들은 벌레의 왕이라 불리는 자가 이끄는 것으로 알려져 있습니다. 흔한 소문에 따르면 그는 수천 년을 살았으며 전혀 늙지 않는다고 합니다.[/record]
강령술사단에 대해서는 언급조차 하지 않는 것이 좋습니다. 마법사 길드와 달리 그들은 단 하나의 목적에 헌신합니다. 하지만 반대되는 공포스러운 이야기에도 불구하고, 그 목적이 무엇인지는 아무도 모릅니다.[/record]
강령술사들은 마법사 길드와 같은 위저드이지만, 훨씬 더 비밀스럽습니다. 그들의 목표와 활동에 대해 소문이 무성하지만, 강령술사 본인이 아닌 이상 아무도 확실히 알지 못합니다.[/record]
강령술사단에 맞설 때는 죽음 그 자체보다 죽음 이후에 올 것을 두려워해야 한다는 옛말이 있습니다. 그들은 위험한 위저드이며, 덕 있는 자라면 그들과 엮이지 않는 것이 좋습니다.[/end]"
865,"언더킹은 어린 시절 이야기 속의 늙은 도깨비 같은 존재로, 역사상 가장 강력한 마법사였다고 전해집니다. 그 이야기는 셉팀 왕조 초기까지 거슬러 올라갑니다. 하지만 그를 자신의 대리인이라 부르는 자들의 존재를 의심하는 사람은 없습니다. 언더킹의 명령을 따른다고 말하는 산 자들과 움직이는 죽은 자들은 아마 수백 명에 달할 것입니다.[/record]
언더킹은, 음, 리치와 비슷합니다. 매우 강력하고 신비로운 고대 리치죠. 그런데 그가 어디에 살고 무엇을 원하는지는 말씀드릴 수 없습니다.[/record]
일부 이야기에 따르면 언더킹은 한때 가치 있는 일을 위해 자신의 심장을 포기했던 강력한 위저드였습니다. 심장이 사라졌기에 언더킹은 죽을 수도, 진정으로 살 수도 없습니다. 하지만 그의 하수인들은 그의 심장을 여전히 찾고 있다는 가정하에 광신적인 헌신으로 그의 명령을 수행합니다.[/record]
언더킹은 신화에 불과할지 모르지만, 그의 하수인들은 매우 실재합니다. 탐리엘의 평민들은 언더킹의 존재를 확실히 믿으며 그를 매우 두려워합니다.[/end]"
866,"전사 길드는 세련된 용병 서비스입니다. 그들은 종종 모험가를 경비원, 호위병으로 고용하며, 때로는 더 은밀한 임무를 맡기기도 합니다.[/record]
그저 고용된 경비원 무리일 뿐, 신비롭거나 낭만적인 것은 없습니다.[/record]
전사 길드는 이름 그대로 고용된 창잡이와 기타 용병들을 위한 기사단입니다.[/record]
전사 길드는 금이 있는 사람이라면 누구나 추가 경비원이나 호위병 등을 고용하러 가는 곳입니다. 그들은 %reg 에서 일을 처리하는 데 절대적으로 필수적입니다.[/end]"
867,등불 기사단은 마법사 길드의 덜 전투적인 구성원들을 보호하는 기사단입니다.[/end]
868,마법사 길드 비밀결사에 대해서는 알려진 바가 거의 없습니다. 일반적으로 그들의 힘은 위대한 데이드라 군주와 왕자를 소환하는 데서 온다고 추측됩니다.[/end]
869,"아케이 교단은 탄생과 죽음의 순환의 신인 아케이를 숭배하는 종교 단체입니다.[/record]
탄생과 죽음의 신인 아케이에게 헌신하는 신전입니다.[/record]
아케이 교단은 탄생과 죽음의 순환의 신을 숭배하는 자들을 위한 신전입니다.[/end]"
870,"노동과 상업의 신인 제니타르에게 헌신하는 모든 신전은 제니타르의 결의회 또는 젠의 결의회라고 불립니다.[/record]
결의회는 제니타르의 사제들이 자신의 신전에 붙인 멋진 이름입니다.[/record]
제니타르는 노동과 상업의 신입니다. 진지한 성격의 신이며, 그분의 신전은 매우 고집스러워서 결의회라고 불립니다.[/end]"
871,"어머니 여신 마라에게 헌신하는 신전은 그녀가 사랑의 여신이기도 하기에 관습적으로 자애회라고 불립니다.[/record]
자애회는 어머니 여신 마라에게 헌신하는 모든 신전을 말합니다.[/record]
마라의 신전은 노동과 상업의 신이 자신의 신전을 결의회라고 부르는 것처럼 자애회라고 불립니다. 그녀는 어머니 여신이자 사랑의 여신이니, 어느 정도 일리가 있죠.[/record]"
872,"아카토쉬 성가회는 시간의 신이자 드래곤인 아카토쉬에게 헌신하는 신전 중 하나입니다.[/record]
아카토쉬의 사제들은 항상 자신의 신전을 성가회라고 부릅니다. 그곳에서 노래를 많이 부르기 때문이 아닐까 싶군요.[/record]
아카토쉬는 시간의 용신이며, 그분께 헌신하는 신전은 항상 성가회라고 불립니다.[/end]"
873,"줄리아노스는 지혜와 논리의 신이며, 그분의 신전은 학파라고 불립니다.[/record]
그들은 줄리아노스의 신전에서 실제로 예배를 드리지는 않지만, 그분이 지혜의 신이기에 신전을 학원처럼 운영합니다. 그래서 신전이 아니라 학파라고 부르는 것입니다.[/record]
줄리아노스 학파는 탐리엘 최고의 연구 기관 중 하나로, 아마 마법사 길드 다음일 것입니다. 사실 마법사들과 줄리아노스의 학자들 사이에는 많은 경쟁이 있습니다.[/end]"
874,"스텐다르 신전은 자비의 수호자인 스텐다르 신에게 헌신합니다. 그들은 이 땅에서 가장 위대한 자선 단체 중 하나입니다.[/record]
스텐다르는 자비의 신이며, 그분의 신전은 평화의 메시지를 탐리엘 전역에 전파하려고 노력합니다. 그 성공 여부는 귀하께서 직접 판단하십시오.[/record]
자비와 평화의 신을 숭배하는 교단은 스텐다르 신전이라 불립니다. 그들에 대해 뭐라고 하든, 그들은 평화로운 탐리엘에 대한 정직한 비전을 가지고 있습니다.[/end]"
875,"키나레스는 대기의 여신이자 대거폴 왕국을 포함한 여러 곳의 수호신입니다. 그녀의 신전은 널리 퍼져 있고 숭배도 대중적입니다.[/record]
키나레스 신전은 대기의 여신을 숭배하며, 모리하우스에게 군주의 갑옷을 처음 주었다고 전해지는 영혼입니다.[/record]
대기의 여신의 사제와 여사제들이 그곳에 모여 수호신에게 기도합니다.[/end]"
876,원 기사단은 아케이 교단의 보호자이자 수호자입니다. 그들은 사제들만큼이나 그분께 헌신합니다.[/end]
877,철 기사단은 상업의 신 제니타르에게 헌신합니다. 그들은 그분의 결의회 구성원들을 무역을 방해하려는 자들로부터 보호합니다.[/end]
878,마라 기사단은 어머니 여신 마라에게 자신의 검을 바친 전사들입니다. 그들은 탐리엘에서 그녀의 대의와 자애회를 보호하기로 맹세했습니다.[/end]
879,시간 기사단은 시간의 용신 아카토쉬에게 맹세한 기사 집단입니다. 그들은 그분의 대의를 증진하고 성가회를 보호하기 위해 일합니다.[/end]
880,"멘토 기사단은 지혜와 배움의 신 줄리아노스의 부름을 따르기로 맹세한 자들입니다. 줄리아노스 학파가 실제 교육의 대부분을 담당하지만, 멘토 기사단은 현자들을 보호하고 어디에나 존재하는 무지의 세력과 싸웁니다.[/end]"
881,"백합 기사단은 아름다움의 여신 디벨라의 이상에 맹세한 기사들입니다. 그들은 그녀의 집을 보호하고, 필요할 때는 그녀를 위해 아름답게 죽습니다.[/end]"
882,성전사단은 자비의 신 스텐다르의 기사들입니다. 그들은 스텐다르 신전을 보호하고 상황이 요구할 때 그분의 자비로운 칼날 역할을 합니다.[/end]
883,"키나레스 기사단은 대기의 여신 키나레스에게 정신, 육체, 검을 바친 기사들로 구성되어 있습니다. 그들은 종종 키나레스 신전의 사제들과 함께합니다.[/end]"
884,"용 기사단은 대거폴 민병대 중 가장 뛰어난 기사들로 구성되어 있으며, 왕실과 왕국에 대한 봉사의 서약으로 결속되어 있습니다.[/end]"
885,촛불 기사단은 센티넬의 왕실과 왕국을 보호하는 임무를 맡은 기사단입니다.[/end]
886,장미 기사단은 웨이레스트의 왕실과 왕국을 위한 수호자이자 전사로서 헌신합니다.[/end]
887,"불꽃 기사단은 수 세기 동안 플라이트 왕가와 연을 맺어왔으며, 현재는 안티클레어 땅의 수호자가 되었습니다.[/end]"
888,"뿔의 군세는 레인린의 가장 뛰어난 기사들로 구성되어 있으며, 레인린 남작령과 그 통치 가문을 보호하고 섬기겠다는 맹세로 결속되어 있습니다.[/end]"
889,"부엉이 기사단은 글렌포인트의 전통적인 경비대이자 민병대로, 이 지역에서 가장 뛰어난 기사들입니다.[/end]"
890,까마귀 기사단은 수백 년 동안 드위넨 남작령의 헌신적인 수호자였습니다.[/end]
891,바퀴 기사단은 아비본-고라의 백성과 통치 가문을 보호하고 섬깁니다. 이들은 해머펠에서 가장 뛰어난 기사들 중 하나입니다.[/end]
892,쇠똥구리 기사단은 토탐부의 왕실과 영토를 보호하겠다는 신성한 맹세를 한 기사들로 구성되어 있습니다.[/end]
893,"매 기사단은 안티필로스의 가장 뛰어나고 고결한 전사들 중에서 선발되며, 왕실과 그 땅의 백성을 보호하고 그들을 위해 싸웁니다.[/end]"
894,미의 여신에게 바쳐진 모든 사원을 디벨라 교단이라 부릅니다. 그곳의 사제와 여사제들은 육체와 정신의 아름다움을 열망하는 쾌락주의자이자 향락주의자들입니다.[/end]
900,"숲속의 새들[/record]
할 수만 있다면 하겠네[/record]
오, 그것 참 좋겠구나[/record]
우리 마땅히 해야 할 일을 하자[/record]
그대도, 그대도, 하겠는가?[/record]
그대의 검에 피가 뚝뚝 떨어지는가?[/record]
숲속의 아기처럼[/record]
우리 동네에서 그대를 보았네[/record]
똑, 똑, 나무를 두드리며[/record]
사랑아, 왜 나는 착해질 수 없는가?[/record]
줄기와 꽃잎, 그리고 꽃봉오리[/record]
군중 속의 얼굴 하나[/record]
군중 속에서 그대를 골라내네[/record]
지금 노래하라, 크게 노래하라![/record]
왜 그대는 크게 울부짖어야 하는가?[/record]
내 사랑, 내 사랑, 오만하지 마오[/record]
내 사랑은, 두렵게도, 매우 오만하네[/record]
내 무덤 위에 수의를 덮어주오[/record]
구름이 회색 수의처럼 보이네[/record]
아마도 나는 다소 과분한 축복을 받았나 보오[/record]
그는 어린 시절부터 그녀를 기억했네[/record]
어린 시절에는 그런 순수함이 남아있지[/record]
내 사랑, 그것은 거짓일 뿐[/record]
사랑아, 담쟁이덩굴과 투구꽃을 먹어라[/record]
내 사랑은 그보다 훨씬 많은 것을 견뎌냈네[/record]
그대의 말은 내게 쓴쑥과 같네[/record]
그보다 훨씬 많은 것을 나는 이해했네[/record]
이제 나는 더 잘 이해받고 있는가?[/record]
왜 나는 오해받아야만 하는가?[/record]
아마도, 그대여, 내가 오해했나 보오[/end]"
901,"푸른 잎이 떨어질 때면[/record]
내 사랑이 찾아오리라[/record]
그것이 내가 가장 분하게 여기는 점이지[/record]
무릎을 꿇고, 기어오네[/record]
세입자들이 널려 있는 그 집[/record]
내가 끔찍하게 여기는 상황들[/record]
그대는 언제나 나를 매혹하네[/record]
그때 구름 속에서 나는 영원히 떨어지네[/record]
혀를 날름거리며 헐떡이면서[/end]"
902,"다운, 데리, 데리, 다운, 다운[/record]
그녀는 사랑스럽고 아름다운 가운을 입었네[/record]
제프레의 광대보다 나을 것 없네[/record]
그녀의 눈은 푸르고, 뺨은 갈색이었네[/record]
그의 왕관에서 다이아몬드가 반짝였네[/record]
바다 아래서 우리 모두 익사하네[/record]
웃어라, 내 사랑! 찌푸리지 마오![/record]
아름다운 골짜기를 지나, 아름다운 마을을 지나[/record]
날아라, 날아가라, 절대 아래를 보지 마오[/end]"
903,"오, 어디에 다녀왔는가?[/record]
칼날은 날카롭네[/record]
내 단검을 갈게 해주오[/record]
아, 내게 못되게 굴지 마오[/record]
그대의 검은 마음은 깨끗하리[/record]
나는 그대의 왕이니, 나의 여왕이 되어주오[/record]
봄, 봄, 너무나 아름다운 초록빛[/record]
정말 놀라운 광경이군![/record]
오, 그녀는 눈에 띄는 것을 좋아하네[/record]
나는 그대의 여왕을 위한 기사라네[/record]
내가 조니가 될 테니, 그대는 진이 되어주오[/record]
그대의 조니에게, 내가 진이 되어주리다[/end]"
904,"그는 용감하고 씩씩한 사람이었네[/record]
그들은 모두 떠들고 고함치네[/record]
정말 확신에 차고, 침착하며 자신만만하군[/record]
내 친구여, 아첨꾼이 되지 마오![/record]
이리 와, 내 사랑, 우리 즐겁게 놀러 다니자![/record]
재능으로 가득 찬 배우[/record]
사람들은 그대가 우아하다고 하네[/record]
사랑은 담쟁이덩굴처럼 자라나리[/record]
거인은 아니지만, 언제나 개미처럼 살리[/record]
모든 조카, 질녀, 삼촌, 숙모[/end]"
905,"나는 아프고, 아주 많이 아프네[/record]
늙은 개를 즐겁게 걷어차 주게[/record]
어미 암탉과 병아리[/record]
벌들이 핥는 곳을 나도 핥게 해주오[/record]
비가 길을 미끄럽게 만드네[/record]
무엇을 골라야 할까?[/record]
우리 모두, 죽은 자와 산 자들[/record]
내 집은 벽돌 한 장씩 쌓아 올렸네[/record]
이 모든 게 즐거운 속임수인가?[/record]
내 허리가 굵어지고 있네[/record]
그녀는 하이 엘프, 그는 노르드인[/record]
그 속임수를 어떻게 하는지 보여주게[/record]
내 목에 팔을 감아주오[/record]
얼마나 즐거운 난파선인지 보이지 않는가?[/record]
내 칼날은 그렇게 챙챙 소리를 내네[/end]"
906,"한해중의 달이었네[/record]
나무 위로, 내 사랑, 올라가자[/record]
진흙 속에서 기어 나오는 도마뱀들[/record]
내 투박하고 무례한 운율을 용서하오[/record]
사랑하는 것은 죄가 아닐 뿐[/record]
가장 검은 때가 묻은 하얀 손[/record]
아, 인생의 전성기에 죽다니[/record]
이보다 더 숭고할 수 있을까?[/record]
내게 사랑의 패러다임을 설명해주오[/record]
자연은 우리에게 무언극을 보여주네[/record]
하늘을 한 번 더 만져보기 위해[/record]
오 아카토쉬여, 내게 시간을 더 주소서[/end]"
907,"우물에서 물을 길어오게[/record]
딩, 동, 델[/record]
산을 넘어, 골짜기를 넘어[/record]
내가 맡는 향기[/record]
미친 마법사의 주문[/record]
내 사랑, 그대는 나를 진정시키네[/record]
외로운 감옥에 갇힌 죄수[/record]
아름다운 사랑, 팔아야 할 사랑[/record]
해변에서 조개껍데기를 찾았네[/record]
내 이야기를 하려 하네[/record]
내 사랑은 어디에 머무는가?[/record]
밀물은 빠지고, 썰물은 차오르네[/record]
힘찬 외침으로 울게 해주오[/record]
그것에 맞서, 우리 모두 반란을 일으키자[/record]
내 사랑은 이것을 물리치네[/record]
하지만 결코 그대를 강요하지 않으리[/record]
그대에게 다정한 작별 인사를 하네[/record]
동, 동, 델[/record]
딩, 딩, 델[/record]
스프링, 스프롱, 스프렐[/record]
나는 비명을 지르고, 소리치고, 꽥꽥거리고, 고함치네[/record]
천사처럼 그녀는 타락했네[/record]
그녀는 죽지 않는 주문에 걸린 듯 누워있네[/record]
스텐다르여, 이 지옥에서 나를 구하소서![/record]
감옥에 갇힌 여제 킨타라처럼[/record]
안녕, 사랑이여, 삶이여, 안녕[/end]"
908,"사랑의 방식은 더럽네[/record]
나무 위에는 지혜로운 부엉이가 있었네[/record]
그녀는 얼굴 주위에 두건을 썼네[/record]
늑대가 먼 달을 향해 울부짖네[/record]
밤이 되면, 어둠의 데이드라가 배회하네[/record]
바람 속으로, 나는 울부짖어야 하는가?[/record]
아케이여, 지금 당장 내게 죽음을 허락하소서[/end]"
909,"연인과 그의 아가씨가 있었네[/record]
그들은 어두운 무리 속에 모여드네[/record]
내 대담하고 거친 노래를 용서하오[/record]
그녀는 그를 사랑하지 않았네, 아, 아![/record]
구두쇠가 모으는 금화[/record]
그의 흉갑에 새겨진 대담한 상징[/record]
향신료를 넣은 와인과 히포크라스를 마시자[/record]
그대에게, 내 잔을 들어 올리게 해주오[/record]
거친 산길에서[/record]
봄의 풀처럼 푸른 눈동자[/record]
하지만, 사랑아, 모래시계가 보이는가?[/end]"
910,"불어라, 불어라, 겨울 바람아[/record]
마침내 편안해진 노동자[/record]
우유는 썩어서 최고급 치즈가 되네[/record]
그녀는 자신의 사랑을 기쁘게 하고 싶었네[/record]
베리에서 짜낸 달콤한 즙[/record]
사랑의 뜨거운 불길에 내 심장을 얼려주오[/record]
이 축복받은 순간을 붙잡게 해주오![/record]
내 사랑은 꼬드기고, 내 사랑은 놀리네[/record]
우리는 신들을 달래려 조심하네[/record]
사랑의 달콤한 후렴을 다시 불러주오[/record]
아, 내 심장에 사랑이라는 병이 들었네![/record]
디벨라의 무릎보다 더 유혹적이네[/end]"
911,"오, 그대는 어디를 떠도는가?[/record]
센티넬의 웅장한 유흥 궁전이 보이는가?[/record]
바다는 물보라를 일으키고 거품을 내네[/record]
그대는 언제 집에 돌아올 것인가?[/record]
노움보다 더 혹독하게 나를 부려먹네[/record]
마라는 사랑의 신성한 책을 썼네[/record]
원한다면, 세상 곳곳을 떠돌아다니게[/record]
집이 아닌 집[/end]"
912,"이리 와서 내게 키스해주오, 스무 살의 달콤함이여[/record]
내가 먹을 수 있는 건 아무것도 없네[/record]
둥-둥-둥, 북소리가 울리네[/record]
모든 게 게임이라면, 내 사랑, 우리 속임수를 쓰자[/record]
그대의 온기로 나를 따뜻하게 해주오[/record]
골짜기에서 양들이 슬프게 울부짖는 소리를 듣네[/record]
오 노토르고여, 내 메시지를 빠르게 전달해주소서[/record]
새벽별의 달 스카이림의 진눈깨비처럼 차가운 심장[/record]
와인과 과일, 고기로 잔치를 벌이자![/record]
아케이여, 잔인한 운명을 그대에게 부과해야 하리[/record]
반짝이는 별들을, 사랑아, 우리 맞이하자[/record]
내가 %cn 거리에서 그대를 볼 수 있을까?[/record]
브레튼의 밀처럼 무성하고 갈색인 그대의 머리카락[/record]
그녀는 강하고 그는 나약하네[/record]
짓궂은 밤을 새벽이 물리치네[/record]
나를 정예 경비대로 선출해주오[/record]
가장 달콤한 내 사랑, 내가 반복해야 하는가?[/record]
그런 역경에 맞서, 우리가 감히 경쟁할 수 있을까?[/record]
내 사랑, 내게 신중하라고 요구하지 마오[/record]
그런 광경으로부터 나는 물러설 수 없네[/record]
나를 사랑해달라고 그녀는 간청하네[/record]
하지만 연인의 심장은 속임수로 가득 차 있네[/record]
그런 과학은 쓸모없어진 것이 아닌가?[/record]
그대의 머리부터 발끝까지 키스하리다[/end]"
913,"즐겁게, 즐겁게 이제 살아가리[/record]
그녀는 절을 하고 그는 고개를 숙이리[/record]
개울 너머, 꽃이 만발한 가지[/record]
들판에서 노예가 밭을 가네[/record]
내 사랑, 미간을 찌푸리지 마오[/record]
돼지가 암퇘지와 코를 비비네[/record]
나는 자유롭네, 내 사랑, 그대도 그러한가?[/record]
내 사랑, 신성한 맹세를 하지 마오[/record]
이상하게도, 나는 그대와 함께 있고 싶네.[/end]"
914,"모두 이것을 따르고, 결국 먼지로 돌아가네[/record]
그녀의 얼굴은 아름다웠고 가슴은 둥글었네[/record]
사랑을 금지하는 법은 정당할 수 없네[/record]
그대가 원한다면, 그것을 욕망이라 불러도 좋네[/record]
나는 해야만 하는 일을 하는 것에 절망하네[/record]
칼집 속의 검은 녹슬어가네[/record]
신뢰가 없는 곳에는 사랑도 없네[/record]
밝은 하늘을 향해 날개 달린 새들이 솟구치네[/record]
아마도 내 노래가 그대를 역겹게 하는가 보오[/record]
강해지려면, 내 사랑, 그대는 적응해야 하네[/record]
저기 강하고 튼튼한 기사가 보이는가?[/record]
나를 방랑벽으로 가득 채워주오[/end]"
915,"그대를 생각하는 동안, 친애하는 친구여[/record]
시작은 끝과 가장 가까이 있네[/record]
강은 가장 넓게 굽이치는 곳이 가장 깊네[/record]
사랑하는 이여, 빌리지도 말고 빌려주지도 마오![/record]
몸과 영혼의 사랑이 어우러지네[/record]
고통과 함께, 내 심장이 치유되는 것을 느끼네[/record]
바보가 이 시큼한 발라드를 썼네[/record]
그대와 함께 보내는 지복의 밤들[/record]
그대에게, 나의 모든 근심을 보내네[/record]
과거는 투박하고, 미래는 알 수 없네[/record]
그대의 명예를, 내가 지켜주리라는 것을 알아주오[/record]
내가 느끼는 이 열정이 불쾌해서는 안 되네[/record]
오블리비언으로, 내 영혼이 내려가네[/record]
내 사랑, 그대가 나를 깔보는 것 같아 두렵네[/record]
기사가 악당을 체포하리라[/record]
사랑아, 이것을 이해할 수 있겠는가?[/record]
그대의 다정한 심장에, 나는 의지하리라[/record]
오만한 %cn 위로, 별들이 매달려 있네[/record]
내 가장 좋은 옷을 찢어버리리라[/end]"
916,"곪아 터진 백합은 잡초보다 더 고약한 냄새를 풍기네[/record]
그대의 손에서 먹이를 얻으면서도 나는 굶주리네[/record]
오 마라여, 그대의 잔인한 법을 나는 따라야 하네[/record]
사랑하는 이여, 내가 이끄는 길을 따라오오[/record]
욕망의 칼날로부터 내 영혼은 피를 흘리네[/record]
아름다운 마라여, 그대에게 자비를 구하오[/record]
좋은 음식과 맛있는 벌꿀주를 마시게[/record]
그대는 자신이 필요한 것을 얻게 될지도 모르네[/record]
비의 손의 달의 물이여, 서둘러 오라[/record]
가장 고귀한 종족이여, 가장 훌륭한 혈통이여[/record]
사랑은 나의 종교이지만, 슬픔은 나의 신조라네[/record]
탐욕이 아닌 사랑을 위해, 나를 그대의 것으로 받아주오[/record]
첫 씨앗의 달에는 비가 많이 내리네[/record]
황소처럼 강하고, 군마처럼 빠르게[/record]
그대의 자존심을 결코 오도하지 않겠다고 맹세하오[/record]
인간의 더러운 법이 진정한 사랑을 방해하네[/record]
그대의 아름다움과 우아함은 누구도 능가할 수 없네[/end]"
917,"마라의 이름으로, 내 사랑은 귀하다고 생각하네[/record]
하늘 높이 나는 강한 매처럼 날아오르며[/record]
진실처럼, 나는 그대의 알몸을 보고 싶네[/record]
그대의 입술과 아름다운 목에 키스하네[/record]
사랑은 우리를 무모하게 만들고, 아무것도 신경 쓰지 않게 하네[/record]
나는 그런 대담한 열정을 감히 품네[/record]
그리고 내 사랑, 그대는 어떻게 지내는가?[/record]
한해중의 달의 햇살이 그대의 머리카락을 비추네[/record]
그는 그녀의 종마였고, 그녀는 그의 암말이었네[/record]
그들은 함께 광장으로 걸어가네[/record]
그대보다 더 예쁜 커플은 본 적이 없네![/record]
오 여신 마라여, 나의 기도를 들어주소서![/record]
햇살에 젖어, 햇살을 입고[/record]
연인들은 달빛과 별들에 맹세하네[/record]
그대에 대한 내 사랑을 슬프게 고백하네[/record]
봄의 새벽과는 비교하고 싶지 않네[/record]
내 삶은 고통 속에 있고, 나는 절망으로 가득 차 있네[/record]
그 우울했던 사건을 기억하네[/record]
내 사랑하는 이여, 구매자는 조심하게[/end]"
918,"그대의 하얀 손을 내게 뻗어주오[/record]
질투가 걷는 곳에, 슬픔이 머무네[/record]
나는 로켓을 쥐고 있고, 그대는 열쇠를 가졌네[/record]
그대의 아름다운 머리카락에서, 벼룩 한 마리를 보았네[/record]
사랑을 보거든, 도망치지 마오[/record]
나의 여신, 오 마라여, 나는 간청하네[/record]
진정으로 자유롭다는 것은 무엇을 의미하는가?[/record]
우리에게 한 명을 더해, 사랑아, 셋을 만들자[/record]
새들이 나무 위에서 사랑 노래를 지저귀네[/record]
하지만 그대, 내 사랑은 바다 건너 멀리 있네[/record]
그대는 자신을 주고 나는 나 자신을 그대에게 주네[/record]
마라의 법령에 그렇게 명시되어 있네[/record]
바보가 사랑을 보장할 수는 없지[/record]
내 눈에 보이는 이 광경은 무엇인가![/record]
그대는 성난 바다 속에서 익사했네[/record]
나는 그대의 영혼을 내 안으로 가져왔네[/end]"
919,"그대의 길에 뿌릴 꽃을 가져왔네[/record]
밤처럼 검은 머리카락, 낮처럼 밝은 눈동자[/record]
노니, 노니, 노니, 노니, 헤이![/record]
꽃이 핀 가지 위에, 내 몸을 뉘었네[/record]
아이들처럼, 우리는 황금 들판에서 뛰노네[/record]
우리 바보들이 사랑을 위해 치르는 대가는 무엇인가![/record]
폭풍 전의 구름처럼, 나는 회색으로 변해가네[/record]
내 사랑, 내 곁에 머물러 주오![/record]
내 사랑은 강한 가지처럼 결코 흔들리지 않으리[/record]
그대가 꽃다발을 만들기 위해 꺾는 꽃들[/record]
무용수들이 슬픈 발레를 시작하네[/record]
이제 우리가 할 수 있을 때 즐기자[/record]
내 사랑, 그대는 너무나 멀리 있네[/record]
매일 낭비되는 수천 시간[/record]
그대는 단순히 나를 버릴 것인가?[/end]"
920,"달콤한 날, 너무나 시원하고, 고요하고 밝은 날[/record]
질투의 손길로부터 자신을 보호하오[/record]
평화를, 내 사랑, 나는 싸움에 지쳤네[/record]
우리의 사랑을 빛 속으로 들어 올리자[/record]
풍요와 마름의 수확이 오네[/record]
나의 슬픈 처지를 가엾게 여기지 마오![/record]
우리는 온 힘을 다해 투쟁하네[/record]
그녀는 그의 숙녀였고 그는 그녀의 기사였네[/record]
그대는 밤처럼 아름답게 걷는구려[/record]
그대는 질투심으로 나를 고통스럽게 하네[/record]
내 눈이 본 것을 저주하네[/record]
들판에서 아주 하얀 말을 보았네[/record]
이리 와, 내 사랑, 황혼에 오오[/record]
그대여, 나는 그대를 기뻐하네[/record]
나는 빛 없는 방에 있네[/record]
그대를 꽉 안을 수만 있다면 무엇이든 하겠네[/record]
오늘 밤 그대를 집에 데려가고 싶네[/record]
오늘 밤, 내 품에 안겨주오[/end]"
921,"무식한 시골뜨기가 노래하기를[/record]
그대의 사랑은 달콤하고도 달콤한 독과 같으니[/record]
이것이 사랑이라면, 나는 꾸며낼 수 없네[/record]
나를 죽일 칼을 가져다주오[/record]
어찌 사랑은 이토록 큰 고통을 가져오는가?[/record]
내 마음속에는 폭군이 군림하네[/record]
그대는 나를 빗속에 홀로 남겨두었지[/record]
내 사랑이여, 어찌 그대는 그리 허영심이 많은가?[/record]
변덕스러운 달은 차고 기우는데[/record]
내 마음은 다시 두 조각으로 부서졌네[/record]
오컬트, 데이드릭, 비전의 힘이여[/record]
말로써, 나는 그대를 옭아매노라[/record]
그대는 진정한 경멸로 나를 바라보네[/record]
어찌 내가 기도하여 희망을 되찾을 수 있겠는가?[/record]
아마도, 내 사랑이여, 내가 설명해야겠지[/record]
연인들은 어찌 사랑을 멀리하는가?[/record]
그대는 허리케인처럼 내게 다가왔지[/record]
나는 그대의 속임수를 꿰뚫어 볼 수 있네[/record]
나는 무의미한 생각들로 괴로워하네[/record]
나는 그저 내가 즐겁게 해줄 수 있기를 바랄 뿐[/record]
연인들과 광인들이 제정신이었던 적이 있었던가?[/end]"
1000,"%mat %arm[/center]
방어 등급에 %mod[/center]
상태: %qua[/center]
무게: %kg 킬로그램[/center]
[/end]"
1001,"%mat %wep[/center]
%wdm 피해 점수[/center]
상태: %qua[/center]
무게: %kg 킬로그램[/center]
[/end]"
1002,"%mit[/center]
상태: %qua[/center]
가치: %wth 골드[/center]
무게: %kg 킬로그램[/center]
[/end]"
1003,"%it[/center]
상태: %qua[/center]
가치: %wth 골드[/center]
무게: %kg 킬로그램[/center]
[/end]"
1004,"%it[/center]
소지품: %hs[/center]
상태: %qua[/center]
가치: %wth 골드[/center]
무게: %kg 킬로그램[/center]
[/end]"
1005,"%mat %wep[/center]
%wdm 피해 점수[/center]
상태: %qua[/center]
무게: %kg 킬로그램[/center]
%wpn 에 중독됨[/end]"
1006,"%it[/center]
상태: %qua[/center]
가치: %wth 골드[/center]
무게: %kg 킬로그램[/center]
포함: %wpn[/end]"
1007,"%it[/center]
가치: %wth 골드[/center]
무게: %kg 킬로그램[/center]
[/end]"
1008,"%po[/center]
가치: %wth 골드[/center]
무게: %kg 킬로그램[/center]
[/end]"
1009,"%bt (%ba 제작)[/center]
가치: %wth 골드[/center]
무게: %kg 킬로그램[/center]
[/end]"
1010,"건강 상태가 좋지 않아 장거리 여행을[/center]
견디지 못할 수도 있습니다. 계속해서 빠른[/center]
여행을 진행하시겠습니까?[/center]
[/center]
[/end]"
1011,"%wep[/center]
무게: %kg 킬로그램[/center]
[/end]"
1012,"%wep[/center]
%wdm 피해 점수[/center]
상태: %qua[/center]
무게: %kg 킬로그램[/center]
[/end]"
1013,"%wep[/center]
상태: %qua[/center]
무게: %kg 킬로그램[/center]
[/end]"
1014,"%arm[/center]
방어 등급에 %mod[/center]
상태: %qua[/center]
무게: %kg 킬로그램[/center]
[/end]"
1015,"오그마 인피니움[/center]
가치: 50000 골드[/center]
무게: %kg 킬로그램[/center]
[/end]"
1016,"아이템 능력:[/left]
%mpw[/center]
[/end]"
1068,"당신의 직업은 이 아이템을[/center]
장착할 수 없습니다.[/center]
[/end]"
1069,"정말로 게임을 종료하시겠습니까?[/center]
[/end]"
1071,"완전히 탈진하여 바닥에 쓰러졌습니다.[/center]
한 시간 후에 깨어납니다.[/center]
[/end]"
1072,"완전히 탈진하여 바닥에 쓰러졌습니다.[/center]
그 상태로는 배회하는 괴물들의 쉬운 먹잇감이 되어[/center]
다시는 깨어나지 못합니다.[/center]
[/end]"
1073,"지역, %hrg 마을에 있는[/center]
당신의 집 문서입니다.%htwn[/center]
[/center]
[/end]"
1200,"마비[/center]
지속시간: %bdr + %cld 레벨당 %adr[/center]
성공 확률: %bch + %clc 레벨당 %ach[/center]
위력: %1bm - %2bm + %1am - %2am[/center]
%clm 레벨당[/center]
""대상을 마비시킵니다. 기본 성공 확률은 %bch 수준이며, 시전자의 능력이 %clc 레벨[/center]
오를 때마다 %ach 씩 증가합니다. 성공하면 대상은 %bdr 라운드 동안 마비되며,[/center]
시전자의 레벨이 %cld 오를 때마다 %adr 라운드가 추가됩니다.[/center]
치료받지 않는 한 지속됩니다.""[/center]
[/center]
[/center]
[/end]"
1201,"마비[/center]
지속시간: %bdr + %cld 레벨당 %adr[/center]
성공 확률: %bch + %clc 레벨당 %ach[/center]
위력: %1bm - %2bm + %1am - %2am[/center]
%clm 레벨당[/center]
""대상을 마비시킵니다. 기본 성공 확률은 %bch 수준이며, 시전자의 능력이 %clc 레벨[/center]
오를 때마다 %ach 씩 증가합니다. 성공하면 대상은 %bdr 라운드 동안 마비되며,[/center]
시전자의 레벨이 %cld 오를 때마다 %adr 라운드가 추가됩니다.[/center]
치료받지 않는 한 지속됩니다.""[/center]
[/center]
[/center]
[/end]"
1202,"마비[/center]
지속 시간: %bdr + %adr (레벨 %cld 당)[/center]
확률: %bch + %ach (레벨 %clc 당)[/center]
강도: %1bm - %2bm + %1am - %2am[/center]
(레벨 %clm 당)[/center]
""대상을 마비시킵니다. 기본 성공 확률은 %bch 수준이며, 시전자의 능력 레벨 %clc 당[/center]
%ach 수치가 추가됩니다. 성공 시, 대상이 치료되지 않는 한 %bdr 라운드 동안[/center]
마비되며, 시전자의 레벨 %cld 당 %adr 라운드가 추가됩니다. ""[/center]
[/center]
[/center]
[/center]
[/end]"
1203,"지속 피해 -- 체력[/center]
지속 시간: %bdr + %adr (레벨 %cld 당)[/center]
확률: %bch + %ach (레벨 %clc 당)[/center]
위력: %1bm - %2bm + %1am - %2am[/center]
(레벨 %clm 당)[/center]
""대상의 체력에 피해를 입힙니다. 대상은 매 라운드마다 %1bm 에서 %2bm 만큼의 체력을 잃으며,[/center]
시전자의 레벨 %clm 당 %1am 에서 %2am 만큼의 체력을 추가로 잃습니다. ""[/center]
[/center]
[/center]
[/end]"
1204,"지속 피해 -- 체력[/center]
지속 시간: %bdr + %adr (레벨 %cld 당)[/center]
확률: %bch + %ach (레벨 %clc 당)[/center]
강도: %1bm - %2bm + %1am - %2am[/center]
(레벨 %clm 당)[/center]
""대상의 체력에 피해를 줍니다. 대상은 매 라운드마다 %1bm 에서 %2bm 만큼의 체력을 잃으며,[/center]
시전자의 레벨 %clm 당 %1am 에서 %2am 만큼의 체력을 추가로 잃습니다. ""[/center]
[/center]
[/center]
[/end]"
1205,"지속 피해 -- 피로도[/center]
지속 시간: %bdr + %adr (레벨 %cld 당)[/center]
확률: %bch + %ach (레벨 %clc 당)[/center]
강도: %1bm - %2bm + %1am - %2am[/center]
(레벨 %clm 당)[/center]
""대상의 피로도에 피해를 입힙니다. 대상은 매 라운드마다 %1bm 에서 %2bm 만큼의 피로도를 잃으며,[/center]
시전자의 레벨 %clm 당 %1am 에서 %2am 만큼의 피로도를 추가로 잃습니다.""[/center]
[/center]
[/center]
[/end]"
1206,"지속 피해 -- 주문 점수[/center]
지속 시간: %bdr + %adr (레벨 %cld 당)[/center]
확률: %bch + %ach (레벨 %clc 당)[/center]
효과 범위: %1bm - %2bm + %1am - %2am[/center]
(레벨 %clm 당)[/center]
""대상의 주문 점수에 피해를 입힙니다. 대상은 매 라운드마다 %1bm 에서 %2bm 의 주문 점수를 잃으며,[/center]
시전자의 레벨 %clm 당 %1am 에서 %2am 의 점수를 추가로 잃습니다.""[/center]
[/center]
[/center]
[/end]"
1207,"물품 생성[/center]
지속 시간: %bdr + %adr (레벨 %cld 당)[/center]
확률: %bch + %ach (레벨 %clc 당)[/center]
효과량: 해당 없음 + 해당 없음 (레벨 해당 없음당)[/center]
""시전자가 선택한 유용한 물품 하나를 생성합니다. 물품은 %bdr 라운드 동안 유지되며,[/center]
시전자 레벨 %cld 당 %adr 라운드가 추가됩니다. ""[/center]
[/center]
[/end]"
1209,"질병 치료[/center]
지속 시간: 해당 없음 + 해당 없음 (레벨 1당)[/center]
확률: %bch + %ach (레벨 %clc 당)[/center]
효과량: 해당 없음 + 해당 없음 (레벨 해당 없음당)[/center]
""대상의 질병을 치료합니다. 기본 성공 확률은 %bch 수준이며,[/center]
시전자 레벨 %clc 당 %ach 만큼 추가됩니다.""[/center]
[/center]
[/end]"
1210,"독 치료[/center]
지속 시간: 해당 없음 + 해당 없음 (레벨 1당)[/center]
확률: %bch + %ach (레벨 %clc 당)[/center]
효과량: 해당 없음 + 해당 없음 (레벨 해당 없음당)[/center]
""대상의 독을 치료합니다. 기본 성공 확률은 %bch 수준이며,[/center]
시전자 레벨 %clc 당 %ach 만큼 추가됩니다.""[/center]
[/center]
[/end]"
1211,"마비 치료[/center]
지속 시간: 해당 없음 + 해당 없음 (레벨 1당)[/center]
확률: %bch + %ach (레벨 %clc 당)[/center]
효과량: 해당 없음 + 해당 없음 (레벨 해당 없음당)[/center]
""대상의 마비를 치료합니다. 기본 성공 확률은 %bch 수준이며,[/center]
시전자 레벨 %clc 당 %ach 가 추가됩니다.""[/center]
[/center]
[/end]"
1212,"피해 -- 체력[/center]
지속 시간: %bdr + %adr (레벨 %cld 당)[/center]
확률: %bch + %ach (레벨 %clc 당)[/center]
효과 범위: %1bm - %2bm + %1am - %2am[/center]
(레벨 %clm 당)[/center]
""대상의 체력에 피해를 입힙니다. 대상은 매 라운드마다 %1bm 에서 %2bm 의 체력을 잃으며,[/center]
시전자의 레벨 %clm 당 %1am 에서 %2am 의 체력을 추가로 잃습니다.""[/center]
[/center]
[/center]
[/end]"
1213,"피해 -- 피로도[/center]
지속 시간: %bdr + %adr (레벨 %cld 당)[/center]
확률: %bch + %ach (레벨 %clc 당)[/center]
위력: %1bm - %2bm + %1am - %2am[/center]
(레벨 %clm 당)[/center]
""대상의 피로도에 피해를 줍니다. 대상은 매 라운드마다 %1bm 에서 %2bm 의 피로도를 잃으며,[/center]
시전자의 레벨 %clm 당 %1am 에서 %2am 의 피로도를 추가로 잃습니다.""[/center]
[/center]
[/end]"
1214,"주문 점수 피해[/center]
지속 시간: %bdr + %adr (레벨 %cld 당)[/center]
확률: %bch + %ach (레벨 %clc 당)[/center]
효과량: %1bm - %2bm + %1am - %2am[/center]
(레벨 %clm 당)[/center]
""대상의 주문 점수에 피해를 줍니다. 대상은 매 라운드마다 %1bm 에서 %2bm 의 주문 점수를 잃으며,[/center]
시전자의 레벨 %clm 당 %1am 에서 %2am 만큼 추가로 잃습니다. ""[/center]
[/center]
[/center]
[/end]"
1215,"분해[/center]
지속 시간: 해당 없음 + 해당 없음 (1레벨당)[/center]
확률: %bch + %ach (레벨 %clc 당)[/center]
효과량: 해당 없음 + 해당 없음 (해당 없음 레벨당)[/center]
""대상을 분해합니다. 기본 성공 확률은 %bch 수준이며,[/center]
시전자의 레벨 %clc 당 %ach 만큼 증가합니다. ""[/center]
[/center]
[/end]"
1216,"마법 해제[/center]
지속 시간: 해당 없음 + 해당 없음 (해당 없음 레벨당)[/center]
확률: %bch + %ach (레벨 %clc 당)[/center]
효과량: 해당 없음 + 해당 없음 (해당 없음 레벨당)[/center]
""마법을 해제합니다. 기본 성공 확률은 %bch 수준이며,[/center]
시전자의 레벨 %clc 당 %ach 만큼 증가합니다.""[/center]
[/center]
[/end]"
1217,"언데드 해제[/center]
지속 시간: 해당 없음 + 해당 없음 (해당 없음 레벨당)[/center]
확률: %bch + %ach (레벨 %clc 당)[/center]
효과량: 해당 없음 + 해당 없음 (해당 없음 레벨당)[/center]
""언데드를 해제합니다. 기본 성공 확률은 %bch 수준이며,[/center]
시전자의 레벨 %clc 당 %ach 만큼 증가합니다.""[/center]
[/center]
[/end]"
1218,"데이드라 해제[/center]
지속 시간: 해당 없음 + 해당 없음 (해당 없음 레벨당)[/center]
확률: %bch + %ach (레벨 %clc 당)[/center]
효과량: 해당 없음 + 해당 없음 (해당 없음 레벨당)[/center]
""데이드라를 해제합니다. 기본 성공 확률은 %bch 수준이며,[/center]
시전자의 레벨 %clc 당 %ach 만큼 증가합니다.""[/center]
[/center]
[/end]"
1219,"힘 흡수[/center]
지속 시간: %bdr + %adr (레벨 %cld 당)[/center]
확률: %bch + %ach (레벨 %clc 당)[/center]
효과량: %1bm - %2bm + %1am - %2am[/center]
(레벨 %clm 당)[/center]
""대상의 힘을 흡수합니다. 대상은 매 라운드마다 %1bm 에서 %2bm 의 힘을 잃으며,[/center]
시전자의 레벨 %clm 당 %1am 에서 %2am 만큼 추가로 잃습니다. ""[/center]
[/center]
[/center]
[/end]"
1220,"지능 흡수[/center]
지속 시간: %bdr + %adr (레벨 %cld 당)[/center]
확률: %bch + %ach (레벨 %clc 당)[/center]
효과량: %1bm - %2bm + %1am - %2am[/center]
(레벨 %clm 당)[/center]
""대상의 지능을 흡수합니다. 대상은 매 라운드마다 %1bm 에서 %2bm 의 지능을 잃으며,[/center]
시전자의 레벨 %clm 당 %1am 에서 %2am 만큼 추가로 잃습니다. ""[/center]
[/center]
[/center]
[/end]"
1221,"의지력 흡수[/center]
지속 시간: %bdr + %adr (레벨 %cld 당)[/center]
확률: %bch + %ach (레벨 %clc 당)[/center]
효과량: %1bm - %2bm + %1am - %2am[/center]
(레벨 %clm 당)[/center]
""대상의 의지력을 흡수합니다. 대상은 매 라운드마다 %1bm 에서 %2bm 의 의지력을 잃으며,[/center]
시전자의 레벨 %clm 당 %1am 에서 %2am 만큼 추가로 잃습니다. ""[/center]
[/center]
[/center]
[/end]"
1222,"민첩성 흡수[/center]
지속 시간: %bdr + %adr (레벨 %cld 당)[/center]
확률: %bch + %ach (레벨 %clc 당)[/center]
효과량: %1bm - %2bm + %1am - %2am[/center]
(레벨 %clm 당)[/center]
""대상의 민첩성을 흡수합니다. 대상은 매 라운드마다 %1bm 에서 %2bm 의 민첩성을 잃으며,[/center]
시전자의 레벨 %clm 당 %1am 에서 %2am 만큼 추가로 잃습니다. ""[/center]
[/center]
[/center]
[/end]"
1223,"지구력 흡수[/center]
지속 시간: %bdr + %adr (레벨 %cld 당)[/center]
확률: %bch + %ach (레벨 %clc 당)[/center]
효과량: %1bm - %2bm + %1am - %2am[/center]
(레벨 %clm 당)[/center]
""대상의 지구력을 흡수합니다. 대상은 매 라운드마다 %1bm 에서 %2bm 의 지구력을 잃으며,[/center]
시전자의 레벨 %clm 당 %1am 에서 %2am 만큼 추가로 잃습니다. ""[/center]
[/center]
[/center]
[/end]"
1224,"속도 흡수[/center]
지속 시간: %bdr + %adr (레벨 %cld 당)[/center]
확률: %bch + %ach (레벨 %clc 당)[/center]
효과량: %1bm - %2bm + %1am - %2am[/center]
(레벨 %clm 당)[/center]
""대상의 속도를 흡수합니다. 대상은 매 라운드마다 %1bm 에서 %2bm 의 속도를 잃으며,[/center]
시전자의 레벨 %clm 당 %1am 에서 %2am 만큼 추가로 잃습니다. ""[/center]
[/center]
[/center]
[/end]"
1225,"매력 흡수[/center]
지속 시간: %bdr + %adr (레벨 %cld 당)[/center]
확률: %bch + %ach (레벨 %clc 당)[/center]
효과량: %1bm - %2bm + %1am - %2am[/center]
(레벨 %clm 당)[/center]
""대상의 매력을 흡수합니다. 대상은 매 라운드마다 %1bm 에서 %2bm 의 매력을 잃으며,[/center]
시전자의 레벨 %clm 당 %1am 에서 %2am 만큼 추가로 잃습니다. ""[/center]
[/center]
[/center]
[/end]"
1226,"행운 흡수[/center]
지속 시간: %bdr + %adr (레벨 %cld 당)[/center]
확률: %bch + %ach (레벨 %clc 당)[/center]
효과량: %1bm - %2bm + %1am - %2am[/center]
(레벨 %clm 당)[/center]
""대상의 행운을 흡수합니다. 대상은 매 라운드마다 %1bm 에서 %2bm 의 행운을 잃으며,[/center]
시전자의 레벨 %clm 당 %1am 에서 %2am 만큼 추가로 잃습니다. ""[/center]
[/center]
[/center]
[/end]"
1227,"원소 저항 -- 화염[/center]
지속 시간: %bdr + %adr (레벨당 %cld)[/center]
확률: %bch + %ach (레벨당 %clc)[/center]
강도: 해당 없음 + 해당 없음 (레벨당 해당 없음)[/center]
""대상에게 화염 저항력을 부여합니다.[/center]
주문은 %bdr 라운드 동안 지속되며, 시전자의 레벨당%adr 라운드가 추가됩니다.[/center]
기본 성공 확률은%cld 이며, 시전자의 레벨당 %bch 만큼 증가합니다.%ach[/center]
주문이 실패하면 대상은 절반의 피해를 입습니다.""%clc[/center]
[/center]
[/end]"
1228,"원소 저항 -- 서리[/center]
지속 시간: %bdr + %adr (레벨당 %cld)[/center]
확률: %bch + %ach (레벨당 %clc)[/center]
강도: 해당 없음 + 해당 없음 (레벨당 해당 없음)[/center]
""대상에게 냉기 저항력을 부여합니다.[/center]
주문은 %bdr 라운드 동안 지속되며, 시전자의 레벨당%adr 라운드가 추가됩니다.[/center]
기본 성공 확률은%cld 이며, 시전자의 레벨당 %bch 만큼 증가합니다.%ach[/center]
주문이 실패하면 대상은 절반의 피해를 입습니다.""%clc[/center]
[/center]
[/end]"
1229,"원소 저항 -- 독[/center]
지속 시간: %bdr + %adr (레벨당 %cld)[/center]
확률: %bch + %ach (레벨당 %clc)[/center]
강도: 해당 없음 + 해당 없음 (레벨당 해당 없음)[/center]
""대상에게 독 저항력을 부여합니다.[/center]
주문은 %bdr 라운드 동안 지속되며, 시전자의 레벨당%adr 라운드가 추가됩니다.[/center]
기본 성공 확률은%cld 이며, 시전자의 레벨당 %bch 만큼 증가합니다.%ach[/center]
주문이 실패하면 대상은 절반의 피해를 입습니다.""%clc[/center]
[/center]
[/end]"
1230,"원소 저항 -- 전격[/center]
지속 시간: %bdr + %adr (레벨당 %cld)[/center]
확률: %bch + %ach (레벨당 %clc)[/center]
강도: 해당 없음 + 해당 없음 (레벨당 해당 없음)[/center]
""대상에게 전격 저항력을 부여합니다.[/center]
주문은 %bdr 라운드 동안 지속되며, 시전자의 레벨당%adr 라운드가 추가됩니다.[/center]
기본 성공 확률은%cld 이며, 시전자의 레벨당 %bch 만큼 증가합니다.%ach[/center]
주문이 실패하면 대상은 절반의 피해를 입습니다.""%clc[/center]
[/center]
[/end]"
1231,"원소 저항 -- 마법[/center]
지속 시간: %bdr + %adr (레벨당 %cld)[/center]
확률: %bch + %ach (레벨당 %clc)[/center]
강도: 해당 없음 + 해당 없음 (레벨당 해당 없음)[/center]
""대상에게 마법 저항력을 부여합니다.[/center]
주문은 %bdr 라운드 동안 지속되며, 시전자의 레벨당%adr 라운드가 추가됩니다.[/center]
기본 성공 확률은%cld 이며, 시전자의 레벨당 %bch 만큼 증가합니다.%ach[/center]
주문이 실패하면 대상은 절반의 피해를 입습니다.""%clc[/center]
[/center]
[/end]"
1232,"힘 강화[/center]
지속 시간: %bdr + %adr (레벨당 %cld)[/center]
확률: %bch + %ach (레벨당 %clc)[/center]
강도: %1bm - %2bm + %1am - %2am[/center]
(레벨당 %clm)[/center]
""대상의 힘을 증가시킵니다. 대상은 %1bm 에서 %2bm 만큼의 힘을 얻으며,[/center]
시전자의 레벨당 %1am 에서 %2am 만큼 추가됩니다.%clm 증가 효과는 라운드 동안 지속되며,[/center]
시전자의 레벨당%bdr %adr 라운드가 추가됩니다."" %cld[/center]
[/center]
[/center]
[/end]"
1233,"지능 강화[/center]
지속 시간: %bdr + %adr (레벨당 %cld)[/center]
확률: %bch + %ach (레벨당 %clc)[/center]
강도: %1bm - %2bm + %1am - %2am[/center]
(레벨당 %clm)[/center]
""대상의 지능을 증가시킵니다. 대상은 %1bm 에서 %2bm 만큼의 지능을 얻으며,[/center]
시전자의 레벨당 %1am 에서 %2am 만큼 추가됩니다.%clm 증가 효과는 라운드 동안 지속되며,[/center]
시전자의 레벨당%bdr %adr 라운드가 추가됩니다."" %cld[/center]
[/center]
[/center]
[/end]"
1234,"의지력 강화[/center]
지속 시간: %bdr + %adr (레벨당 %cld)[/center]
확률: %bch + %ach (레벨당 %clc)[/center]
강도: %1bm - %2bm + %1am - %2am[/center]
(레벨당 %clm)[/center]
""대상의 의지력을 증가시킵니다. 대상은 %1bm 에서 %2bm 만큼의 의지력을 얻으며,[/center]
시전자의 레벨당 %1am 에서 %2am 만큼 추가됩니다.%clm 증가 효과는 라운드 동안 지속되며,[/center]
시전자의 레벨당%bdr %adr 라운드가 추가됩니다."" %cld[/center]
[/center]
[/center]
[/end]"
1235,"민첩성 강화[/center]
지속 시간: %bdr + %adr (레벨당 %cld)[/center]
확률: %bch + %ach (레벨당 %clc)[/center]
강도: %1bm - %2bm + %1am - %2am[/center]
(레벨당 %clm)[/center]
""대상의 민첩성을 증가시킵니다. 대상은 %1bm 에서 %2bm 만큼의 민첩성을 얻으며,[/center]
시전자의 레벨당 %1am 에서 %2am 만큼 추가됩니다.%clm 증가 효과는 라운드 동안 지속되며,[/center]
시전자의 레벨당%bdr %adr 라운드가 추가됩니다."" %cld[/center]
[/center]
[/center]
[/end]"
1236,"지구력 강화[/center]
지속 시간: %bdr + %adr (레벨당 %cld)[/center]
확률: %bch + %ach (레벨당 %clc)[/center]
강도: %1bm - %2bm + %1am - %2am[/center]
(레벨당 %clm)[/center]
""대상의 지구력을 증가시킵니다. 대상은 %1bm 에서 %2bm 만큼의 지구력을 얻으며,[/center]
시전자의 레벨당 %1am 에서 %2am 만큼 추가됩니다.%clm 증가 효과는 라운드 동안 지속되며,[/center]
시전자의 레벨당%bdr %adr 라운드가 추가됩니다."" %cld[/center]
[/center]
[/center]
[/end]"
1237,"매력 강화[/center]
지속 시간: %bdr + %adr (레벨당 %cld)[/center]
확률: %bch + %ach (레벨당 %clc)[/center]
강도: %1bm - %2bm + %1am - %2am[/center]
(레벨당 %clm)[/center]
""대상의 매력을 증가시킵니다. 대상은 %1bm 에서 %2bm 만큼의 매력을 얻으며,[/center]
시전자의 레벨당 %1am 에서 %2am 만큼 추가됩니다.%clm 증가 효과는 라운드 동안 지속되며,[/center]
시전자의 레벨당%bdr %adr 라운드가 추가됩니다."" %cld[/center]
[/center]
[/center]
[/end]"
1238,"속도 강화[/center]
지속 시간: %bdr + %adr (레벨당 %cld)[/center]
확률: %bch + %ach (레벨당 %clc)[/center]
강도: %1bm - %2bm + %1am - %2am[/center]
(레벨당 %clm)[/center]
""대상의 속도를 증가시킵니다. 대상은 %1bm 에서 %2bm 만큼의 속도를 얻으며,[/center]
시전자의 레벨당 %1am 에서 %2am 만큼 추가됩니다.%clm 증가 효과는 라운드 동안 지속되며,[/center]
시전자의 레벨당%bdr %adr 라운드가 추가됩니다."" %cld[/center]
[/center]
[/center]
[/end]"
1239,"행운 강화[/center]
지속 시간: %bdr + %adr (레벨당 %cld)[/center]
확률: %bch + %ach (레벨당 %clc)[/center]
강도: %1bm - %2bm + %1am - %2am[/center]
(레벨당 %clm)[/center]
""대상의 행운을 증가시킵니다. 대상은 %1bm 에서 %2bm 만큼의 행운을 얻으며,[/center]
시전자의 레벨당 %1am 에서 %2am 만큼 추가됩니다.%clm 증가 효과는 라운드 동안 지속되며,[/center]
시전자의 레벨당%bdr %adr 라운드가 추가됩니다."" %cld[/center]
[/center]
[/center]
[/end]"
1240,"힘 치유[/center]
지속 시간: %bdr + %adr (레벨당 %cld)[/center]
확률: %bch + %ach (레벨당 %clc)[/center]
강도: %1bm - %2bm + %1am - %2am[/center]
(레벨당 %clm)[/center]
""대상의 힘을 치유합니다. 대상은 %1bm 에서 %2bm 만큼의 힘을 치유받으며, 시전자의 레벨당 %1am 에서[/center]
%2am 만큼 추가됩니다.%clm 대상의 힘이 정상 수준으로 돌아올 때까지 치유가 계속됩니다.""[/center]
[/center]
[/center]
[/center]
[/end]"
1241,"지능 치유[/center]
지속 시간: %bdr + %adr (레벨당 %cld)[/center]
확률: %bch + %ach (레벨당 %clc)[/center]
강도: %1bm - %2bm + %1am - %2am[/center]
(레벨당 %clm)[/center]
""대상의 지능을 치유합니다. 대상은 %1bm 에서 %2bm 만큼의 지능을 치유받으며,[/center]
시전자의 레벨당 %1am 에서 %2am 만큼 추가됩니다.%clm 대상의 지능이 정상[/center]
수준으로 돌아올 때까지 치유가 계속됩니다.""[/center]
[/center]
[/center]
[/end]"
1242,"의지력 치유[/center]
지속 시간: %bdr + %adr (레벨당 %cld)[/center]
확률: %bch + %ach (레벨당 %clc)[/center]
강도: %1bm - %2bm + %1am - %2am[/center]
(레벨당 %clm)[/center]
""대상의 의지력을 치유합니다.[/center]
대상은 %1bm 에서 %2bm 만큼의 의지력을 치유받으며, 시전자의 레벨당 %1am 에서 %2am 만큼[/center]
추가됩니다.%clm 대상의 의지력이 정상 수준으로 돌아올 때까지 치유가 계속됩니다.""[/center]
[/center]
[/center]
[/end]"
1243,"민첩성 치유[/center]
지속 시간: %bdr + %adr / %cld 레벨당[/center]
확률: %bch + %ach / %clc 레벨당[/center]
효과량: %1bm - %2bm + %1am - %2am[/center]
/ %clm 레벨당[/center]
""대상의 민첩성을 치유합니다.[/center]
대상은 민첩성을 %1bm 에서 %2bm 만큼 치유받으며, 시전자의 %clm 레벨마다 %1am 에서[/center]
%2am 만큼 추가로 치유받아 대상의 민첩성이 정상 수준에 도달할 때까지 지속됩니다.""[/center]
[/center]
[/center]
[/end]"
1244,"지구력 치유[/center]
지속 시간: %bdr + %adr / %cld 레벨당[/center]
확률: %bch + %ach / %clc 레벨당[/center]
효과량: %1bm - %2bm + %1am - %2am[/center]
/ %clm 레벨당[/center]
""대상의 지구력을 치유합니다.[/center]
대상은 지구력을 %1bm 에서 %2bm 만큼 치유받으며, 시전자의 %clm 레벨마다 %1am 에서[/center]
%2am 만큼 추가로 치유받아 대상의 지구력이 정상 수준에 도달할 때까지 지속됩니다.""[/center]
[/center]
[/center]
[/end]"
1245,"매력 치유[/center]
지속 시간: %bdr + %adr / %cld 레벨당[/center]
확률: %bch + %ach / %clc 레벨당[/center]
효과량: %1bm - %2bm + %1am - %2am[/center]
/ %clm 레벨당[/center]
""대상의 매력을 치유합니다. 대상은 매력을 %1bm 에서 %2bm 만큼 치유받으며,[/center]
시전자의 %clm 레벨마다 %1am 에서 %2am 만큼 추가로 치유받아 대상의 매력이[/center]
정상 수준에 도달할 때까지 지속됩니다.""[/center]
[/center]
[/center]
[/end]"
1246,"속도 치유[/center]
지속 시간: %bdr + %adr / %cld 레벨당[/center]
확률: %bch + %ach / %clc 레벨당[/center]
효과량: %1bm - %2bm + %1am - %2am[/center]
/ %clm 레벨당[/center]
""대상의 속도를 치유합니다. 대상은 속도를 %1bm 에서 %2bm 만큼 치유받으며,[/center]
시전자의 %clm 레벨마다 %1am 에서 %2am 만큼 추가로 치유받아 대상의 속도가[/center]
정상 수준에 도달할 때까지 지속됩니다.""[/center]
[/center]
[/center]
[/end]"
1247,"행운 치유[/center]
지속 시간: %bdr + %adr / %cld 레벨당[/center]
확률: %bch + %ach / %clc 레벨당[/center]
효과량: %1bm - %2bm + %1am - %2am[/center]
/ %clm 레벨당[/center]
""대상의 행운을 치유합니다. 대상은 행운을 %1bm 에서 %2bm 만큼 치유받으며,[/center]
시전자의 %clm 레벨마다 %1am 에서 %2am 만큼 추가로 치유받아 대상의 행운이[/center]
정상 수준에 도달할 때까지 지속됩니다.""[/center]
[/center]
[/center]
[/end]"
1248,"체력 치유[/center]
지속 시간: %bdr + %adr / %cld 레벨당[/center]
확률: %bch + %ach / %clc 레벨당[/center]
효과량: %1bm - %2bm + %1am - %2am[/center]
/ %clm 레벨당[/center]
""대상의 체력을 치유합니다. 대상은 체력을 %1bm 에서 %2bm 만큼 치유받으며,[/center]
시전자의 %clm 레벨마다 %1am 에서 %2am 만큼 추가로 치유받아 대상의 체력이[/center]
정상 수준에 도달할 때까지 지속됩니다.""[/center]
[/center]
[/center]
[/end]"
1249,"피로도 치유[/center]
지속 시간: %bdr + %adr / %cld 레벨당[/center]
확률: %bch + %ach / %clc 레벨당[/center]
효과량: %1bm - %2bm + %1am - %2am[/center]
/ %clm 레벨당[/center]
""대상의 피로도를 치유합니다.[/center]
대상은 피로도를 %1bm 에서 %2bm 만큼 치유받으며, 시전자의 %clm 레벨마다 %1am 에서[/center]
%2am 만큼 추가로 치유받아 대상의 피로도가 정상 수준에 도달할 때까지 지속됩니다.""[/center]
[/center]
[/center]
[/end]"
1250,"힘 전이[/center]
지속 시간: %bdr + %adr / %cld 레벨당[/center]
확률: %bch + %ach / %clc 레벨당[/center]
효과량: %1bm - %2bm + %1am - %2am[/center]
/ %clm 레벨당[/center]
""대상의 힘을 시전자에게 전이합니다. 대상은 힘을 %1bm 에서 %2bm 만큼 전이하며,[/center]
시전자의 %clm 레벨마다 %1am 에서 %2am 만큼 추가로 전이합니다. ""[/center]
[/center]
[/center]
[/end]"
1251,"지능 전이[/center]
지속 시간: %bdr + %adr / %cld 레벨당[/center]
확률: %bch + %ach / %clc 레벨당[/center]
효과량: %1bm - %2bm + %1am - %2am[/center]
/ %clm 레벨당[/center]
""대상의 지능을 시전자에게 전이합니다. 대상은 지능을 %1bm 에서 %2bm 만큼 전이하며,[/center]
시전자의 %clm 레벨마다 %1am 에서 %2am 만큼 추가로 전이합니다. ""[/center]
[/center]
[/center]
[/end]"
1252,"의지력 전이[/center]
지속 시간: %bdr + %adr / %cld 레벨당[/center]
확률: %bch + %ach / %clc 레벨당[/center]
효과량: %1bm - %2bm + %1am - %2am[/center]
/ %clm 레벨당[/center]
""대상의 의지력을 시전자에게 전이합니다. 대상은 의지력을 %1bm 에서 %2bm 만큼 전이하며,[/center]
시전자의 %clm 레벨마다 %1am 에서 %2am 만큼 추가로 전이합니다. ""[/center]
[/center]
[/center]
[/end]"
1253,"민첩성 전이[/center]
지속 시간: %bdr + %adr / %cld 레벨당[/center]
확률: %bch + %ach / %clc 레벨당[/center]
효과량: %1bm - %2bm + %1am - %2am[/center]
/ %clm 레벨당[/center]
""대상의 민첩성을 시전자에게 전이합니다. 대상은 민첩성을 %1bm 에서 %2bm 만큼 전이하며,[/center]
시전자의 %clm 레벨마다 %1am 에서 %2am 만큼 추가로 전이합니다. ""[/center]
[/center]
[/center]
[/end]"
1254,"지구력 전이[/center]
지속 시간: %bdr + %adr / %cld 레벨당[/center]
확률: %bch + %ach / %clc 레벨당[/center]
효과량: %1bm - %2bm + %1am - %2am[/center]
/ %clm 레벨당[/center]
""대상의 지구력을 시전자에게 전이합니다. 대상은 지구력을 %1bm 에서 %2bm 만큼 전이하며,[/center]
시전자의 %clm 레벨마다 %1am 에서 %2am 만큼 추가로 전이합니다. ""[/center]
[/center]
[/center]
[/end]"
1255,"매력 전이[/center]
지속 시간: %bdr + %adr / %cld 레벨당[/center]
확률: %bch + %ach / %clc 레벨당[/center]
효과량: %1bm - %2bm + %1am - %2am[/center]
/ %clm 레벨당[/center]
""대상의 매력을 시전자에게 전이합니다. 대상은 매력을 %1bm 에서 %2bm 만큼 전이하며,[/center]
시전자의 %clm 레벨마다 %1am 에서 %2am 만큼 추가로 전이합니다. ""[/center]
[/center]
[/center]
[/end]"
1256,"속도 전이[/center]
지속 시간: %bdr + %adr / %cld 레벨당[/center]
확률: %bch + %ach / %clc 레벨당[/center]
효과량: %1bm - %2bm + %1am - %2am[/center]
/ %clm 레벨당[/center]
""대상의 속도를 시전자에게 전이합니다. 대상은 속도를 %1bm 에서 %2bm 만큼 전이하며,[/center]
시전자의 %clm 레벨마다 %1am 에서 %2am 만큼 추가로 전이합니다. ""[/center]
[/center]
[/center]
[/end]"
1257,"행운 전이[/center]
지속 시간: %bdr + %adr / %cld 레벨당[/center]
확률: %bch + %ach / %clc 레벨당[/center]
효과량: %1bm - %2bm + %1am - %2am[/center]
/ %clm 레벨당[/center]
""대상의 행운을 시전자에게 전이합니다. 대상은 행운을 %1bm 에서 %2bm 만큼 전이하며,[/center]
시전자의 %clm 레벨마다 %1am 에서 %2am 만큼 추가로 전이합니다. ""[/center]
[/center]
[/center]
[/end]"
1258,"체력 전이[/center]
지속 시간: %bdr + %adr / %cld 레벨당[/center]
확률: %bch + %ach / %clc 레벨당[/center]
효과량: %1bm - %2bm + %1am - %2am[/center]
/ %clm 레벨당[/center]
""대상의 체력을 시전자에게 전이합니다. 대상은 체력을 %1bm 에서 %2bm 만큼 전이하며,[/center]
시전자의 %clm 레벨마다 %1am 에서 %2am 만큼 추가로 전이합니다. ""[/center]
[/center]
[/center]
[/end]"
1259,"피로도 전이[/center]
지속 시간: %bdr + %adr (레벨 %cld 당)[/center]
확률: %bch + %ach (레벨 %clc 당)[/center]
효과량: %1bm - %2bm + %1am - %2am[/center]
(레벨 %clm 당)[/center]
""대상의 피로도를 시전자에게 전이합니다. 대상은 %1bm 에서 %2bm 만큼의 피로도를 전이하며,[/center]
시전자의 레벨 %clm 당 %1am 에서 %2am 만큼 추가됩니다.""[/center]
[/center]
[/center]
[/end]"
1260,"투명화 (일반)[/center]
지속 시간: %bdr + %adr (레벨 %cld 당)[/center]
확률: %bch + %ach (레벨 %clc 당)[/center]
효과량: %1bm - %2bm + %1am - %2am[/center]
(레벨 %clm 당)[/center]
""대상을 투명하게 만듭니다. 대상은 %bdr 라운드 동안 투명 상태를 유지하며, 시전자의 레벨[/center]
%cld 당 %adr 라운드가 추가됩니다. 대상이 공격을 가하면 투명화가 해제됩니다.""[/center]
[/center]
[/center]
[/end]"
1261,"투명화 (진실)[/center]
지속 시간: %bdr + %adr (레벨 %cld 당)[/center]
확률: %bch + %ach (레벨 %clc 당)[/center]
효과량: %1bm - %2bm + %1am - %2am[/center]
(레벨 %clm 당)[/center]
""대상을 투명하게 만듭니다. 대상은 %bdr 라운드 동안 투명 상태를 유지하며, 시전자의 레벨[/center]
%cld 당 %adr 라운드가 추가됩니다. 대상이 공격을 가해도 투명 상태는 유지됩니다.""[/center]
[/center]
[/end]"
1262,"부양[/center]
지속 시간: %bdr + %adr (레벨 %cld 당)[/center]
확률: %bch + %ach (레벨 %clc 당)[/center]
효과량: %1bm - %2bm + %1am - %2am[/center]
(레벨 %clm 당)[/center]
""대상이 지면 위를 떠다닐 수 있게 합니다. 대상은 %bdr 라운드 동안 부양하며,[/center]
시전자의 레벨 %cld 당%adr 라운드가 추가됩니다.""[/center]
[/center]
[/end]"
1263,"빛[/center]
지속 시간: %bdr + %adr (레벨 %cld 당)[/center]
확률: %bch + %ach (레벨 %clc 당)[/center]
효과량: %1bm - %2bm + %1am - %2am[/center]
(레벨 %clm 당)[/center]
""대상 주변에 밝은 빛을 생성합니다. 빛은 %bdr 라운드 동안 유지되며,[/center]
시전자의 레벨 %cld 당%adr 라운드가 추가됩니다.""[/center]
[/center]
[/end]"
1264,"잠금[/center]
지속 시간: %bdr + %adr (레벨 %cld 당)[/center]
확률: %bch + %ach (레벨 %clc 당)[/center]
효과량: 해당 없음 + 해당 없음 (레벨 해당 없음당)[/center]
""상자나 문을 시전자의 레벨과 동일한 잠금 수준으로 잠급니다. 주문은 %bdr 라운드 동안[/center]
지속되며, 시전자의 레벨 %cld 당 %adr 라운드가 추가됩니다. 기본 성공 확률은[/center]
%bch 수준이며, 시전자의 레벨 %clc 당 %ach 만큼 증가합니다.""[/center]
[/center]
[/end]"
1265,"열기[/center]
지속 시간: %bdr + %adr (레벨 %cld 당)[/center]
확률: %bch + %ach (레벨 %clc 당)[/center]
효과량: 해당 없음 + 해당 없음 (레벨 해당 없음당)[/center]
""시전자의 레벨과 같거나 낮은 잠금 수준의 상자나 문을 엽니다. 기본 성공 확률은[/center]
%bch 수준이며, 시전자의 레벨 %clc 당 %ach 만큼 증가합니다.""[/center]
[/center]
[/end]"
1266,"재생[/center]
지속 시간: %bdr + %adr (레벨 %cld 당)[/center]
확률: %bch + %ach (레벨 %clc 당)[/center]
효과량: %1bm - %2bm + %1am - %2am[/center]
(레벨 %clm 당)[/center]
""대상의 체력을 재생합니다. 대상은 %1bm 에서 %2bm 만큼의 체력을 회복하며, 시전자의 레벨[/center]
%clm 당 %1am 에서 %2am 만큼 추가됩니다. 회복은 %bdr 라운드 동안 지속되며,[/center]
시전자의 레벨 당 %adr 라운드가 추가됩니다."" %cld[/center]
[/center]
[/center]
[/end]"
1267,"침묵[/center]
지속 시간: %bdr + %adr (레벨 %cld 당)[/center]
확률: %bch + %ach (레벨 %clc 당)[/center]
효과량: %1bm - %2bm + %1am - %2am[/center]
(레벨 %clm 당)[/center]
""대상을 침묵시켜 주문 시전을 불가능하게 만듭니다. 기본 성공 확률은 %bch 수준이며,[/center]
시전자의 레벨 %clc 당 %ach 만큼 증가합니다. 침묵은 %bdr 라운드 동안[/center]
지속되며, 시전자의 레벨 %cld 당 %adr 라운드가 추가됩니다.""[/center]
[/center]
[/end]"
1268,"주문 흡수[/center]
지속 시간: %bdr + %adr (레벨 %cld 당)[/center]
확률: %bch + %ach (레벨 %clc 당)[/center]
효과량: %1bm - %2bm + %1am - %2am[/center]
(레벨 %clm 당)[/center]
""대상이 들어오는 주문을 흡수하여 자신의 마력 저장소에 추가할 수 있게 합니다.[/center]
기본 성공 확률은 %bch 수준이며, 시전자의 레벨 %clc 당[/center]
%ach 만큼 증가합니다. 흡수는 %bdr 라운드 동안 지속되며,[/center]
시전자의 레벨 %cld 당 %adr 라운드가 추가됩니다.""[/center]
[/center]
[/end]"
1269,"주문 반사[/center]
지속 시간: %bdr + %adr (레벨 %cld 당)[/center]
확률: %bch + %ach (레벨 %clc 당)[/center]
효과량: %1bm - %2bm + %1am - %2am[/center]
(레벨 %clm 당)[/center]
""대상이 들어오는 주문을 시전자에게 반사할 수 있게 합니다.[/center]
기본 성공 확률은 %bch 수준이며, 시전자의 레벨 %cld 당[/center]
%ach 만큼 증가합니다. 반사는 %bdr 라운드 동안 지속되며,[/center]
시전자의 레벨 %cld 당 %adr 라운드가 추가됩니다.""[/center]
[/end]"
1270,"주문 저항[/center]
지속 시간: %bdr + %adr (레벨 %cld 당)[/center]
확률: %bch + %ach (레벨 %clc 당)[/center]
효과량: %1bm - %2bm + %1am - %2am[/center]
(레벨 %clm 당)[/center]
""대상이 들어오는 주문에 저항할 수 있게 합니다. 기본 성공 확률은 %bch 수준이며,[/center]
시전자의 레벨 %clc 당 %ach 만큼 증가합니다. 저항은 %bdr 라운드 동안[/center]
지속되며, 시전자의 레벨 %cld 당 %adr 라운드가 추가됩니다.""[/center]
[/center]
[/end]"
1271,"카멜레온 (일반)[/center]
지속 시간: %bdr + %adr (레벨 %cld 당)[/center]
확률: %bch + %ach (레벨 %clc 당)[/center]
효과량: %1bm - %2bm + %1am - %2am[/center]
(레벨 %clm 당)[/center]
""대상을 매우 보기 어렵게 만듭니다. 대상은 %bdr 라운드 동안 이 상태를 유지하며,[/center]
시전자의 레벨 %cld 당 %adr 라운드가 추가됩니다.[/center]
대상이 공격을 가하면 카멜레온 주문이 중단됩니다.""[/center]
[/center]
[/end]"
1272,"카멜레온 (진실)[/center]
지속 시간: %bdr + %adr (레벨 %cld 당)[/center]
확률: %bch + %ach (레벨 %clc 당)[/center]
효과량: %1bm - %2bm + %1am - %2am[/center]
(레벨 %clm 당)[/center]
""대상을 매우 보기 어렵게 만듭니다. 대상은 %bdr 라운드 동안 이 상태를 유지하며,[/center]
시전자의 레벨 %cld 당 %adr 라운드가 추가됩니다.""[/center]
[/center]
[/end]"
1273,"그림자 (일반)[/center]
지속 시간: %bdr + %adr (레벨 %cld 당)[/center]
확률: %bch + %ach (레벨 %clc 당)[/center]
효과량: %1bm - %2bm + %1am - %2am[/center]
(레벨 %clm 당)[/center]
""대상이 일반적인 그림자 속으로 섞여들게 합니다. 대상은 %bdr 라운드 동안 이[/center]
상태를 유지하며, 시전자의 레벨 %cld 당 %adr 라운드가 추가됩니다.[/center]
대상이 공격을 가하면 그림자 주문이 중단됩니다.""[/center]
[/center]
[/end]"
1274,"그림자 (진실)[/center]
지속 시간: %bdr + %adr (레벨 %cld 당)[/center]
확률: %bch + %ach (레벨 %clc 당)[/center]
효과량: %1bm - %2bm + %1am - %2am[/center]
(레벨 %clm 당)[/center]
""대상이 일반적인 그림자 속으로 섞여들게 합니다. 대상은 %bdr 라운드 동안 이 상태를[/center]
유지하며, 시전자의 레벨 %cld 당 %adr 라운드가 추가됩니다.""[/center]
[/center]
[/end]"
1275,"낙하 감속 (일반, 트리거)[/center]
지속 시간: %bdr + %adr (레벨 %cld 당)[/center]
확률: %bch + %ach (레벨 %clc 당)[/center]
효과량: %1bm - %2bm + %1am - %2am[/center]
(레벨 %clm 당)[/center]
""대상이 자연적인 속도의 절반으로 떨어지게 하여 피해를 크게 줄입니다.[/center]
시전 후 주문은 %bdr 라운드 동안 활성 상태를 유지하며, 시전자의 레벨 %cld 당[/center]
%adr 라운드가 추가되고, 대상이 떨어지기 시작할 때 발동합니다.""[/center]
[/center]
[/center]
[/end]"
1276,"행동 자유[/center]
지속 시간: %bdr + %adr (레벨 %cld 당)[/center]
확률: %bch + %ach (레벨 %clc 당)[/center]
효과량: 해당 없음 + 해당 없음 (레벨 해당 없음당)[/center]
""대상의 마비를 %bdr 라운드 동안 치료하며, 시전자의 레벨 %cld 당[/center]
%adr 라운드가 추가됩니다.""[/center]
[/end]"
1277,"도약[/center]
지속 시간: %bdr + %adr (레벨 %cld 당)[/center]
확률: %bch + %ach (레벨 %clc 당)[/center]
효과량: %1bm - %2bm + %1am - %2am[/center]
(레벨 %clm 당)[/center]
""대상이 자연적인 능력의 두 배로 도약하게 합니다.[/center]
시전 후 주문은 %bdr 라운드 동안 활성 상태를 유지하며,[/center]
시전자의 레벨 %cld 당 %adr 라운드가 추가되고, 대상이 도약할 때 발동합니다.""[/center]
[/center]
[/end]"
1278,"등반[/center]
지속 시간: %bdr + %adr (레벨 %cld 당)[/center]
확률: %bch + %ach (레벨 %clc 당)[/center]
효과량: %1bm - %2bm + %1am - %2am[/center]
(레벨 %clm 당)[/center]
""대상이 자연적인 속도의 두 배로 등반하게 합니다.[/center]
시전 후 주문은 %bdr 라운드 동안 활성 상태를 유지하며, 시전자의 레벨 %cld 당[/center]
%adr 라운드가 추가되고, 대상이 등반을 시작할 때 발동합니다.""[/center]
[/center]
[/end]"
1279,"자기 변신[/center]
지속 시간: %bdr + %adr (레벨 %cld 당)[/center]
확률: %bch + %ach (레벨 %clc 당)[/center]
효과량: %1bm - %2bm + %1am - %2am[/center]
(레벨 %clm 당)[/center]
""대상을 시전자가 선택한 생물이나 물체로 변신시킵니다.[/center]
변신 성공 기본 확률은 %bch 수준이며, 시전자의 레벨 %clc 당[/center]
%ach 만큼 증가합니다. 변신은 %bdr 라운드 동안 지속되며,[/center]
시전자의 레벨 %cld 당 %adr 라운드가 추가됩니다.""[/center]
[/center]
[/end]"
1280,"타인 변신[/center]
지속 시간: %bdr + %adr (레벨 %cld 당)[/center]
확률: %bch + %ach (레벨 %clc 당)[/center]
효과량: %1bm - %2bm + %1am - %2am[/center]
(레벨 %clm 당)[/center]
""대상을 시전자가 선택한 생물이나 물체로 변신시킵니다.[/center]
변신 성공 기본 확률은 %bch 수준이며, 시전자의 레벨 %clc 당[/center]
%ach 만큼 증가합니다. 변신은 %bdr 라운드 동안 지속되며,[/center]
시전자의 레벨 %cld 당 %adr 라운드가 추가됩니다.""[/center]
[/center]
[/end]"
1281,"물체 변신[/center]
지속 시간: %bdr + %adr (레벨 %cld 당)[/center]
확률: %bch + %ach (레벨 %clc 당)[/center]
효과량: %1bm - %2bm + %1am - %2am[/center]
(레벨 %clm 당)[/center]
""대상을 시전자가 선택한 생물이나 물체로 변신시킵니다.[/center]
변신 성공 기본 확률은 %bch 수준이며, 시전자의 레벨 %clc 당[/center]
%ach 만큼 증가합니다. 변신은 %bdr 라운드 동안 지속되며,[/center]
시전자의 레벨 %cld 당 %adr 라운드가 추가됩니다.""[/center]
[/center]
[/end]"
1282,"수중 호흡[/center]
지속 시간: %bdr + %adr (레벨 %cld 당)[/center]
확률: %bch + %ach (레벨 %clc 당)[/center]
효과량: 해당 없음 + 해당 없음 (레벨 해당 없음당)[/center]
""대상이 물속에서 정상적으로 숨을 쉴 수 있게 합니다. 시전 성공 기본 확률은 %bch 개체가며,[/center]
시전자의 레벨 %clc 당 %ach 만큼 증가합니다. 수중 호흡은 %bdr 라운드[/center]
동안 지속되며, 시전자의 레벨 %cld 당 %adr 라운드가 추가됩니다.""[/center]
[/center]
[/center]
[/end]"
1283,"수면 보행[/center]
지속 시간: %bdr + %adr (레벨 %cld 당)[/center]
확률: %bch + %ach (레벨 %clc 당)[/center]
효과량: 해당 없음 + 해당 없음 (레벨 해당 없음당)[/center]
""대상이 물 위를 걸을 수 있게 합니다. 시전 후 주문은 %bdr 라운드 동안 활성 상태를[/center]
유지하며, 시전자의 레벨 %cld 당 %adr 라운드가 추가됩니다.""[/center]
[/center]
[/end]"
1284,"축소[/center]
지속 시간: %bdr + %adr (레벨 %cld 당)[/center]
확률: %bch + %ach (레벨 %clc 당)[/center]
효과량: 해당 없음 + 해당 없음 (레벨 해당 없음당)[/center]
""대상을 원래 크기의 절반으로 축소시킵니다. 성공 기본 확률은 %bch 개체가며, 시전자의[/center]
레벨 %clc 당 %ach 만큼 추가됩니다. 축소는 %bdr 라운드 동안 지속되며,[/center]
시전자의 레벨 %cld 당 %adr 라운드가 추가됩니다.""[/center]
[/center]
[/center]
[/end]"
1285,"동물 진정[/center]
지속 시간: %bdr + %adr (레벨 %cld 당)[/center]
확률: %bch + %ach (레벨 %clc 당)[/center]
효과량: 해당 없음 + 해당 없음 (레벨 해당 없음당)[/center]
""인간형 이하의 지능을 가진 모든 살아있는 짐승을 진정시킵니다.[/center]
성공 기본 확률은 %bch 개체가며, 시전자의 레벨 %clc 당[/center]
%ach 만큼 추가됩니다. 진정은 %bdr 라운드 동안 지속되며,[/center]
시전자의 레벨 %cld 당 %adr 라운드가 추가됩니다.""[/center]
[/center]
[/end]"
1286,"언데드 진정[/center]
지속 시간: %bdr + %adr (레벨 %cld 당)[/center]
확률: %bch + %ach (레벨 %clc 당)[/center]
효과량: 해당 없음 + 해당 없음 (레벨 해당 없음당)[/center]
""언데드 생물을 진정시킵니다. 성공 기본 확률은 %bch 개체가며, 시전자의 레벨[/center]
%clc 당 %ach 만큼 추가됩니다. 진정은 %bdr 라운드 동안 지속되며,[/center]
시전자의 레벨 %cld 당 %adr 라운드가 추가됩니다.""[/center]
[/center]
[/center]
[/end]"
1287,"인간형 진정[/center]
지속 시간: %bdr + %adr (레벨 %cld 당)[/center]
확률: %bch + %ach (레벨 %clc 당)[/center]
효과량: 해당 없음 + 해당 없음 (레벨 해당 없음당)[/center]
""인간형 생물을 진정시킵니다. 성공 기본 확률은 %bch 개체가며, 시전자의 레벨[/center]
%clc 당 %ach 만큼 추가됩니다. 진정은 %bdr 라운드 동안 지속되며,[/center]
시전자의 레벨 %cld 당 %adr 라운드가 추가됩니다.""[/center]
[/center]
[/center]
[/end]"
1288,"데이드라 진정[/center]
지속 시간: %bdr + %adr (레벨 %cld 당)[/center]
확률: %bch + %ach (레벨 %clc 당)[/center]
효과량: 해당 없음 + 해당 없음 (레벨 해당 없음당)[/center]
""데이드라를 진정시킵니다. 성공 기본 확률은 %bch 개체가며, 시전자의 레벨[/center]
%clc 당 %ach 만큼 추가됩니다. 진정은 %bdr 라운드 동안 지속되며,[/center]
시전자의 레벨 %cld 당 %adr 라운드가 추가됩니다.""[/center]
[/center]
[/center]
[/end]"
1289,"매혹[/center]
지속 시간: %bdr + %adr (레벨 %cld 당)[/center]
확률: %bch + %ach (레벨 %clc 당)[/center]
효과량: 해당 없음 + 해당 없음 (레벨 해당 없음당)[/center]
""대상에 대한 시전자의 매혹을 높여 평판을 개선합니다. 성공 기본 확률은 %bch 개체가며,[/center]
시전자의 레벨 %clc 당 %ach 만큼 추가됩니다. 매혹은 %bdr 라운드 동안[/center]
지속되며, 시전자의 레벨 %cld 당 %adr 라운드가 추가됩니다.""[/center]
[/center]
[/center]
[/end]"
1290,"방패[/center]
지속 시간: %bdr + %adr (레벨 %cld 당)[/center]
확률: 해당 없음 + 해당 없음 (레벨 해당 없음당)[/center]
효과량: %1bm - %2bm + %1am - %2am[/center]
(레벨 %clm 당)[/center]
""시전자 주변에 %1bm 에서 %2bm 만큼의 체력, 그리고 시전자의 레벨 %clm 당 %1am 에서[/center]
%2am 만큼의 체력을 흡수하는 방패를 생성합니다. 방패가 최대 피해를 입었거나, %bdr 에[/center]
시전자의 레벨 당 %adr 만큼 더한 라운드가 경과하면 방패가 해제됩니다."" %cld[/center]
[/center]
[/center]
[/center]
[/end]"
1291,"방패[/center]
지속 시간: %bdr + %adr (레벨당 %cld)[/center]
확률: 해당 없음 + 해당 없음 (레벨당 해당 없음)[/center]
효과: %1bm - %2bm + %1am - %2am[/center]
(레벨당 %clm)[/center]
""시전자 주위에 방패를 생성하여 %1bm - %2bm 의 체력에 해당하는 피해를 흡수하며,[/center]
시전자의 레벨이 %clm 오를 때마다 %1am - %2am 의 체력이 추가됩니다.[/center]
방패가 최대 피해를 흡수하거나, %bdr 에 시전자의 레벨이 %cld 오를 때마다[/center]
%adr 만큼 추가된 만큼의 라운드가 경과하면, 방패는 해제됩니다.""[/center]
[/center]
[/center]
[/end]"
1292,"방패[/center]
지속 시간: %bdr + %adr (레벨당 %cld)[/center]
확률: 해당 없음 + 해당 없음 (레벨당 해당 없음)[/center]
효과: %1bm - %2bm + %1am - %2am[/center]
(레벨당 %clm)[/center]
""시전자 주위에 방패를 생성하여 %1bm - %2bm 의 체력에 해당하는 피해를 흡수하며,[/center]
시전자의 레벨이 %clm 오를 때마다 %1am - %2am 의 체력이 추가됩니다.[/center]
방패가 최대 피해를 흡수하거나, %bdr 에 시전자의 레벨이 %cld 오를 때마다[/center]
%adr 만큼 추가된 만큼의 라운드가 경과하면, 방패는 해제됩니다.""[/center]
[/center]
[/center]
[/end]"
1293,"방패[/center]
지속 시간: %bdr + %adr (레벨당 %cld)[/center]
확률: 해당 없음 + 해당 없음 (레벨당 해당 없음)[/center]
효과: %1bm - %2bm + %1am - %2am[/center]
(레벨당 %clm)[/center]
""시전자 주위에 방패를 생성하여 %1bm - %2bm 의 체력에 해당하는 피해를 흡수하며,[/center]
시전자의 레벨이 %clm 오를 때마다 %1am - %2am 의 체력이 추가됩니다.[/center]
방패가 최대 피해를 흡수하거나, %bdr 에 시전자의 레벨이 %cld 오를 때마다[/center]
%adr 만큼 추가된 만큼의 라운드가 경과하면, 방패는 해제됩니다.""[/center]
[/center]
[/center]
[/end]"
1294,"성계 여행[/center]
지속 시간: %bdr + %adr (레벨당 %cld)[/center]
확률: %bch + %ach (레벨당 %clc)[/center]
효과: 해당 없음 + 해당 없음 (레벨당 해당 없음)[/center]
""시전자를 성계로 보냅니다. 성공 확률은 %bch 개체가며, 시전자의 레벨이 %clc 오를[/center]
때마다 %ach 개체가 추가됩니다. 시전자는 성계에 %bdr 라운드 동안 머무르며,[/center]
시전자의 레벨이 %cld 오를 때마다 %adr 라운드가 추가됩니다.""[/center]
[/center]
[/end]"
1295,"영체화[/center]
지속 시간: %bdr + %adr (레벨당 %cld)[/center]
확률: %bch + %ach (레벨당 %clc)[/center]
효과: 해당 없음 + 해당 없음 (레벨당 해당 없음)[/center]
""시전자를 영체 상태로 만들어 벽을 통과할 수 있게 합니다. 성공 확률은 %bch 개체가며,[/center]
시전자의 레벨이 %clc 오를 때마다 %ach 개체가 추가됩니다.[/center]
시전자는 영체 상태로 %bdr 라운드 동안 머무르며,[/center]
%adr 라운드가 시전자의 레벨이 %cld 오를 때마다 추가됩니다.""[/center]
[/center]
[/end]"
1296,"마법 탐지[/center]
지속 시간: %bdr + %adr (레벨당 %cld)[/center]
확률: %bch + %ach (레벨당 %clc)[/center]
효과: 해당 없음 + 해당 없음 (레벨당 해당 없음)[/center]
""시전자는 30피트 원뿔 범위 내의 모든 마법을 탐지할 수 있습니다.[/center]
성공 확률은 %bch 수치이며, 시전자의 레벨 %cld 당 %ach 만큼 증가합니다.[/center]
주문은 시전자의 레벨 %cld 당 %adr 라운드씩 추가되어,[/center]
총 %bdr 라운드 동안 유지됩니다.""[/center]
[/center]
[/end]"
1297,"적 탐지[/center]
지속 시간: %bdr + %adr (레벨 %cld 당)[/center]
확률: %bch + %ach (레벨 %clc 당)[/center]
효과 범위: 해당 없음 + 해당 없음 (레벨 해당 없음당)[/center]
""시전자는 시전자로부터 30피트 원뿔 범위 내의 모든 적을 탐지할 수 있습니다.[/center]
성공 확률은 %bch 수치이며, 시전자 레벨 %ach 당 %cld 만큼 증가합니다.[/center]
주문 은 %bdr 라운드 동안 유지되며, %adr 라운드 가 시전자 레벨[/center]
%cld 당 추가됩니다.""[/center]
[/center]
[/end]"
1298,"보물 탐지[/center]
지속 시간: %bdr + %adr (레벨 %cld 당)[/center]
성공 확률: %bch + %ach (레벨 %clc 당)[/center]
효과 범위: 해당 없음 + 해당 없음 (레벨 해당 없음당)[/center]
""시전자는 30피트 원뿔 범위 내의 모든 보물을 탐지할 수 있습니다.[/center]
성공 확률은 %bch 수치이며, 시전자의 레벨 %cld 당 %ach 씩 증가합니다.[/center]
주문은 %bdr 라운드 동안 유지되며, 시전자의 레벨 %cld 당[/center]
%adr 라운드가 추가됩니다.""[/center]
[/center]
[/end]"
1299,"감정[/center]
지속 시간: 해당 없음 + 해당 없음 (레벨 해당 없음당)[/center]
성공 확률: %bch + %ach (레벨 %clc 당)[/center]
효과 범위: 해당 없음 + 해당 없음 (레벨 해당 없음당)[/center]
""주문의 대상을 식별합니다. 성공 확률은 %bch 개체가며,[/center]
시전자의 레벨 %clc 당 %ach 씩 증가합니다.""[/center]
[/center]
[/end]"
1300,"마법사의 시야[/center]
지속 시간: %bdr + %adr (레벨당 %cld)[/center]
확률: %bch + %ach (레벨당 %clc)[/center]
효과: 해당 없음 + 해당 없음 (레벨당 해당 없음)[/center]
""시전자의 시야가 육체와 분리되어 이동할 수 있게 합니다. 성공 확률은 %bch 수준이며,[/center]
시전자의 레벨 %clc 당 %ach 만큼 증가합니다. 주문은 시전자의 레벨 %cld 당[/center]
%adr 라운드씩 추가되어, 총 %bdr 라운드 동안 유지됩니다.""[/center]
[/center]
[/center]
[/end]"
1301,"어둠[/center]
지속 시간: %bdr + %adr (레벨 %cld 당)[/center]
성공 확률: %bch + %ach (레벨 %clc 당)[/center]
효과 범위: 해당 없음 + 해당 없음 (레벨 해당 없음당)[/center]
""대상 주변에 어둠을 생성합니다. 주문은 %bdr 라운드 동안 유지되며,[/center]
시전자의 레벨 %cld 당%adr 라운드가 추가됩니다.[/center]
[/center]
[/end]"
1302,"순간이동[/center]
지속 시간: 해당 없음 + 해당 없음 (레벨 해당 없음당)[/center]
성공 확률: %bch + %ach (레벨 %clc 당)[/center]
효과 범위: 해당 없음 + 해당 없음 (레벨 해당 없음당)[/center]
""시전자를 선택한 장소로 순간이동시킵니다.[/center]
시전자는 먼저 지정된 장소에서 주문을 시전해야 하며, 이후 그곳으로 순간이동할 수 있습니다.[/center]
각 시전마다 시전자는 주문의 대상 위치를 변경할 수 있습니다.[/center]
성공 확률은 %bch 수준이며, 시전자의 레벨 %cld 당 %ach 씩 증가합니다.[/center]
[/center]
[/center]
[/end]"
1303,"영혼 덫[/center]
지속 시간: %bdr + %adr (레벨 %cld 당)[/center]
성공 확률: %bch + %ach (레벨 %clc 당)[/center]
효과 범위: 해당 없음 + 해당 없음 (레벨 해당 없음당)[/center]
""죽음 이후, 대상의 영혼은 시전자의 어떤 용기에든 무기한으로 갇히게 됩니다.[/center]
대상의 육체는 마법에 걸린 후 %bdr 라운드, 그리고 시전자의 레벨 %cld 당[/center]
%adr 라운드 이내에 죽어야 합니다. 영혼을 성공적으로 가둘 확률은 %bch 수준이며,[/center]
시전자의 레벨 %cld 당 씩 증가합니다.""%ach[/center]
[/center]
[/center]
[/center]
[/end]"
1304,"염동력[/center]
지속 시간: %bdr + %adr (레벨 %cld 당)[/center]
성공 확률: 해당 없음 + 해당 없음 (레벨 해당 없음당)[/center]
효과 범위: %1bm - %2bm + %1am - %2am[/center]
(레벨 %clm 당)[/center]
""염동력을 사용하면 시전자는 정신력을 발휘하여 멀리 있는 물체를 움직일 수 있습니다.[/center]
움직일 수 있는 물체의 무게는 %1bm - %2bm kg이며, 시전자의 레벨 %clm 당[/center]
%1am - %2am kg이 추가됩니다.""[/center]
[/center]
[/end]"
1305,"언어 이해[/center]
지속 시간: %bdr + %adr (레벨 %cld 당)[/center]
성공 확률: %bch + %ach (레벨 %clc 당)[/center]
효과 범위: 해당 없음 + 해당 없음 (레벨 해당 없음당)[/center]
""주문이 활성화된 동안 시전자는 모든 기록된 언어나 구어를 이해할 수 있습니다.[/center]
주문은 %bdr 라운드 동안 지속되며, 시전자의 레벨 %cld 당%adr[/center]
라운드가 추가됩니다.""[/center]
[/center]
[/end]"
1306,"화염 강화[/center]
지속 시간: %bdr + %adr (레벨 %cld 당)[/center]
성공 확률: 해당 없음 + 해당 없음 (레벨 해당 없음당)[/center]
효과 범위: %1bm - %2bm + %1am - %2am[/center]
(레벨 %clm 당)[/center]
""시전자는 일반적인 불꽃의 빛을 강화할 수 있습니다.[/center]
빛은 %1bm 에서 %2bm 개의 촛불만큼 강화될 수 있으며, 시전자의 레벨 %clm 당[/center]
%1am 에서 %2am 개의 촛불이 추가됩니다. 주문은 %bdr 라운드 동안 지속되며,[/center]
시전자의 레벨 %cld 당%adr 라운드가 추가됩니다.""[/center]
[/center]
[/end]"
1307,"화염 약화[/center]
지속 시간: %bdr + %adr (레벨 %cld 당)[/center]
성공 확률: 해당 없음 + 해당 없음 (레벨 해당 없음당)[/center]
효과 범위: %1bm - %2bm + %1am - %2am[/center]
(레벨 %clm 당)[/center]
""시전자는 일반적인 불꽃의 빛을 약화할 수 있습니다.[/center]
빛은 %1bm 에서 %2bm 개의 촛불만큼 약화될 수 있으며, 시전자의 레벨 %clm 당[/center]
%1am 에서 %2am 개의 촛불이 추가됩니다. 주문은 %bdr 라운드 동안 지속되며,[/center]
시전자의 레벨 %cld 당%adr 라운드가 추가됩니다.""[/center]
[/center]
[/end]"
1308,"돌의 벽[/center]
지속 시간: %bdr + %adr (레벨 %cld 당)[/center]
성공 확률: 해당 없음 + 해당 없음 (레벨 해당 없음당)[/center]
효과 범위: %1bm - %2bm + %1am - %2am[/center]
(레벨 %clm 당)[/center]
""시전자는 돌의 벽을 생성하며, 시전자의 레벨 %clm 당 %1bm 에서[/center]
%2bm 제곱미터만큼 생성됩니다. 벽은 %bdr 라운드 동안 지속되며,[/center]
시전자의 레벨 %cld 당%adr 라운드가 추가됩니다.""[/center]
[/center]
[/end]"
1309,"화염의 벽[/center]
지속 시간: %bdr + %adr (레벨 %cld 당)[/center]
성공 확률: 해당 없음 + 해당 없음 (레벨 해당 없음당)[/center]
효과 범위: %1bm - %2bm + %1am - %2am[/center]
(레벨 %clm 당)[/center]
""시전자는 화염의 벽을 생성하며, 시전자의 레벨 %clm 당 %1bm 에서[/center]
%2bm 제곱미터만큼 생성됩니다. 벽은 %bdr 라운드 동안 지속되며,[/center]
시전자의 레벨 %cld 당%adr 라운드가 추가됩니다.""[/center]
[/center]
[/end]"
1310,"서리의 벽[/center]
지속 시간: %bdr + %adr (레벨 %cld 당)[/center]
성공 확률: 해당 없음 + 해당 없음 (레벨 해당 없음당)[/center]
효과 범위: %1bm - %2bm + %1am - %2am[/center]
(레벨 %clm 당)[/center]
""시전자는 얼음의 벽을 생성하며, 시전자의 레벨 %clm 당 %1bm 에서[/center]
%2bm 제곱미터만큼 생성됩니다. 벽은 %bdr 라운드 동안 지속되며,[/center]
시전자의 레벨 %cld 당%adr 라운드가 추가됩니다.""[/center]
[/center]
[/end]"
1311,"독의 벽[/center]
지속 시간: %bdr + %adr (레벨 %cld 당)[/center]
성공 확률: 해당 없음 + 해당 없음 (레벨 해당 없음당)[/center]
효과 범위: %1bm - %2bm + %1am - %2am[/center]
(레벨 %clm 당)[/center]
""시전자는 독가스의 벽을 생성하며, 시전자의 레벨 %clm 당 %1bm 에서[/center]
%2bm 제곱미터만큼 생성됩니다. 벽은 %bdr 라운드 동안 지속되며,[/center]
시전자의 레벨 %cld 당%adr 라운드가 추가됩니다.""[/center]
[/center]
[/end]"
1350,"이미 이 특성과 충돌하는 장점이나 단점을 선택하셨습니다.[/center]
[/center]
[/center]
[/end]"
1360,"변화마법은 마법 연구의 여섯 가지 갈래 중 하나인 변화마법 학파를 의미합니다.[/center]
이 학파는 물체의 구조와 구성을 변화시키는 마법의 능력과 관련이 있습니다.[/center]
낙하 감속과 방패는 변화마법의 대표적인 두 가지 주문입니다.[/center]
[/center]
[/center]
[/center]
[/end]"
1361,"궁술은 활과 화살을 사용하여 대상을 맞히고 피해를 입히는 능력을 관장하는 기술입니다.[/center]
[/center]
[/center]
[/end]"
1362,"도끼는 전투 도끼나 전쟁 도끼를 사용하여 대상을 공격할 때 자동으로 확인되는 기술입니다.[/center]
[/center]
[/end]"
1363,"기습 공격은 대상을 뒤에서 공격할 때 확인되는 기술입니다.[/center]
이 기술에 능숙한 사람은 뒤에서 대상을 더 쉽게 맞힐 수 있습니다.[/center]
또한, 잘 적중된 기습 공격은 더 큰 피해를 줄 가능성이 높습니다.[/center]
[/center]
[/center]
[/center]
[/end]"
1364,"둔기 기술은 철퇴나 지팡이와 같은 무겁고 둔탁한 무기로 대상을 타격할 때 확인되는[/center]
기술입니다. 둔기 기술 전문가들은 명중률이 더 높으며 타격할 때마다 더 큰 피해를 입힙니다.[/center]
[/center]
[/center]
[/center]
[/end]"
1365,"켄타우로스어는 켄타우로스와 대화를 시도할 때 확인되는 언어 기술입니다.[/center]
[/center]
[/end]"
1366,"등반은 벽이나 가파른 경사면을 오르려고 할 때 확인되는 기술입니다.[/center]
평지에 다시 도달할 때까지 계속해서 확인됩니다.[/center]
[/center]
[/center]
[/end]"
1367,"치명타는 대상을 성공적으로 타격했을 때 확인되는 기술입니다.[/center]
성공적인 치명타를 받은 대상은 치명적일 수 있는 추가 피해를 입습니다.[/center]
[/center]
[/center]
[/center]
[/end]"
1368,"데이드릭은 화염 데이드라나 데이드라 군주와 같은 데이드라와 대화를 시도할[/center]
때 확인되는 언어 기술입니다.[/center]
[/center]
[/end]"
1369,"파괴마법은 마법 연구의 여섯 가지 공식 갈래 중 하나인 파괴마법 학파를 의미합니다.[/center]
파괴마법 주문은 화염구나 독구름처럼 대상에게 피해를 입히는 것을 주된[/center]
목적으로 합니다.[/center]
[/center]
[/center]
[/center]
[/end]"
1370,"변장은 적대적인 환경에 잠입하거나 엿보는 눈으로부터 물건을 숨기려 할 때[/center]
자동으로 확인되는 기술입니다.[/center]
[/center]
[/center]
[/end]"
1371,"회피는 적의 무기나 주문에 맞기 전에 확인되는 기술입니다.[/center]
[/center]
[/end]"
1372,"드래곤은 드래곤과 대화를 시도할 때 확인되는 언어 기술입니다.[/center]
[/center]
[/center]
[/record]"
1373,"엘프식은 야생 엘프와 대화를 시도할 때 확인되는 언어 기술입니다.[/center]
[/center]
[/center]
[/end]"
1374,"예법은 대화 중에 정중하고 공손하며 매력적으로 행동하려 할 때[/center]
확인되는 기술입니다.[/center]
[/center]
[/end]"
1375,"페어리어는 페어리와 대화를 시도할 때 확인되는 언어 기술입니다.[/center]
[/center]
[/center]
[/end]"
1376,"거인어는 거인과 대화를 시도할 때 확인되는 언어 기술입니다.[/center]
[/center]
[/center]
[/end]"
1377,"맨손 격투는 주먹이나 발차기로 대상을 타격하려 할 때 확인되는 기술입니다.[/center]
[/center]
[/center]
[/end]"
1378,"하피어는 하피와 대화를 시도할 때 확인되는 언어 기술입니다.[/center]
[/center]
[/center]
[/end]"
1379,"환영술은 마법 연구의 여섯 가지 갈래 중 하나인 환영마법 학파를 의미합니다. 환영마법[/center]
주문은 투명화나 빛 주문에서 볼 수 있듯이 물체를 위장하거나, 밝히거나, 가릴 수 있습니다.[/center]
[/center]
[/center]
[/center]
[/end]"
1380,"임프어는 임프와 대화를 시도할 때 확인되는 언어 기술입니다.[/center]
[/center]
[/center]
[/end]"
1381,"도약은 얼마나 높이, 그리고 멀리 뛸 수 있는지 결정하기 위해[/center]
확인되는 기술입니다.[/center]
[/center]
[/end]"
1382,"자물쇠 따기는 문이나 상자의 자물쇠를 따려고 할 때 자동으로 확인되는 기술입니다.[/center]
[/center]
[/center]
[/end]"
1383,"장검은 클레이모어나 카타나와 같이 길고 날카로운 베기 무기로 대상을[/center]
타격하려 할 때 확인되는 기술입니다.[/center]
[/center]
[/center]
[/end]"
1384,"의술 기술은 휴식을 취할 때마다 자동으로 확인되며,[/center]
이를 통해 가벼운 부상과 질병을[/center]
진단할 수 있습니다.[/center]
[/end]"
1385,"상술은[/center]
상인과 협상을 시작할 때마다 확인되는 기술로,[/center]
최선의 가격으로 물건을 사고팔기 위해[/center]
시도하는 기술입니다.[/center]
[/end]"
1386,"신비마법은 6가지 마법 연구 분야 중 하나인[/center]
신비마법 학파를 의미합니다. 신비마법은 가장[/center]
비전적인 학파이며, 이 학파의 적용으로 생성된 주문은[/center]
원거리 침묵과 영혼 덫만큼이나 다양합니다.[/center]
[/center]
[/center]
[/end]"
1387,"님프는 님프와 대화를 시도할 때마다[/center]
확인되는 언어 기술입니다.[/center]
님프.[/center]
[/end]"
1388,"소매치기는[/center]
들키지 않고 사람이나 선반에서 물건을 훔치려 할 때마다[/center]
자동으로 확인되는 기술입니다.[/center]
[/center]
[/end]"
1389,"회복마법은 6가지 마법 연구 분야 중 하나인[/center]
회복마법 학파를 의미합니다. 독 치료와 트롤의[/center]
피와 같은 모든 치유 주문은[/center]
회복마법에서 비롯됩니다.[/center]
[/center]
[/end]"
1390,"달리기는[/center]
달리기 시작할 때마다 자동으로[/center]
확인되어, 가능한 속도를 점검합니다.[/center]
[/end]"
1391,"단검은[/center]
단검이나 탄토와 같은 짧은 날이 달린 찌르기 무기로 대상을 공격하려 할 때마다[/center]
확인되는 기술로,[/center]
공격의 조준과 가능한 피해량을 결정합니다.[/center]
[/center]
[/end]"
1392,"스프리건은 스프리건과 대화를 시도할 때마다[/center]
확인되는 언어 기술입니다.[/center]
스프리건.[/center]
[/end]"
1393,"은신은 적대적인[/center]
생물의 주의를 피할 수 있게 해주는 기술입니다. 모든 조우 시[/center]
자동으로 확인됩니다.[/center]
[/center]
[/end]"
1394,"거리 감각은[/center]
대화 중에 직설적이거나, 구어체를 사용하거나, 혹은 격식 없이[/center]
말하려 할 때마다 확인되는 기술입니다.[/center]
[/center]
[/end]"
1395,"수영은[/center]
물을 만날 때마다 자동으로[/center]
확인되는 기술로, 수영 속도와[/center]
수영 중 피로도, 그리고 물속에서 얼마나 오래 버틸 수 있는지를 결정합니다.[/center]
[/center]
[/end]"
1396,"기적술은 6가지 마법 연구 분야 중 하나인[/center]
기적술 학파를 의미합니다. 기적술[/center]
주문은 힘이나 물체의 외형[/center]
또는 구조를 바꾸지[/center]
않지만, 부양과 수면 보행과 같은 주문에서 볼 수 있듯이[/center]
일시적으로 법칙을 조작할 수 있습니다.[/center]
[/center]
[/center]
[/end]"
1400,"%fx1 개체가 방금 %fx2 개체와 동맹을 맺었다는 사실을 알면 흥미로울 겁니다.[/record]
방금 %fx1 개체가 %fx2 개체와 거래를 맺었다는 사실을 알게 되었습니다. 흥미롭지 않나요?[/record]
이 소문은 퍼뜨리지 마세요. %fx1 개체와 %fx2 개체가 협력하고 있습니다.[/end]"
1401,"모두가 %fx2 측의 %fx1 에 대한 원한을 알지만, 이제는 정말로 정면충돌하고 있습니다.[/record]
%fx1 측은 어떤 거래에서 손해를 보았습니다. 이제 그들은 %fx2 측을 노리고 있습니다.[/record]
%fx1 및 %fx2 측은 서로를 증오합니다. 그 때문에 누군가 죽더라도 놀랍지 않을 겁니다.[/end]"
1402,"%fl1 개체가 서신으로 %fl2 개체를 모욕했습니다. 이제 %fx2 개체는 %fx1 개체를 노리고 있습니다.[/record]
%fx1 개체와 %fx2 개체는 궁전에서의 그 사건 전까지는 가까운 동맹이었습니다.[/record]
최근까지 %fx1 개체와 %fx2 개체는 협력 관계였습니다. 그들은 최근 동맹을 끊었습니다.[/end]"
1403,"%fx1 및 %fx2 측이 갈등을 해결했다는 소식을 들었습니다.[/record]
%fx1 측은 %fx2 에게 막대한 평화 비용을 지불했습니다. 그들의 다툼이 멈추기를 바랍니다.[/record]
왜 %fx1 및 %fx2 측이 다투고 있었는지 이해할 수 없었습니다. 뭐, 적어도 이제는 끝났군요.[/end]"
1404,"%reg 의 사람들은 %fx2 개체를 새로운 동맹으로 맞이하게 되어 매우 기뻐하고 있습니다.[/record]
저는 %fx2 개체를 좋아하지 않지만, %reg 의 적보다는 동맹으로 두는 편이 낫습니다.[/record]
들으셨나요? %reg 지역이 방금 %fx2 개체와 협정을 체결했습니다.[/end]"
1405,"%fx2 개체가 %reg 에게 정말 단단히 화가 났다는군요.[/record]
%reg 지역이 더 이상 %fx2 개체와 좋은 관계가 아니라는 소식은 들으셨겠죠.[/record]
%fx2 개체는 이제 %reg 의 철천지원수입니다. 그들과는 어떤 거래도 하지 마십시오.[/end]"
1406,"%ol1 %olf. %fx1 에게 새로운 %lt1 개체가 생겼습니다.[/record]
저는 %ol1 개체를 정말 좋아했습니다. 하지만 이제 %fl1 개체가 %fx1 개체를 책임지고 있습니다.[/record]
온 마을에 소문이 자자합니다. %ol1 %olf. %fl1 개체가 그 자리를 대신한다는 걸 믿을 수 있나요?[/end]"
1407,"정말 끔찍한 일입니다. %fx1 개체와 %fx2 개체가 전쟁 중입니다![/record]
%fx1 개체와 %fx2 사이에 긴장감이 있다는 건 알았지만, 전쟁을 선포할 줄은 몰랐습니다.[/record]
%fx1 개체가 %fx2 개체와 전쟁 중입니다! 정말 대단하지 않나요![/end]"
1408,"%fx1 의 공격으로 %fx2 군대가 거의 전멸했습니다. %fx1 의 승리로 전쟁이 끝났습니다![/record]
%fx2 의 패배가 확정되었습니다. %fx2 측은 무조건 항복을 요구했습니다. 전쟁은 끝났습니다.[/record]
%fx1 군대가 수도로 들이닥쳤습니다. %fx2 의 패배입니다.[/end]"
1409,"%fx1 및 %fx2 의 평화 조약 체결 소식입니다. 전쟁은 양측의 경제를 모두 파탄 내고 있었습니다.[/record]
%fx1 쪽은 전쟁에서 승기를 잡았으나 자금이 바닥났습니다. 그들은 %fx2 및 그 세력과 휴전 협정을 맺을 수밖에 없었습니다.[/record]
전쟁이 끝났습니다! 전쟁이 끝났어요! %fx1 및 %fx2 의 싸움이 멈췄습니다. 이유는 듣지 못했습니다.[/end]"
1410,"밤에는 문을 잠그세요. 범죄자들로부터 안전한 사람은 아무도 없습니다. 그들은 원하는 건 무엇이든 가져갑니다.[/record]
그들은 대낮에 %n 의 목숨을 앗아갔습니다. 경비병들은 아무것도 하지 않았습니다. 이 마을이 대체 어떻게 되려는 건지.[/end]"
1411,"우리는 모두 %hol 의 도래를 준비하고 있습니다. 곧 다가올 테니까요.[/record]
%hol 의 준비를 마치셨나요? 너무 오래 기다리지 마세요.[/record]
%hol 의 등장이 거의 다가왔습니다. 준비를 마지막 순간까지 미루지 않는 게 좋을 겁니다.[/end]"
1412,"도둑 길드 마스터가 체포되었다는 소식 들으셨나요? 그가 교수형을 당했으면 좋겠군요.[/record]
도둑 길드 마스터가 감옥에 있습니다. 내일이면 탈옥할 게 분명합니다.[/record]
도둑 길드 마스터를 오래 가둘 수 있는 감옥은 없습니다. 그래서 곧 재판이 열릴 겁니다.[/end]"
1413,"도둑 길드 마스터를 풀어줬다는 걸 믿을 수 있나요? 그 교활한 늙은 여우 같으니.[/record]
탈옥했습니다! 도둑 길드 마스터가 감옥에서 탈출했습니다.[/record]
도둑 길드 마스터가 탈출했습니다. 그 허술한 감옥이 그를 가둘 수 없을 줄 알았습니다.[/end]"
1414,"참수당했습니다. 도둑 길드 마스터에게 일어난 일이죠. 속이 다 시원하군요.[/record]
그들은 도둑 길드 마스터를 처형했습니다. 그는 이름 없는 무덤에 묻힐 거라더군요.[/record]
그 불쌍한 놈을 처형하는 데 오래 걸리지 않았습니다. 누구냐고요? 당연히 도둑 길드 마스터죠.[/end]"
1415,"미친 위저드가 문제를 일으키고 있다는 소문을 들었습니다.[/record]
어떤 미친 소서러가 궁전을 분홍색으로 바꿔버렸습니다. 청소하는 데 2주나 걸렸죠.[/record]
밖에 괴짜 위저드가 돌아다닙니다. 명령을 따르지 않으면 우리 모두 순무가 될지도 모릅니다.[/end]"
1416,"그 늙은 마법사는 제정신이 아니었습니다. 그를 죽인 건 다행스러운 일이죠.[/record]
그녀는 정신 나간 사람이었습니다. 미친 위저드들을 풀어두는 건 너무 위험해서 그들은 그녀를 죽였습니다.[/record]
온 마을이 기뻐하고 있습니다. 미친 소서러가 죽었습니다![/end]"
1417,"이곳의 모든 것은 너무 비쌉니다. 이제 빵을 사 먹기도 힘들 지경이에요.[/record]
상인들은 모두 돼지 같은 놈들입니다. 그들은 원하는 대로 가격을 높게 책정하고 아무도 감히 뭐라 하지 못합니다.[/record]
돈이 나무에서 열리는 것도 아닌데. 음식을 사려고 가구를 팔아야 할 지경입니다! 이 가격들은 터무니없어요.[/end]"
1418,"무역 전쟁이 벌어지고 있습니다. 쌀 때 무엇이든 사두세요.[/record]
미친 %n 의 모든 가격 인하 정책으로 시작되었습니다. 이제 모든 상인이 경쟁하기 위해 가격을 낮췄습니다.[/record]
새 옷을 사러 가는 길입니다. 모든 가격이 너무 낮아서 가격이 다시 오르기 전에 지금 사고 싶습니다.[/end]"
1450,"%reg 에 마녀들이 있다는 소문을 들었습니다. 언덕 어딘가나 숲 깊은 곳에요.[/record]
마녀들이 다시 문제를 일으키고 있습니다. 언덕에 있는 그 암캐들은 조심하는 게 좋을 겁니다. 곧 화형당할 테니까요.[/record]
마법사 길드가 마녀들에 대해 말하는 건 사실이 아닙니다. 숲속의 늙은 할망구들은 대부분 해롭지 않아요.[/record]
마녀들이 데이드라 군주를 소환할 수 있다는 소문을 들었습니다. %reg 의 입장에서는 그 할망구들이 없는 편이 나을 겁니다.[/end]"
1451,"%n 의 사망이 어젯밤 확인되었습니다. 시체는 피가 완전히 빠져나가 있었죠![/record]
불쌍한 %n 의 시신을 발견했는데, 목에 두 개의 구멍이 나 있었습니다. 몸에 피 한 방울 남아있지 않았죠.[/record]
뱀파이어들은 그저 생각 없는 괴물이 아닙니다. 그들은 비밀리에 모여 인류 전체를 지배할 음모를 꾸밉니다![/record]
더러운 흡혈귀들이 이 마을을 운영하고 있습니다. 물론 뱀파이어들이죠. 뱀파이어 클랜을 말하는 겁니다.[/end]"
1452,"마법사 견습생인 %n 의 말에 따르면 오블리비언이라는 곳에 데이드라라고 불리는 강력한 존재들이 살고 있다고 합니다. 그들은 사람에게 아티팩트라는 강력한 마법 아이템을 줄 수 있다고 합니다. 그냥 이야기일 뿐이겠죠.[/record]
동료 인간에게 잘 대해주세요. 그렇지 않으면 데이드라가 당신을 오블리비언으로 끌고 갈 겁니다.[/record]
데이드라는 실제로 소환될 수 있습니다. 마녀들과 마법사 길드가 항상 그렇게 한다고 들었습니다.[/record]
사원들만이 안전하게 데이드라를 소환할 수 있습니다. 사제들은 그들에게 강력한 아티팩트의 비밀 위치를 밝히도록 강요할 수 있죠.[/end]"
1453,"아우리엘의 방패의 행방에 대한 단서를 가진 사람이 있다는 소문이 있습니다. 그 방패는 불과 마법에 면역이 되게 해 준다고 하더군요.[/record]
어떤 술 취한 기사가 흑마법사의 반지를 잃어버렸다고 주장하더군요. 물론 그가 정말로 그 아티팩트를 가지고 있었다면 술주정뱅이가 아니라 왕이었겠죠.[/record]
궁수가 아우리엘의 활을 찾았다가 다시 잃어버렸다고 말하는 걸 들었습니다. 이야기 속에서 그 활로 쏜 화살 한 발은 어떤 생명체든 죽일 수 있다고 합니다.[/record]
강령술사의 반지를 가진 미친 위저드에 대한 이야기가 속삭여지고 있습니다. 그 아티팩트는 그냥 신화일 뿐이죠.[/record]
제 형제는 크리사미어, 즉 영웅의 검을 본 남자와 잠자리를 가진 여자를 아는 사람을 압니다.[/record]
어떤 미친 은둔자가 군주의 갑옷이 전설이 아니라 실재한다고 저를 설득하려 했습니다. 제 자신을 보호하기 위해 그를 죽여야 했죠.[/record]
마법사 길드는 매그너스의 지팡이의 잃어버린 위치를 발견했다고 주장한 늙은 %n 처치 후 그를 방금 처형했습니다. 불쌍하고 망상에 빠진 마법사 같으니.[/record]
데이드라 군주들이 고대 아티팩트 대부분을 차지했다고들 합니다. 그들은 충성스러운 하수인들에게만 그것들을 준다고 하더군요.[/record]
마녀들이 고대의 힘을 지닌 잃어버린 아티팩트 중 하나를 찾는 것을 도와줄 수 있다는 말을 들었습니다.[/end]"
1454,"도둑들에게 신비로운 마스터가 이끄는 비밀 길드가 있다는 사실을 알아두는 게 좋을 겁니다.[/record]
도둑 길드는 전설이 아니라 실재합니다. 제가 어떻게 아는지는 말할 수 없습니다. 그러면 그들이 저를 죽일 테니까요.[/record]
대부분의 사람들은 부정하지만, %reg 의 모든 도둑은 비밀 도둑 길드에 속해 있습니다. 가입을 거부하는 도둑은 결국 죽음을 맞이하죠.[/end]"
1455,"정말로 복수를 원한다면 다크 브라더후드에 연락하세요. 그들은 전문 암살자들입니다.[/record]
다크 브라더후드라고 불리는 암살자 길드가 존재합니다. 그들은 찾을 수 있는 가장 냉혈한 살인자들을 모집하죠.[/record]
다크 브라더후드는 %reg 에서 꽤 강력합니다. 이 암살자 길드는 돈을 받고 살인을 저지르는 외부인들을 처벌합니다.[/end]"
1456,"%lt1 의 불륜 행각이 드러났습니다.[/record]
올해가 가기 전에 새로운 자갈길이 깔릴 거라고들 합니다.[/record]
%n 의 관측에 따르면 털북숭이 애벌레의 띠가 나쁜 겨울을 예고한다고 합니다.[/record]
곧 새로운 세금이 발표될 예정이라고 합니다.[/record]
밤에는 나가지 마세요. %n 의 목격담에 따르면 골목길에 숨어 있는 구울들이 보였답니다.[/record]
제국 대표단이 곧 %reg 에 도착할 예정입니다.[/record]
제국 사슬의 가장 약한 고리는 서머셋 섬 주입니다. 그다음은 %reg 의 차례죠.[/end]"
1457,"흠. 생각나는 게 없군요.[/record]
아는 게 없습니다.[/record]
저는 소문을 퍼뜨리지 않으려고 노력합니다.[/record]
좋은 말을 할 수 없다면...[/end]"
1475,"%nrn 의 모든 마녀에 대한 [/center]
[/left]
화형 선언이 있었습니다.[/center]
[/record]
마녀술은 [/center]
화형에 처하는 죄입니다. -- %nrn[/center]
[/record]
모든 마녀는 [/center]
%nrn 의 명령에 따라 말뚝에 묶인 채 산 채로 화형당할 것입니다.[/center]
[/end]"
1476,"%nrn 의 %ptm[/center]
반역 및 이단죄 선언이 있었습니다.[/center]
[/record]
%ptm 의 모든 구성원은 [/center]
즉시 투옥될 것입니다. -- %nrn[/center]
[/record]
%ptm 의 지위는 %reg 나 %nrn 의 인정을 받지 못합니다.[/center]
그 모든 토지와 재산은 [/center]
몰수 대상입니다.[/center]
[/end]"
1477,"%reg 의 기근으로 인해, 식량을 수입하는[/center]
모든 상인은 성문 경비대장에게[/center]
신고해야 한다.[/center]
[/record]
이 마을로 반입되는 모든 식량의[/center]
10분의 1은 %t 에게 바쳐야 한다.[/center]
이는 %g3 의 존귀하신 몸이 기근에[/center]
시달리지 않도록 하기 위함이다.[/center]
[/record]
%reg 에 기근이 닥쳤다. 식량을[/center]
낭비하면 채찍질에 처한다. -- %nrn[/end]"
1478,"모든 역병 희생자는 [/center]
거리에서 수거되어 [/center]
소각되어야 합니다. -- %nrn[/record]
방문객들은 주의하십시오. 우리의 아름다운 [/center]
마을은 역병에 시달리고 있습니다.[/center]
[/record]
%nrn 의 명령에 따라, 역병의 징후를 보이는 사람은 [/center]
누구도 이 마을에 들어오거나 나갈 수 없습니다.[/center]
[/end]"
1479,"%fx1[/center]
와 %fx2 사이에 전쟁 상태가 존재합니다. 적국의 시민으로 [/center]
이곳에서 발견되는 자는 모두 교수형에 처할 것입니다.[/center]
-- %nrn[/center]
[/record]
%fx1 개체는 %fx2 개체와 전쟁 중입니다.[/center]
모든 방문객은 수색 대상이 될 수 있습니다.[/center]
[/record]
%nrn 의 명령에 따라, [/center]
%fx1 개체와 %fx2 사이의 전쟁 기간 동안, [/center]
군사 통치가 시행됩니다.[/center]
[/end]"
1480,"고귀한 통치자, %ol1 %olf.[/center]
새로 %reg 의 %lt1 개체가 된 %fl1 만세.[/center]
[/record]
%fl1 개체가 왕위에 올라 [/center]
새로운 %lt1 개체가 되었습니다. %fl1 개체가 %reg 지역을 오래도록 통치하기를.[/center]
[/record]
%fl1 개체는 %reg 의 새로운 %lt1 입니다.[/center]
[/end]"
1481,"%fx2 개체는 %fx1 개체와 공식적으로 동맹을 맺었습니다.[/center]
[/record]
%fx1 개체와 %fx2 개체는 협정을 체결했습니다.[/center]
[/record]
%fx1 개체는 %fx2 개체와 공식적인 관계를 맺고 있습니다.[/center]
[/end]"
1482,"%fx2 출신의 모든 사람은 [/center]
법이 허용하는 최대한의 범위까지 박해받을 것입니다. -- %nrn[/center]
[/record]
%fx2 의 사람들은 [/center]
발견 즉시 구금될 것입니다. -- %nrn[/center]
[/record]
%reg 에 대한 범죄로 인해, %fx2[/center]
은 %nrn 의 철천지원수입니다.[/center]
[/end]"
1483,"%nrn 의 명령에 따라, 모든 세금 [/center]의
월말까지 납부해야 합니다.[/center]
[/record]
모든 무기는 봉인해야 합니다.[/record]
마을 내에서 마법 사용은 엄격히 금지됩니다.[/center]
[/record]
에일을 운송하는 모든 상인은 [/center]
대장의 탑에 보고해야 합니다.[/center]
[/record]
%n 의 존재는 %reg 의 적입니다.[/center]
이 범죄자를 목격하면 [/center]
경비대에 보고하십시오.[/center]
[/end]"
1500,"마비[/center]
대상을 마비시킵니다.[/center]
지속 시간: 마비가 유지되는 라운드 수.[/center]
대상을 마비시킬 확률.[/center]
강도: 해당 없음[/center]
[/end]"
1501,"마비[/center]
대상을 마비시킵니다.[/center]
지속 시간: 마비가 유지되는 라운드 수.[/center]
대상을 마비시킬 확률.[/center]
강도: 해당 없음[/center]
[/end]"
1502,"마비[/center]
대상을 마비시킵니다.[/center]
지속 시간: 마비가 유지되는 라운드 수.[/center]
대상을 마비시킬 확률.[/center]
강도: 해당 없음[/center]
[/end]"
1503,"지속 피해 -- 체력[/center]
매 라운드 대상의 체력을 낮춥니다.[/center]
지속 시간: 대상이 피해를 입는 라운드 수.[/center]
확률: 해당 없음[/center]
강도: 매 라운드 대상이 입는 피해량.[/center]
[/end]"
1504,"지속 피해 -- 체력[/center]
매 라운드 대상의 체력을 낮춥니다.[/center]
지속 시간: 대상이 피해를 입는 라운드 수.[/center]
확률: 해당 없음[/center]
강도: 매 라운드 대상이 입는 피해량.[/center]
[/end]"
1505,"지속 피해 -- 피로도[/center]
매 라운드 대상의 피로도를 낮춥니다.[/center]
지속 시간: 대상이 영향을 받는 라운드 수.[/center]
확률: 해당 없음[/center]
강도: 매 라운드 대상이 잃는 피로도.[/center]
[/end]"
1506,"지속 피해 -- 주문 점수[/center]
매 라운드 대상의 주문 점수를 감소시킵니다.[/center]
지속 시간: 대상이 영향을 받는 라운드 수.[/center]
확률: 해당 없음[/center]
강도: 매 라운드 대상이 잃는 주문 점수.[/center]
[/end]"
1507,"물품 생성[/center]
시전자가 선택한 유용한 물품 하나를 생성합니다.[/center]
지속 시간: 생성된 물품이 유지되는 시간.[/center]
확률: 해당 없음[/center]
강도: 해당 없음[/center]
[/end]"
1509,"치료 -- 질병[/center]
대상의 질병을 치료합니다.[/center]
지속 시간: 즉시[/center]
확률: 질병 치료 확률.[/center]
강도: 해당 없음[/center]
[/end]"
1510,"치료 -- 독[/center]
대상의 독을 치료합니다.[/center]
지속 시간: 즉시.[/center]
확률: 독 치료 확률.[/center]
강도: 해당 없음[/center]
[/end]"
1511,"치료 -- 마비[/center]
대상의 마비를 치료합니다.[/center]
지속 시간: 즉시.[/center]
확률: 마비 치료 확률.[/center]
강도: 해당 없음[/center]
[/end]"
1512,"피해 -- 체력[/center]
대상의 체력에 피해를 줍니다.[/center]
지속 시간: 즉시.[/center]
확률: 해당 없음[/center]
강도: 대상이 잃는 체력 점수.[/center]
[/end]"
1513,"피해 -- 피로도[/center]
대상의 피로도에 피해를 줍니다.[/center]
지속 시간: 즉시.[/center]
확률: 해당 없음[/center]
강도: 대상이 잃는 피로도 점수.[/center]
[/end]"
1514,"피해 -- 주문 점수[/center]
대상의 주문 점수를 감소시킵니다.[/center]
지속 시간: 즉시.[/center]
확률: 해당 없음[/center]
강도: 대상이 잃는 주문 점수.[/center]
[/end]"
1515,"분해[/center]
대상을 분해시킵니다.[/center]
지속 시간: 즉시.[/center]
확률: 대상 분해 확률.[/center]
강도: 해당 없음[/center]
[/end]"
1516,"해제 -- 마법[/center]
마법 효과를 무효화합니다.[/center]
지속 시간: 즉시.[/center]
확률: 마법 해제 확률.[/center]
강도: 해당 없음[/center]
[/end]"
1517,"해제 -- 언데드[/center]
언데드를 해제합니다.[/center]
지속 시간: 즉시.[/center]
확률: 언데드 해제 확률.[/center]
강도: 해당 없음[/center]
[/end]"
1518,"해제 -- 데이드라[/center]
데이드라를 해제합니다.[/center]
지속 시간: 즉시.[/center]
확률: 데이드라 해제 확률.[/center]
강도: 해당 없음[/center]
[/end]"
1519,"흡수 -- 힘[/center]
대상의 힘 점수를 감소시킵니다.[/center]
지속 시간: 즉시.[/center]
확률: 해당 없음[/center]
강도: 흡수된 점수.[/center]
[/end]"
1520,"흡수 -- 지능[/center]
대상의 지능 점수를 감소시킵니다.[/center]
지속 시간: 즉시.[/center]
확률: 해당 없음[/center]
강도: 흡수된 점수.[/center]
[/end]"
1521,"흡수 -- 의지력[/center]
대상의 의지력 점수를 감소시킵니다.[/center]
지속 시간: 즉시.[/center]
확률: 해당 없음[/center]
강도: 흡수된 점수.[/center]
[/end]"
1522,"흡수 -- 민첩성[/center]
대상의 민첩성 점수를 감소시킵니다.[/center]
지속 시간: 즉시.[/center]
확률: 해당 없음[/center]
강도: 흡수된 점수.[/center]
[/end]"
1523,"흡수 -- 지구력[/center]
대상의 지구력 점수를 감소시킵니다.[/center]
지속 시간: 즉시.[/center]
확률: 해당 없음[/center]
강도: 흡수된 점수.[/center]
[/end]"
1524,"흡수 -- 매력[/center]
대상의 매력 점수를 감소시킵니다.[/center]
지속 시간: 즉시.[/center]
확률: 해당 없음[/center]
강도: 흡수된 점수.[/center]
[/end]"
1525,"흡수 -- 속도[/center]
대상의 속도 점수를 감소시킵니다.[/center]
지속 시간: 즉시.[/center]
확률: 해당 없음[/center]
강도: 흡수된 점수.[/center]
[/end]"
1526,"흡수 -- 행운[/center]
대상의 행운 점수를 감소시킵니다.[/center]
지속 시간: 즉시.[/center]
확률: 해당 없음[/center]
강도: 흡수된 점수.[/center]
[/end]"
1527,"원소 저항 -- 화염[/center]
대상이 화염 피해에 면역이 됩니다.[/center]
지속 시간: 저항이 유지되는 라운드 수.[/center]
확률: 주문 시전 성공 확률.[/center]
강도: 해당 없음[/center]
주문 실패 시 대상은 화염 피해를 절반만 입습니다.[/center]
[/end]"
1528,"원소 저항 -- 서리[/center]
대상이 냉기 피해에 면역이 됩니다.[/center]
지속 시간: 저항이 유지되는 라운드 수.[/center]
확률: 주문 시전 성공 확률.[/center]
강도: 해당 없음[/center]
주문 실패 시 대상은 냉기 피해를 절반만 입습니다.[/center]
[/end]"
1529,"원소 저항 -- 독[/center]
대상이 독 피해에 면역이 됩니다.[/center]
지속 시간: 저항이 유지되는 라운드 수.[/center]
확률: 주문 시전 성공 확률.[/center]
강도: 해당 없음[/center]
주문 실패 시 대상은 독 피해를 절반만 입습니다.[/center]
[/end]"
1530,"원소 저항 -- 전격[/center]
대상이 전격 피해에 면역이 됩니다.[/center]
지속 시간: 저항이 유지되는 라운드 수.[/center]
확률: 주문 시전 성공 확률.[/center]
강도: 해당 없음[/center]
주문 실패 시 대상은 전격 피해를 절반만 입습니다.[/center]
[/end]"
1531,"원소 저항 -- 마법[/center]
대상이 마법 피해에 면역이 됩니다.[/center]
지속 시간: 저항이 유지되는 라운드 수.[/center]
확률: 주문 시전 성공 확률.[/center]
강도: 해당 없음[/center]
주문 실패 시 대상은 마법 피해를 절반만 입습니다.[/center]
[/end]"
1532,"힘 강화[/center]
대상의 힘을 증가시킵니다.[/center]
지속 시간: 능력치 증가가 유지되는 라운드 수.[/center]
확률: 해당 없음[/center]
강도: 능력치 증가량.[/center]
[/end]"
1533,"지능 강화[/center]
대상의 지능을 증가시킵니다.[/center]
지속 시간: 능력치 증가가 유지되는 라운드 수.[/center]
확률: 해당 없음[/center]
강도: 능력치 증가량.[/center]
[/end]"
1534,"의지력 강화[/center]
대상의 의지력을 증가시킵니다.[/center]
지속 시간: 능력치 증가가 유지되는 라운드 수.[/center]
확률: 해당 없음[/center]
강도: 능력치 증가량.[/center]
[/end]"
1535,"민첩성 강화[/center]
대상의 민첩성을 증가시킵니다.[/center]
지속 시간: 능력치 증가가 유지되는 라운드 수.[/center]
확률: 해당 없음[/center]
강도: 능력치 증가량.[/center]
[/end]"
1536,"지구력 강화[/center]
대상의 지구력을 증가시킵니다.[/center]
지속 시간: 능력치 증가가 유지되는 라운드 수.[/center]
확률: 해당 없음[/center]
강도: 능력치 증가량.[/center]
[/end]"
1537,"매력 강화[/center]
대상의 매력을 증가시킵니다.[/center]
지속 시간: 능력치 증가가 유지되는 라운드 수.[/center]
확률: 해당 없음[/center]
강도: 능력치 증가량.[/center]
[/end]"
1538,"속도 강화[/center]
대상의 속도를 증가시킵니다.[/center]
지속 시간: 능력치 증가가 유지되는 라운드 수.[/center]
확률: 해당 없음[/center]
강도: 능력치 증가량.[/center]
[/end]"
1539,"행운 강화[/center]
대상의 행운을 증가시킵니다.[/center]
지속 시간: 능력치 증가가 유지되는 라운드 수.[/center]
확률: 해당 없음[/center]
강도: 능력치 증가량.[/center]
[/end]"
1540,"치유 -- 힘[/center]
대상의 힘을 정상 수준까지 회복시킵니다.[/center]
지속 시간: 즉시.[/center]
확률: 해당 없음[/center]
강도: 회복된 점수.[/center]
[/end]"
1541,"치유 -- 지능[/center]
대상의 지능을 정상 수준까지 회복시킵니다.[/center]
지속 시간: 즉시.[/center]
확률: 해당 없음[/center]
강도: 회복된 점수.[/center]
[/end]"
1542,"치유 -- 의지력[/center]
대상의 의지력을 정상 수준까지 회복시킵니다.[/center]
지속 시간: 즉시.[/center]
확률: 해당 없음[/center]
강도: 회복된 점수.[/center]
[/end]"
1543,"치유 -- 민첩성[/center]
대상의 민첩성을 정상 수준까지 회복시킵니다.[/center]
지속 시간: 즉시.[/center]
확률: 해당 없음[/center]
강도: 회복된 점수.[/center]
[/end]"
1544,"치유 -- 지구력[/center]
대상의 지구력을 정상 수준까지 회복시킵니다.[/center]
지속 시간: 즉시.[/center]
확률: 해당 없음[/center]
강도: 회복된 점수.[/center]
[/end]"
1545,"치유 -- 매력[/center]
대상의 매력을 정상 수준까지 회복시킵니다.[/center]
지속 시간: 즉시.[/center]
확률: 해당 없음[/center]
강도: 회복된 점수.[/center]
[/end]"
1546,"치유 -- 속도[/center]
대상의 속도를 정상 수준까지 회복시킵니다.[/center]
지속 시간: 즉시.[/center]
확률: 해당 없음[/center]
강도: 회복된 점수.[/center]
[/end]"
1547,"치유 -- 행운[/center]
대상의 행운을 정상 수준까지 회복시킵니다.[/center]
지속 시간: 즉시.[/center]
확률: 해당 없음[/center]
강도: 회복된 점수.[/center]
[/end]"
1548,"치유 -- 체력[/center]
대상의 체력을 정상 수준까지 회복시킵니다.[/center]
지속 시간: 즉시.[/center]
확률: 해당 없음[/center]
강도: 회복된 점수.[/center]
[/end]"
1549,"치유 -- 피로도[/center]
대상의 피로도를 정상 수준까지 회복시킵니다.[/center]
지속 시간: 즉시.[/center]
확률: 해당 없음[/center]
강도: 회복된 점수.[/center]
[/end]"
1550,"전이 -- 힘[/center]
대상의 힘 점수를 시전자에게 전이합니다.[/center]
지속 시간: 즉시.[/center]
확률: 해당 없음[/center]
강도: 전이된 점수.[/center]
[/end]"
1551,"전이 -- 지능[/center]
대상의 지능 점수를 시전자에게 전이합니다.[/center]
지속 시간: 즉시.[/center]
확률: 해당 없음[/center]
강도: 전이된 점수.[/center]
[/end]"
1552,"전이 -- 의지력[/center]
대상의 의지력 점수를 시전자에게 전이합니다.[/center]
지속 시간: 즉시.[/center]
확률: 해당 없음[/center]
강도: 전이된 점수.[/center]
[/end]"
1553,"전이 -- 민첩성[/center]
대상의 민첩성 점수를 시전자에게 전이합니다.[/center]
지속 시간: 즉시.[/center]
확률: 해당 없음[/center]
강도: 전이된 점수.[/center]
[/end]"
1554,"전이 -- 지구력[/center]
대상의 지구력 점수를 시전자에게 전이합니다.[/center]
지속 시간: 즉시.[/center]
확률: 해당 없음[/center]
강도: 전이된 점수.[/center]
[/end]"
1555,"전이 -- 매력[/center]
대상의 매력 점수를 시전자에게 전이합니다.[/center]
지속 시간: 즉시.[/center]
확률: 해당 없음[/center]
강도: 전이된 점수.[/center]
[/end]"
1556,"전이 -- 속도[/center]
대상의 속도 점수를 시전자에게 전이합니다.[/center]
지속 시간: 즉시.[/center]
확률: 해당 없음[/center]
강도: 전이된 점수.[/center]
[/end]"
1557,"전이 -- 행운[/center]
대상의 행운 점수를 시전자에게 전이합니다.[/center]
지속 시간: 즉시.[/center]
확률: 해당 없음[/center]
강도: 전이된 점수.[/center]
[/end]"
1558,"전이 -- 체력[/center]
대상의 체력 점수를 시전자에게 전이합니다.[/center]
지속 시간: 즉시.[/center]
확률: 해당 없음[/center]
강도: 전이된 점수.[/center]
[/end]"
1559,"전이 -- 피로도[/center]
대상의 피로도 점수를 시전자에게 전이합니다.[/center]
지속 시간: 즉시.[/center]
확률: 해당 없음[/center]
강도: 전이된 점수.[/center]
[/end]"
1560,"투명화 (일반)[/center]
대상이 투명해집니다. 대상이 무언가를 공격하면 해제됩니다.[/center]
공격 시.[/center]
지속 시간: 대상이 투명 상태를 유지하는 라운드 수.[/center]
확률: 해당 없음[/center]
강도: 해당 없음[/center]
[/end]"
1561,"투명화 (진실)[/center]
대상이 투명해집니다.[/center]
지속 시간: 대상이 투명 상태를 유지하는 라운드 수.[/center]
확률: 해당 없음[/center]
강도: 해당 없음[/center]
[/end]"
1562,"부양[/center]
대상이 지면 위로 떠오릅니다.[/center]
지속 시간: 대상이 부양하는 라운드 수.[/center]
확률: 해당 없음[/center]
강도: 해당 없음[/center]
[/end]"
1563,"빛[/center]
대상을 중심으로 광원을 생성합니다.[/center]
지속 시간: 대상이 빛나는 상태를 유지하는 라운드 수.[/center]
확률: 해당 없음[/center]
강도: 해당 없음[/center]
[/end]"
1564,"잠금[/center]
상자나 문을 시전자의 잠금 수준으로 잠급니다.[/center]
지속 시간: 주문 효과가 유지되는 라운드 수.[/center]
확률: 성공 확률.[/center]
강도: 해당 없음[/center]
[/end]"
1565,"열기[/center]
시전자의 잠금 수준에 맞춰 상자나 문을 엽니다.[/center]
지속 시간: 즉시.[/center]
확률: 성공 확률.[/center]
위력: 해당 없음[/center]
[/end]"
1566,"재생[/center]
대상이 매 라운드마다 체력을 재생합니다.[/center]
지속 시간: 대상이 재생하는 라운드 수.[/center]
확률: 해당 없음[/center]
위력: 매 라운드 재생되는 체력 수치.[/center]
[/end]"
1567,"침묵[/center]
대상을 침묵시켜 주문을 시전할 수 없게 합니다.[/center]
지속 시간: 침묵이 유지되는 라운드 수.[/center]
확률: 성공 확률.[/center]
위력: 해당 없음[/center]
[/end]"
1568,"주문 흡수[/center]
대상이 들어오는 주문 에너지를 흡수하여 자신의 매지카[/center]
저장소에 추가합니다.[/center]
지속 시간: 대상이 주문을 흡수할 라운드 수.[/center]
확률: 성공 확률.[/center]
위력: 해당 없음[/center]
[/end]"
1569,"주문 반사[/center]
대상이 들어오는 주문을 시전자에게 반사합니다.[/center]
지속 시간: 대상이 주문을 반사할 라운드 수.[/center]
확률: 성공 확률.[/center]
위력: 해당 없음[/center]
[/end]"
1570,"주문 저항[/center]
대상이 들어오는 주문에 저항합니다.[/center]
지속 시간: 대상이 주문에 저항할 라운드 수.[/center]
확률: 성공 확률.[/center]
위력: 해당 없음[/center]
[/end]"
1571,"카멜레온 (일반)[/center]
대상을 보기 어렵게 만듭니다. 카멜레온 상태인 대상이 공격하면 주문이 풀립니다.[/center]
지속 시간: 대상이 숨겨진 상태로 유지되는 라운드 수.[/center]
확률: 해당 없음[/center]
위력: 해당 없음[/center]
[/center]
[/end]"
1572,"카멜레온 (진)[/center]
대상을 보기 어렵게 만듭니다.[/center]
지속 시간: 대상이 숨겨진 상태로 유지되는 라운드 수.[/center]
확률: 해당 없음[/center]
위력: 해당 없음[/center]
[/end]"
1573,"그림자 (일반)[/center]
대상이 그림자 속으로 숨어듭니다. 그림자 속에 숨은 대상이 공격하면 주문이 풀립니다.[/center]
지속 시간: 대상이 숨겨진 상태로 유지되는 라운드 수.[/center]
확률: 해당 없음[/center]
위력: 해당 없음[/center]
[/center]
[/end]"
1574,"그림자 (진)[/center]
대상이 그림자 속으로 숨어듭니다.[/center]
지속 시간: 대상이 숨겨진 상태로 유지되는 라운드 수.[/center]
확률: 해당 없음[/center]
위력: 해당 없음[/center]
[/end]"
1575,"낙하 감속 (일반, 트리거)[/center]
대상이 평소 속도의 절반으로 떨어져 낙하 피해를 줄입니다.[/center]
대상이 떨어질 때 발동합니다.[/center]
지속 시간: 주문이 효과를 유지하는 라운드 수.[/center]
확률: 해당 없음[/center]
위력: 해당 없음[/center]
[/end]"
1576,"행동 자유[/center]
대상이 마비에 면역이 됩니다.[/center]
지속 시간: 면역이 유지되는 라운드 수.[/center]
확률: 해당 없음[/center]
위력: 해당 없음[/center]
[/end]"
1577,"도약[/center]
대상이 평소보다 두 배 더 높이 점프할 수 있습니다.[/center]
지속 시간: 주문이 활성화된 상태로 유지되는 라운드 수.[/center]
확률: 해당 없음[/center]
위력: 해당 없음[/center]
[/end]"
1578,"등반[/center]
대상이 평소보다 두 배 더 잘 등반할 수 있습니다.[/center]
지속 시간: 주문이 활성화된 상태로 유지되는 라운드 수.[/center]
확률: 해당 없음[/center]
위력: 해당 없음[/center]
[/end]"
1579,"자기 변신[/center]
시전자가 선택한 생물이나 물체로 변신합니다.[/center]
지속 시간: 변신이 유지되는 라운드 수.[/center]
확률: 성공 확률.[/center]
위력: 해당 없음[/center]
[/center]
[/end]"
1580,"타인 변신[/center]
대상이 시전자가 선택한 생물이나 물체로 변신합니다.[/center]
지속 시간: 변신이 유지되는 라운드 수.[/center]
확률: 성공 확률.[/center]
위력: 해당 없음[/center]
[/center]
[/end]"
1581,"물체 변신[/center]
물체가 시전자가 선택한 생물이나 물체로 변신합니다.[/center]
지속 시간: 변신이 유지되는 라운드 수.[/center]
확률: 성공 확률.[/center]
위력: 해당 없음[/center]
[/center]
[/end]"
1582,"수중 호흡[/center]
대상이 물속에서 정상적으로 숨을 쉴 수 있습니다.[/center]
지속 시간: 대상이 물속에서 숨을 쉴 수 있는 라운드 수.[/center]
확률: 성공 확률.[/center]
위력: 해당 없음[/center]
[/end]"
1583,"수면 보행[/center]
대상이 물 위를 걸을 수 있습니다.[/center]
지속 시간: 대상이 물 위를 걸을 수 있는 라운드 수.[/center]
확률: 성공 확률.[/center]
위력: 해당 없음[/center]
[/end]"
1584,"축소[/center]
대상이 평소 크기의 절반으로 줄어듭니다.[/center]
지속 시간: 대상이 축소된 상태로 유지되는 라운드 수.[/center]
확률: 성공 확률.[/center]
위력: 해당 없음[/center]
[/end]"
1585,"동물 진정[/center]
인간 이하의 지능을 가진 짐승을 진정시킵니다.[/center]
지속 시간: 동물이 온순한 상태로 유지되는 라운드 수.[/center]
확률: 진정 성공 확률.[/center]
위력: 해당 없음[/center]
[/end]"
1586,"언데드 진정[/center]
언데드 생물을 진정시킵니다.[/center]
지속 시간: 생물이 온순한 상태로 유지되는 라운드 수.[/center]
확률: 진정 성공 확률.[/center]
위력: 해당 없음[/center]
[/end]"
1587,"인간형 진정[/center]
인간형 생물을 진정시킵니다.[/center]
지속 시간: 인간형 생물이 온순한 상태로 유지되는 라운드 수.[/center]
확률: 진정 성공 확률.[/center]
위력: 해당 없음[/center]
[/end]"
1588,"데이드라 진정[/center]
데이드라를 진정시킵니다.[/center]
지속 시간: 데이드라가 온순한 상태로 유지되는 라운드 수.[/center]
확률: 진정 성공 확률.[/center]
위력: 해당 없음[/center]
[/end]"
1589,"매혹[/center]
대상에 대한 시전자의 매혹 수치를 높여 시전자의 평판을 개선합니다.[/center]
지속 시간: 시전자가 매혹적인 상태로 유지되는 라운드 수.[/center]
확률: 성공 확률.[/center]
위력: 해당 없음[/center]
[/center]
[/end]"
1590,"방패[/center]
대상이 마법 방패로 둘러싸입니다.[/center]
방패는 체력 피해를 흡수합니다. 방패는 피해가 한계에 도달하거나 주문이 끝날 때까지 유지됩니다.[/center]
지속 시간: 방패가 유지될 수 있는 라운드 수.[/center]
확률: 해당 없음[/center]
위력: 방패가 흡수할 수 있는 체력 피해량.[/center]
[/center]
[/end]"
1591,"방패[/center]
대상이 마법 방패로 둘러싸입니다.[/center]
방패는 체력 피해를 흡수합니다. 방패는 피해가 한계에 도달하거나 주문이 끝날 때까지 유지됩니다.[/center]
지속 시간: 방패가 유지될 수 있는 라운드 수.[/center]
확률: 해당 없음[/center]
위력: 방패가 흡수할 수 있는 체력 피해량.[/center]
[/center]
[/end]"
1592,"방패[/center]
대상이 마법 방패로 둘러싸입니다.[/center]
방패는 체력 피해를 흡수합니다. 방패는 피해가 한계에 도달하거나 주문이 끝날 때까지 유지됩니다.[/center]
지속 시간: 방패가 유지될 수 있는 라운드 수.[/center]
확률: 해당 없음[/center]
위력: 방패가 흡수할 수 있는 체력 피해량.[/center]
[/center]
[/end]"
1593,"방패[/center]
대상이 마법 방패로 둘러싸입니다.[/center]
방패는 체력 피해를 흡수합니다. 방패는 피해가 한계에 도달하거나 주문이 끝날 때까지 유지됩니다.[/center]
지속 시간: 방패가 유지될 수 있는 라운드 수.[/center]
확률: 해당 없음[/center]
위력: 방패가 흡수할 수 있는 체력 피해량.[/center]
[/center]
[/end]"
1594,"성계 여행[/center]
시전자를 성계로 보냅니다.[/center]
지속 시간: 시전자가 성계에 머무는 라운드 수.[/center]
확률: 해당 없음[/center]
위력: 해당 없음[/center]
[/end]"
1595,"영체화[/center]
시전자를 영체 상태로 만들어 벽을 통과할 수 있게 합니다.[/center]
지속 시간: 시전자가 영체 상태로 유지되는 라운드 수.[/center]
확률: 성공 확률.[/center]
위력: 해당 없음[/center]
[/end]"
1596,"마법 탐지[/center]
시전자가 자신의 전방에 있는 모든 마법을 탐지할 수 있습니다.[/center]
지속 시간: 시전자가 마법을 탐지할 수 있는 라운드 수.[/center]
확률: 해당 없음[/center]
위력: 해당 없음[/center]
[/end]"
1597,"적 탐지[/center]
시전자가 자신의 전방에 있는 모든 적을 탐지할 수 있습니다.[/center]
지속 시간: 시전자가 적을 탐지할 수 있는 라운드 수.[/center]
확률: 해당 없음[/center]
위력: 해당 없음[/center]
[/end]"
1598,"보물 탐지[/center]
시전자가 자신의 전방에 있는 모든 보물을 탐지할 수 있습니다.[/center]
지속 시간: 시전자가 보물을 탐지할 수 있는 라운드 수.[/center]
확률: 해당 없음[/center]
위력: 해당 없음[/center]
[/end]"
1599,"감정[/center]
시전자가 대상 물체를 감정할 수 있습니다.[/center]
지속 시간: 즉시.[/center]
확률: 정확한 감정 확률.[/center]
위력: 해당 없음[/center]
[/end]"
1600,"마법사의 시야[/center]
시전자의 시야가 자신의 몸에서 투영됩니다.[/center]
지속 시간: 시전자가 투영된 시야로 볼 수 있는 라운드 수.[/center]
확률: 해당 없음[/center]
위력: 해당 없음[/center]
[/end]"
1601,"어둠[/center]
대상을 어둠으로 둘러쌉니다.[/center]
지속 시간: 대상이 어둠에 잠기는 라운드 수.[/center]
확률: 성공 확률.[/center]
위력: 해당 없음[/center]
[/end]"
1602,"순간이동[/center]
시전자가 위치를 선택한 후, 즉시 해당 위치로 순간이동할 수 있습니다.[/center]
주문을 사용하려면 최소 두 번 시전해야 합니다(한 번은 위치 선택용).[/center]
지속 시간: 즉시.[/center]
확률: 정확한 위치로 순간이동할 확률.[/center]
위력: 해당 없음[/center]
[/center]
[/end]"
1603,"영혼 덫[/center]
죽음 이후, 대상의 영혼이 사용 가능한 그릇에 담깁니다.[/center]
지속 시간: 주문이 살아있는 대상을 저주하는 시간.[/center]
확률: 대상을 가둘 확률.[/center]
위력: 해당 없음[/center]
[/center]
[/end]"
1604,"염동력[/center]
시전자가 정신력으로 물체를 움직일 수 있게 합니다.[/center]
지속 시간: 시전자가 염동력을 사용할 수 있는 시간.[/center]
확률: 해당 없음[/center]
위력: 시전자가 조종할 수 있는 물체의 무게.[/center]
[/end]"
1605,"언어 이해[/center]
시전자가 모든 기록된 언어나 구어를 이해할 수 있습니다.[/center]
지속 시간: 시전자가 언어를 이해하는 시간.[/center]
확률: 언어 전체를 이해할 확률.[/center]
위력: 해당 없음[/center]
[/end]"
1606,"화염 강화[/center]
시전자가 일반적인 불의 빛을 강화할 수 있습니다.[/center]
지속 시간: 강화된 불이 지속되는 시간.[/center]
확률: 해당 없음[/center]
위력: 촛불 단위로 가능한 강화 정도.[/center]
[/end]"
1607,"화염 약화[/center]
시전자가 일반적인 불의 빛을 약화할 수 있습니다.[/center]
지속 시간: 약화된 불이 지속되는 시간.[/center]
확률: 해당 없음[/center]
위력: 촛불 단위로 가능한 약화 정도.[/center]
[/end]"
1608,"돌의 벽[/center]
시전자가 돌의 벽을 생성합니다.[/center]
지속 시간: 벽이 지속되는 시간.[/center]
확률: 해당 없음 위력: 벽의 크기(제곱미터).[/center]
[/end]"
1609,"화염의 벽[/center]
시전자가 화염의 벽을 생성합니다.[/center]
지속 시간: 벽이 지속되는 시간.[/center]
확률: 해당 없음 위력: 벽의 크기(제곱미터).[/center]
[/end]"
1610,"서리의 벽[/center]
시전자가 얼음의 벽을 생성합니다.[/center]
지속 시간: 벽이 지속되는 시간.[/center]
확률: 해당 없음 위력: 벽의 크기(제곱미터).[/center]
[/end]"
1611,"독의 벽[/center]
시전자가 독가스의 벽을 생성합니다.[/center]
지속 시간: 벽이 지속되는 시간.[/center]
확률: 해당 없음 위력: 벽의 크기(제곱미터).[/center]
[/end]"
1650,인챈터에게 적절히 지불할 금이 부족합니다.[/end]
1651,이 아이템은 한계를 초과하여 마법을 부여할 수 없습니다.[/end]
1652,아이템에 마법이 부여되었습니다.[/end]
1653,마법을 부여할 아이템을 선택해야 합니다.[/end]
1654,아이템에 부여된 마법이 없습니다.[/end]
1655,한 번에 하나의 아이템에만 마법을 부여할 수 있습니다.[/end]
1656,이미 마법을 부여할 아이템을 선택했습니다.[/end]
1657,이 아이템에는 더 이상 마법 능력을 부여할 수 없습니다.[/end]
1658,이 아이템에는 더 이상 부작용을 부여할 수 없습니다.[/end]
1659,이 아이템에는 마법을 부여할 수 없습니다.[/end]
1660,이 아이템은 이미 마법이 부여되어 있습니다.[/end]
1700,"이 페이지는 가득 찼습니다.[/center]
새 스크롤을 시작하십시오.[/center]
[/end]"
1701,"찾으시는 단어가[/center]
메모에 없습니다.[/center]
[/end]"
1702,"이 주문을 구매할 금이[/center]
부족합니다.[/center]
[/end]"
1703,"이 주문을 기록할 주문서가[/center]
없습니다.[/center]
[/end]"
1704,"마법서에 기록할 주문의 이름을[/center]
정해야 합니다.[/center]
[/end]"
1705,"주문이 마법서에[/center]
기록되었습니다.[/center]
[/end]"
1706,"주문이 일반 목록에 기록되었으며[/center]
Ted는 멋집니다.[/center]
[/end]"
1707,"주문 하나당 최대 세 가지 효과만[/center]
선택할 수 있습니다.[/center]
[/end]"
1708,"주문을 어떻게 변경하시겠습니까?[/center]
[/end]"
1709,"마법서에 남은 공간이 없습니다.[/center]
[/end]"
1800,주문의 아이콘을 변경합니다.[/record]
1801,화염에 대한 내성 굴림[/end]
1802,서리에 대한 내성 굴림[/end]
1803,독에 대한 내성 굴림[/end]
1804,전격에 대한 내성 굴림[/end]
1805,매지카에 대한 내성 굴림[/end]
1806,시전자 자신에게만 영향을 주는 주문[/end]
1807,접촉을 통해 대상에게 영향을 주는 주문[/end]
1808,원거리에서 시전하는 주문[/end]
1809,시전자 주변 지역에 영향을 주는 주문[/end]
1810,원거리 지역에 영향을 주는 주문[/end]
1811,주문에 효과 추가[/end]
1812,주문 구매[/end]
1813,현재 주문을 지우고 새로 시작[/end]
1814,주문 제작기 종료[/end]
1850,매지카가 부족합니다.[/end]
2000,"노르드는 스카이림 지방 출신입니다.[/center]
당신은 키가 크고 피부가 밝은 종족의 일원으로, 강인하고[/center]
의지가 굳으며 튼튼합니다. 스카이림의 기후 덕분에[/center]
노르드는 매우 추운 온도에도 저항력이 있으며,[/center]
얼음 기반의 마법 공격에도[/center]
피해를 거의 입지 않습니다. 노르드는 역사적으로[/center]
모든 전사의 기술에 적합한 종족입니다.[/center]
당신의 캐릭터를 노르드로 하시겠습니까?[/center]
[/end]"
2001,"카짓은 엘스웨어 지방 출신입니다.[/center]
당신은 황갈색 피부를 가진 종족의 일원으로, 매우[/center]
튼튼하고 지능적이며 민첩합니다. 많은 카짓은[/center]
자신들의 전설적인 고양이 사촌이자 거대한 사막을 사냥하는[/center]
포식자인 고양이를 닮기 위해 얼굴에 문양을 그립니다. 카짓은 대체로[/center]
등반에 뛰어나며,[/center]
모든 도둑의 기술에 능숙합니다.[/center]
당신의 캐릭터를 카짓으로 하시겠습니까?[/center]
[/center]
[/end]"
2002,"레드가드는 해머펠 지방 출신입니다.[/center]
당신은 어두운 피부를 가진 종족의 일원으로, 매우[/center]
튼튼하고 빠릅니다. 전설에 따르면 레드가드는[/center]
다른 어떤 종족보다도 선천적으로 무기 숙련도가 높다고 합니다. 일반적으로 레드가드는[/center]
훌륭한 전사가 됩니다.[/center]
당신의 캐릭터를 레드가드로 하시겠습니까?[/center]
[/center]
[/end]"
2003,"브레튼은 하이 락 지방 출신입니다.[/center]
당신은 키가 크고 피부가 밝은 종족의 일원으로,[/center]
매우 지능적이고 의지가 굳습니다. 마법은 브레튼 종족의 존재 그 자체에 깃들어 있는 듯합니다.[/center]
종족으로서 그들은 다른 어떤 집단보다 적대적인 마법의 효과에[/center]
저항력이 강하며,[/center]
따라서 모든 비전 마법에 탁월합니다.[/center]
당신의 캐릭터를 브레튼으로 하시겠습니까?[/center]
[/center]
[/end]"
2004,"아르고니안은 블랙 마시 지방 출신입니다.[/center]
당신은 고도로 진화한 파충류 종족의 일원으로,[/center]
지능,[/center]
민첩성, 속도로 유명합니다.[/center]
파충류의 특성 때문에 아르고니안은 수영할 때[/center]
쉽게 지치지 않습니다. 많은 아르고니안이 도둑질과[/center]
마법 시전 기술을 성공적으로 습득했지만, 전사로서도 높게 평가받는 이들이 있습니다.[/center]
당신의 캐릭터를 아르고니안으로 하시겠습니까?[/center]
[/center]
[/end]"
2005,"우드 엘프는 발렌우드 지방 출신입니다.[/center]
당신은 키가 크고 피부가 밝은 종족의 일원으로[/center]
매우 민첩하고 빠른 것으로 알려져 있습니다.[/center]
우드 엘프는 활과 화살에 타고난 친화력이 있으며,[/center]
종족의 모든 구성원이 해당 무기를 다루는 능력을 갖추고 있습니다.[/center]
거의 모든 직업군에 유명한 우드 엘프가 있지만,[/center]
도둑의 기술은 그들의 특별한 장기입니다.[/center]
당신의 캐릭터를 우드 엘프로 하시겠습니까?[/center]
[/center]
[/end]"
2006,"하이 엘프는 서머셋 지방 출신입니다.[/center]
당신은 키가 크고 황금빛 피부를 가진 종족의 일원으로,[/center]
매우 지능적이고 민첩하며 의지가 굳습니다.[/center]
서머셋 섬의 마법적 특성으로 인해 하이[/center]
엘프는 마비 독과 마법에 면역인 타고난 마법사입니다.[/center]
당신의 캐릭터를 하이 엘프로 하시겠습니까?[/center]
[/center]
[/end]"
2007,"다크 엘프는 모로윈드 지방 출신입니다.[/center]
당신은 키가 크고 어두운 피부를 가진[/center]
종족의 일원으로, 매우 강인하고 지능적이며[/center]
빠른 것으로 알려져 있습니다.[/center]
그들은 모든 기술 분야에서 매우 다재다능하며 전사와 마법사로 잘 알려져 있습니다.[/center]
당신의 캐릭터를 다크 엘프로 하시겠습니까?[/center]
[/end]"
2050,"마법사 길드는 5명의 대마도학장으로 구성된 의회 아래 운영되는[/center]
지방 간 조직으로, 매지카의 연구와 응용에 전념하고 있습니다.[/center]
저희 학생들은 대중적인 물약과 마법 아이템을 다수 제조하여[/center]
합리적인 가격에 제공하고 있습니다.[/center]
또한 다양한 표준 주문과 물약 재료도 판매하고 있습니다.[/center]
게다가 저희 연구실은 자신만의 주문을 창조하고자 하는[/center]
진지한 매지카 연구자라면 누구나 이용할 수 있습니다.[/center]
물론, 마법사 길드는 단순한 호기심 해결을 위한 상점이 아닙니다.[/center]
마법사 길드에 가입할 자격이 있다고 판단된 이들에게는[/center]
모든 종류의 도서관과 실험실에 대한 접근 권한이 주어집니다.[/center]
물론 한꺼번에 주어지는 것은 아니며, 점진적으로 제공됩니다.[/center]
누구에게 큰 힘을 맡길지 신중해야 하기 때문입니다.[/center]
결국 마법사 길드는 책임감이 가장 중요합니다.[/center]
혹시 가입에 관심이 있으십니까?[/center]
[/center]
[/center]
[/center]
[/center]
[/center]
[/center]
[/center]
[/end]"
2051,"아카토쉬 성가회는 위대한 드래곤, 아카토쉬를 숭배하는 데 전념합니다.[/center]
아카토쉬는 가장 변함없는 신이신데, 그분의 영역이 바로 시간 그 자체이기 때문입니다.[/center]
혹시 시간의 축복이 필요하고 상당한 기부를 할 의향이 있으시다면,[/center]
아카토쉬께서 미소 지으며 시간을 허락하실지도 모릅니다.[/center]
부상을 치유할 시간이나, 여행을 단축할 시간 같은 것 말입니다.[/center]
저희 성가회의 사제와 여사제들은 아카토쉬 성가회 회원들을 위해[/center]
다양한 기술과 서비스를 제공합니다.[/center]
물론, 아카토쉬의 위대한 날개 아래 보호받기 전에는[/center]
먼저 자격이 있는지 심사를 거쳐야 합니다.[/center]
혹시 가입에 관심이 있으십니까?[/center]
[/center]
[/center]
[/center]
[/center]
[/center]
[/center]
[/center]
[/end]"
2052,"저희는 탄생과 죽음의 신, 아케이의 교단입니다. 아케이는 모든 남성과 여성,[/center]
인간, 엘프, 카짓, 아르고니안을 이 세상으로 인도하고,[/center]
때가 되면 그들의 순환을 끝맺는 위대한 영혼입니다.[/center]
아케이는 다산과 역병, 기쁨과 슬픔 그 자체입니다.[/center]
저희 교단은 아케이가 상징하는 축복받은 중립성을 기념합니다.[/center]
저희는 낯선 이들에게 축복을 내리지 않는데, 이는 은총이나 저주를 내리는 것이[/center]
영원한 균형을 무너뜨릴 수 있기 때문입니다. 하지만 교단은 회원들에게 많은 것을 제공합니다.[/center]
저희 도서관과 현자들은 탐리엘에서 가장 뛰어난 수준을 자랑합니다.[/center]
물론, 탄생과 죽음의 신비에 입문할 자격을 갖춘 이는 드뭅니다.[/center]
혹시 가입에 관심이 있으십니까?[/center]
[/center]
[/center]
[/center]
[/center]
[/center]
[/center]
[/end]"
2053,"디벨라 교단에서 저희는 아름다움을 통해 진리를 추구하며,[/center]
아름다움의 화신인 여신 디벨라를 숭배합니다.[/center]
디벨라는 저희 교단에 관대하게 기부하는 이들에게 미소 짓습니다.[/center]
그녀는 기부자들에게 매혹과 우아함을 선사합니다. 물론 기부한 만큼에 비례해서 말입니다.[/center]
저희는 항상 디벨라 교단의 새로운 입문자를 환영하지만,[/center]
조화를 증진하는 기술을 가진 이들만 받아들입니다. 솔직히 말해,[/center]
자격을 갖춘 이는 매우 드뭅니다.[/center]
혹시 가입에 관심이 있으십니까?[/center]
[/center]
[/center]
[/center]
[/center]
[/center]
[/center]
[/end]"
2054,"탐리엘의 어머니 여신을 모시는 신전은 베네볼런스라 불리는데,[/center]
저희는 모든 생명체를 마라의 자식인 형제로 통합하는 임무에 헌신하기 때문입니다.[/center]
저희는 불관용을 보이는 이들만을 배척하며, 증오하는 이들만을 증오합니다.[/center]
마라는 저희의 어머니 여신이며, 그녀는 모든 이에게 사랑이라는 선물을 축복으로 내립니다.[/center]
특히 탐리엘에서 그녀의 추종자들을 돕는 이들을 총애합니다.[/center]
저희 베네볼런스에 합리적인 기부를 하시면, 축복을 받고[/center]
당신을 가장 사랑하는 이에게 영원히 사랑받게 될 것입니다.[/center]
어머니 여신께 더욱 헌신하는 이들은 더 큰 축복을 받습니다.[/center]
저희 사제와 여사제들은 마라의 탐리엘이 가진 위대함을 연구하며 많은 것을 배웠습니다.[/center]
그래서 마라의 부름에 진실하다고 판단된 입문자들과 나눌 것이 많습니다.[/center]
혹시 가입에 관심이 있으십니까?[/center]
[/center]
[/center]
[/center]
[/center]
[/center]
[/center]
[/center]
[/center]
[/center]
[/center]
[/end]"
2055,"줄리아노스 학파는 멀고 희미한 신을 향한 맹목적인 복종에 전념하는 단순한 신전이 아닙니다.[/center]
줄리아노스는 분명 신이시지만, 무엇보다 배움, 논리, 철학, 지혜의 상징이십니다.[/center]
저희는 지식의 선함 외에 다른 도덕 철학을 지지하지 않습니다.[/center]
위대한 사이직이 말했듯, 무지의 힘은 진정으로 미스릴을 유리처럼 산산조각 낼 수 있습니다.[/center]
그것이 저희의 적입니다.[/center]
학문은 길고 험난한 여정이며, 줄리아노스께서는 이를 단축하려는 자들을 용납하지 않으십니다.[/center]
하지만 그분의 학파에 관대하게 기부하는 이들에게는[/center]
일시적으로 마법 기술을 향상시키는 축복을 내리십니다.[/center]
저희는 모든 탐리엘인들의 문해력과 교육을 옹호하지만,[/center]
학파에 가입하려는 이들에 대한 정책은 매우 엄격합니다.[/center]
저희는 느리고 게으른 자들을 훈련하는 데 시간을 낭비할 여유가 없습니다.[/center]
혹시 가입에 관심이 있으십니까?[/center]
[/center]
[/center]
[/center]
[/center]
[/center]
[/center]
[/center]
[/center]
[/center]
[/end]"
2056,"저희의 여신은 하늘 그 자체를 영역으로 삼으시는 키나레스이십니다.[/center]
그녀는 때때로 공기의 여신, 순결한 분이라 불립니다.[/center]
부정한 데이드릭 영혼들과 싸우기 위해 전사 군주 모리하우스에게[/center]
군주의 갑옷을 하사하신 분도 바로 그녀이십니다.[/center]
여신의 영광으로 저희는 탐리엘 최고의 의술을 갖추게 되었으며,[/center]
마법적 질병과 일반적인 질병을 치유하는 능력은 진정 독보적입니다.[/center]
다른 신전들은 자신들의 사제들만 치유하지만, 저희는 박애주의자들입니다.[/center]
물론 여신께서는 자신의 추종자들에게 특별한 총애를 보이십니다.[/center]
저희는 여신에 대한 헌신을 보여주고 그 헌신을 가치 있게 만들 기술을 갖춘[/center]
새로운 입문자들을 받아들입니다.[/center]
혹시 가입에 관심이 있으십니까?[/center]
[/center]
[/center]
[/center]
[/center]
[/center]
[/center]
[/center]
[/end]"
2057,"저희의 신은 자비의 신, 스텐다르입니다. 누군가는[/center]
저희의 연민을 비웃으며 감상적인 바보들이나[/center]
마음 약한 자들이라 부르기도 합니다. 하지만 진실은, 아무리[/center]
강한 자라도 행운의 신인 사이가[/center]
그들을 저버리면 결국 저희에게 기어온다는 것입니다.[/center]
저희가 여행자에게 베푸는 선물은 소박합니다. 고통받는 이들을[/center]
치유하는 것이죠. 더 복잡한[/center]
질병이나 중독 같은 질환은[/center]
키나레스 신전으로 안내해 드립니다. 그곳은[/center]
최고의 약제사들이 있고, 저희는[/center]
최고의 외과의들이기에 마땅한 존중을 표하는 것입니다.[/center]
만약 열망과 적성이 있다면, 누구든[/center]
신전에 입단할 수 있습니다. 탐리엘의 모든 이를 돕고 싶지만, 저희가[/center]
훈련하고 도울 수 있는 인원은 소수에 불과합니다. 때로는[/center]
자신에 대한 연민부터 시작하는 것이 가장 좋을 때도 있습니다.[/center]
혹시 입단에 관심이 있으십니까?[/center]
[/center]
[/center]
[/center]
[/center]
[/end]"
2058,"저희는 상업의 신이자 상인과 용병의 수호자인 제니타르를[/center]
모시는 신전입니다. 아주 오래전, 저희 운동이 시작될 때 선조들은[/center]
저희를 다른 곳과는 다른 신전으로 만들었습니다. 적응력이 뛰어나면서도[/center]
시간의 폭풍을 견뎌낼 수 있는 곳 말입니다. 그래서 저희는 신전이라는[/center]
단어보다 훨씬 더 설명적인 용어인 결의회라 불립니다.[/center]
제니타르의 결의회는 저희를 지지하는 이들을 지지합니다. 저희는[/center]
기부, 선물, 면죄부 같은 단어 뒤에 숨지 않습니다. 결의회에 내는[/center]
비용에 비례하여 다른 상인들과 흥정하는 기술이 증가하지만,[/center]
일시적일 뿐입니다. 기술을 영구적으로[/center]
향상하고 싶다면, 결의회에 입단하여[/center]
저희 훈련 교관들을 만나보시는 것이 좋습니다.[/center]
제니타르의 결의회 입단은 누구에게나 열려 있지 않습니다. 최소한의 기술을[/center]
이미 갖춘 이들만이 고려 대상이 됩니다. 초심자들에게 시간을 낭비하는 것은[/center]
저희에게 이득이 되지 않습니다. 최소한, 저희는 전문가들이니까요.[/center]
혹시 입단에 관심이 있으십니까?[/center]
[/center]
[/center]
[/center]
[/center]
[/center]
[/center]
[/center]
[/center]
[/center]
[/end]"
2059,"저희 등불 기사단은 마법사 길드의 수호자입니다. 저희는 대마도학장의[/center]
직접적인 명령에 따라 팔란티누스를 따릅니다.[/center]
저희는 마법사 길드에서 특정 서비스에 대한 적절한 권리를 부여받습니다. 기사단 내의 계급은[/center]
권리와 특권 측면에서 길드 내의 계급과 비슷합니다.[/center]
이 기사단은 이미 전투 기술을 입증했고 마법사 길드와[/center]
좋은 관계를 유지하고 있는 이들에게만 열려 있습니다.[/center]
[/center]
[/center]
[/center]
[/center]
[/center]
[/center]
[/end]"
2060,"용 기사단은 대거폴의 도시와 왕실을 보호하는 공식적인 임무를[/center]
맡고 있습니다. 저희는 베토니 전쟁의 가장 위대한 영웅인[/center]
존경받는 브리지웰 경의 지휘를 받습니다.[/center]
저희 전투 기사단에 입단하려면 뛰어난 전투[/center]
기술과 대거폴에 대한 명예와 충성심을 입증해야 합니다. 그 대가로, 저희 기사들은[/center]
대거폴에서 비할 데 없는 존중을 받습니다.[/center]
혹시 입단에 관심이 있으십니까?[/center]
[/center]
[/center]
[/center]
[/center]
[/center]
[/center]
[/end]"
2061,"촛불 기사단은 센티넬 왕국의 공식적인 수호자이자 전사로서[/center]
해체된 달 기사단을 대신하게 되었습니다. 달의 보섹 경과 카바 경이 저희의 지휘관이며[/center]
저희는 그들의 명령을 절대적으로 따릅니다.[/center]
센티넬에서 저희보다 더 큰 존중을 받는 기사단, 길드, 조직은 없습니다. 뛰어난 전투[/center]
기술을 갖추고 센티넬 왕실에 대한 충성심을 입증한 남녀만이[/center]
입단 고려 대상이 될 것입니다.[/center]
혹시 입단에 관심이 있으십니까?[/center]
[/center]
[/center]
[/center]
[/center]
[/center]
[/center]
[/center]
[/end]"
2062,"저희 장미 기사단은 웨이레스트의 에드와이어 왕 폐하의 호위이자 강력한 팔이 되는 영광을[/center]
누리고 있습니다. 왕실에서 가장 위대한 기사들이 저희 기사단의 일원이며, 저희는[/center]
만과 탐리엘 전역에서 벌어진 내부 및 주 간의 투쟁을 통해 그 가치를 입증했습니다.[/center]
전투 능력과 왕에 대한 진정한 충성심이 합당하다고 판단되는 소수의 분들에게,[/center]
저희는 웨이레스트에서 가장 존경받는 기사단에 입단할 기회를 드립니다.[/center]
혹시 입단에 관심이 있으십니까?[/center]
[/center]
[/center]
[/center]
[/center]
[/center]
[/center]
[/center]
[/center]
[/end]"
2063,"불꽃 기사단은 안티클레어 영지의 고귀한 전사들입니다. 저희는 베토니 전쟁 이후의 혼란에서[/center]
저희를 구해주신 플라이트 경과 부인께 변함없는 충성을 맹세합니다.[/center]
안티클레어와 저희의 축복받은 후원자들에 대한 충성심으로 알려진 이들만이[/center]
저희 기사단에 입단할 자격이 있다고 판단됩니다. 그 충성에 대한 대가로,[/center]
저희 기사들은 안티클레어에서 신과 같은 대우를 받습니다.[/center]
혹시 입단에 관심이 있으십니까?[/center]
[/center]
[/center]
[/center]
[/center]
[/center]
[/center]
[/end]"
2064,"뿔의 군세는[/center]
가장 두려운 존재인 슈라이크 남작 각하를 모시는 영광을 누리고 있습니다. 우리의[/center]
임무는 전면전부터 첩보 활동, 세금 징수에 이르는 모든 중요한 활동으로 구성됩니다.[/center]
이 혼란을 해소할 필요가 있겠군요. 남작의 나약한 동생인 케인 경은[/center]
레인린의 왕좌를 불법적으로 찬탈하려는 자신의 기사단을 거느리고 있으며,[/center]
그는 자신의[/center]
가련한 집단을 참된 뿔의 군세라고 어리석게 부르고 있습니다.[/center]
슈라이크 남작에 대한 충성심과[/center]
전투 기량을 증명한 자라면, 우리의 자랑스러운 군세에 입단할 자격이 주어질 수 있습니다. 우리는[/center]
가망 없는 자들과 시간을 낭비하며[/center]
레인린의 모든 이들에게 두려움과 존경을 얻은 것이 아닙니다.[/center]
혹시 입단에 관심이 있으십니까?[/center]
[/center]
[/center]
[/center]
[/center]
[/center]
[/center]
[/end]"
2065,"부엉이 기사단은[/center]
글렌포인트 왕실을 보호하고 그들을 위해 싸울 책임을 지고 있습니다. 가장 세련된[/center]
전투 기술을 갖추고 글렌포인트의 안녕을 위해 헌신하는 자들만이[/center]
우리 기사단에 합류할 수 있습니다.[/center]
우리 기사들은 남작의 왕실 호위대이며 글렌포인트 전역에서[/center]
비할 데 없는 존경을 받습니다.[/center]
혹시 입단에 관심이 있으십니까?[/center]
[/center]
[/center]
[/center]
[/center]
[/center]
[/end]"
2066,"겸손하게 말씀드리자면, 까마귀 기사단은[/center]
전설적인 전투 기사단입니다. 저희는 카모란[/center]
찬탈자에 맞선 전투를 이끌고 탐리엘의 절반을[/center]
그의 폭정으로부터 해방시킨 영광을 안고 있습니다.[/center]
저희는 여전히 드위넨 남작령의 선봉대로 남아[/center]
지역 전체를 수호하고 있습니다. 저희의 명성을 고려할 때,[/center]
남작의 가장 충성스러운 신하이자 가장 위대한[/center]
전사가 아닌 자는 누구도 기사단에 받아들일 수[/center]
없습니다.[/center]
혹시 입단에 관심이 있으십니까?[/center]
[/center]
[/center]
[/end]"
2067,"바퀴 기사단은 모든 군사적 상황에서 왕실과[/center]
아비본-고라 시를 대표합니다.[/center]
저희는 현재 새로운 신병을 모집하고 있지 않습니다.[/center]
하지만 아비본-고라에 대한 충성심으로 알려진[/center]
재능 있는 전사라면 고려해 볼 여지는 있습니다.[/center]
혹시 입단에 관심이 있으십니까?[/center]
[/center]
[/center]
[/center]
[/center]
[/end]"
2068,"쇠똥구리 기사단은 토탐부 왕실의 공식 호위대라는[/center]
영광을 누리고 있습니다. 저희의 임무는 막중하며[/center]
그만큼 저희가 받는 총애도 큽니다. 오직 가장 세련되고[/center]
충성스러운 전사만이 입단 후보로 고려됩니다. 이는[/center]
실로 매우 큰 영광입니다.[/center]
혹시 입단에 관심이 있으십니까?[/center]
[/center]
[/center]
[/end]"
2069,"매 기사단은 안티필로스 마을과 왕실의 고귀한[/center]
전사이자 수호자로서 활동합니다. 많은 이들이 명예와[/center]
위신을 위해 어린 시절부터 저희 기사단에 입단하고자[/center]
훈련해 왔습니다.[/center]
혹시 입단에 관심이 있으십니까?[/center]
[/center]
[/center]
[/end]"
2070,"원 기사단은 아케이 교단의 군사 조직입니다. 교단을[/center]
수호하고 그들의 전투를 대신 치르는 것이 저희의 엄숙한[/center]
임무입니다. 아케이 신과 교단에 대한 저희의 헌신은[/center]
완전합니다.[/center]
오직 뛰어난 전투 기량을 갖추고 아케이 신과 교단에[/center]
변함없는 충성심을 바치는 자만이 원 기사단에 포함될[/center]
자격이 있습니다.[/center]
혹시 입단에 관심이 있으십니까?[/center]
[/center]
[/center]
[/end]"
2071,"저희 철 기사단은 제니타르의 결의회의 군사 원정을[/center]
책임지고 있습니다. 제니타르는 단순히 상인과 상업의[/center]
신일 뿐만 아니라, 전사의 신이기도 합니다. 저희는 그분의[/center]
그러한 면모를 대변합니다.[/center]
분명히 말씀드리자면, 뛰어난 전사가 아니거나 저희 대의에[/center]
완전히 헌신하지 않는 신입 단원을 받는 것은 저희에게[/center]
어울리지 않습니다.[/center]
혹시 입단에 관심이 있으십니까?[/center]
[/center]
[/center]
[/center]
[/end]"
2072,"마라는 사랑과 평화를 상징합니다. 그녀와 그녀의 자비로운[/center]
교단은 위선적으로 들릴지 모르나, 이러한 평화를 얻기 위해[/center]
군사력이 종종 필요하다는 것을 인정합니다. 마라 기사단은[/center]
이러한 군사력을 대변합니다.[/center]
저희는 인정하건대 논란이 많은 기사단입니다. 신전 내의 일부[/center]
잘못된 생각을 가진 성직자들은 저희가 해체되기를 바라지만,[/center]
그들은 소수일 뿐이며 모두가 저희의 기술과 충성심을[/center]
존중합니다.[/center]
혹시 입단에 관심이 있으십니까?[/center]
[/center]
[/center]
[/end]"
2073,"저희는 아카토쉬 성가회의 군사 조직인 시간 기사단으로,[/center]
성가회를 수호하는 임무를 맡고 있습니다. 저희 기사들은 위대한[/center]
드래곤에게 헌신하며, 그분이 상징하는 안정과 영속성이라는[/center]
약속을 지키기 위해 노력합니다.[/center]
저희의 임무는 실로 다양하며, 그에 따른 명예도 풍성합니다.[/center]
저희 기사단의 입문자는 성가회 입문자와 동일한 권리와[/center]
명예를 가집니다.[/center]
혹시 입단에 관심이 있으십니까?[/center]
[/center]
[/center]
[/center]
[/end]"
2074,"멘토 기사단은 줄리아노스 학파의 형제이자 자매입니다. 그들이[/center]
연구를 수행하고 학파의 도서관을 확장하는 동안, 저희는 그들을[/center]
보호합니다. 그리고 그들은 그 대가로 확장된 지식을 저희와[/center]
공유합니다. 이는 완벽한 관계이며 우리 모두에게 동등하게[/center]
이익이 됩니다.[/center]
당연히, 뛰어난 군사적 기량을 갖추고 줄리아노스 신과 학파에[/center]
충성심을 증명한 자만이 멘토 기사단 가입을 고려받을 수[/center]
있습니다.[/center]
혹시 입단에 관심이 있으십니까?[/center]
[/center]
[/center]
[/center]
[/center]
[/end]"
2075,"디벨라 교단은 탐리엘에서 가장 고귀한 기관이며, 저희 백합[/center]
기사단은 그 대의에 굳건히 헌신하고 있습니다. 유일한 결점은[/center]
내부의 사제와 여사제들이 스스로를 적절히 보호하기에는 아름다움을[/center]
전파하는 데 너무 몰두해 있다는 점입니다.[/center]
그것이 바로 백합 기사단의 신성한 대의입니다. 저희는 교단을[/center]
보호하고 동등한 계급의 성직자로부터 훈련과 축복을 받습니다.[/center]
아름다움을 위한 대의보다 더 나은 전투 명분은 생각할 수[/center]
없습니다.[/center]
혹시 입단에 관심이 있으십니까?[/center]
[/center]
[/center]
[/center]
[/center]
[/center]
[/end]"
2076,"저희 자비로운 스텐다르 기사단은 스스로를 성전사단이라 부르는데,[/center]
신전을 보호하고 그 전투를 대신 치르는 것이 저희의 신성한[/center]
임무이기 때문입니다. 저희는 신전의 연민과 자선 철학을 굳게[/center]
지지하지만, 신전이 약하다면 현실적으로 생존할 수 없다는 점을[/center]
인정합니다.[/center]
오직 뛰어난 전투 능력과 스텐다르 신 및 신전에 대한 입증된[/center]
헌신을 갖춘 자만이 성전사단 가입 자격이 있습니다.[/center]
혹시 입단에 관심이 있으십니까?[/center]
[/center]
[/center]
[/center]
[/center]
[/center]
[/end]"
2077,"저희는 키나레스 여신의 강력한 팔이자, 탐리엘 전역에서 그녀의[/center]
대의를 위해 싸우는 신전의 분파입니다. 키나레스 기사단 단원들은[/center]
신전으로부터 기술과 충성심을 인정받아, 내부의 축복과 서비스를[/center]
온전히 이용할 수 있습니다. 물론 기사단 내 개인의 계급에 따라[/center]
다릅니다.[/center]
키나레스 기사단 가입 후보자는 전투 기술과 신전에서의 평판을[/center]
바탕으로 선정됩니다.[/center]
혹시 입단에 관심이 있으십니까?[/center]
[/center]
[/center]
[/center]
[/center]
[/center]
[/center]
[/end]"
2100,"마법사는 신비로운 마법 예술의 연구와 실천에 평생을 바치는[/center]
자들입니다. 숙련된 마법사는 상대하기에 치명적인 힘이 될 수[/center]
있습니다. 마법사에게 가장 중요한 기술은 모든 매지카 학파인[/center]
신비마법, 변화마법, 기적술, 환영마법, 파괴마법, 회복마법입니다.[/center]
당신의 캐릭터를 마법사로 하시겠습니까?[/center]
[/center]
[/center]
[/end]"
2101,"마검사는 마법 사용에도 매우 능숙한 전사입니다. 이러한 이중[/center]
전문성은 마검사를 실로 강력한 상대로 만듭니다. 마검사에게[/center]
가장 중요한 기술은 도끼, 장검, 둔기, 파괴마법, 환영마법,[/center]
변화마법입니다.[/center]
당신의 캐릭터를 마검사로 하시겠습니까?[/center]
[/center]
[/center]
[/end]"
2102,"전투마법사는 마법에 대한 숙련도를 전투 목적으로 사용합니다.[/center]
그들은 공격적인 마법 주문을 시전하는 데 타고난 재능이 있습니다.[/center]
전투마법사에게 가장 중요한 기술은 파괴마법, 장검, 도끼,[/center]
기적술, 변화마법, 맨손 격투입니다.[/center]
당신의 캐릭터를 전투마법사로 하시겠습니까?[/center]
[/center]
[/end]"
2103,"소서러는 마법 조작에 매우 능숙하지만[/center]
스스로 매지카를 생성하지는 못합니다.[/center]
대신 자신에게 시전된 주문의 에너지를 흡수하여[/center]
그 에너지를 자신의 주문을 시전하는 데 사용합니다.[/center]
소서러의 주요 기술은 다음과 같습니다: 모든 매지카 학파 --[/center]
신비마법, 변화마법, 기적술,[/center]
파괴마법, 회복마법, 환영술.[/center]
당신의 캐릭터를 소서러로 하시겠습니까?[/center]
[/end]"
2104,"치유사는 마법을 사용하여 부상을 치료하고[/center]
질병을 고칩니다. 이들의 역할은 주로[/center]
방어적인 성격을 띱니다. 치유사에게 가장 중요한 기술은[/center]
회복마법, 의술, 회피, 기적술,[/center]
신비마법, 변화마법입니다.[/center]
당신의 캐릭터를 치유사로 하시겠습니까?[/center]
[/end]"
2105,"나이트블레이드는 마법 능력을[/center]
은밀한 행동의 보조 수단으로 사용합니다. 나이트블레이드는 종종 마법을 사용할 수 있는 도둑과[/center]
비슷합니다. 나이트블레이드에게 가장 중요한 기술은 다음과 같습니다:[/center]
환영술, 은신, 회피,[/center]
기적술, 단검, 그리고 자물쇠 따기입니다.[/center]
당신의 캐릭터를 나이트블레이드로 하시겠습니까?[/center]
[/end]"
2106,"음유시인은 가장 다재다능한 직업으로,[/center]
다양한 예술을 익혔습니다. 이들은 무기, 마법,[/center]
그리고 도둑의 재능에 익숙합니다. 음유시인이 가장 자주 사용하는 기술은 다음과 같습니다:[/center]
거리 감각, 예법,[/center]
소매치기, 은신, 단검, 그리고[/center]
맨손 격투입니다.[/center]
당신의 캐릭터를 음유시인으로 하시겠습니까?[/center]
[/end]"
2107,"도둑은 자물쇠 따기 기술에 정통합니다.[/center]
이들은 가장 안전한 귀족의 저택에도 들키지 않고 잠입하여[/center]
발각되지 않고 탈출할 수 있습니다.[/center]
가장 중요한 도둑 기술은 다음과 같습니다: 자물쇠 따기,[/center]
은신, 등반, 상술,[/center]
회피, 단검입니다.[/center]
당신의 캐릭터를 도둑으로 하시겠습니까?[/center]
[/end]"
2108,"도적은 도둑의 은밀한 기술과[/center]
전사의 전투 기술을 모두 훈련받았습니다. 도적은 다음 기술들에 가장 크게 의존합니다: 장검,[/center]
은신, 회피, 소매치기, 기습 공격,[/center]
그리고 거리 감각입니다.[/center]
당신의 캐릭터를 도적으로 하시겠습니까?[/center]
[/center]
[/end]"
2109,"곡예사는 도둑의 기술을 연마하며, 뛰어난 신체 능력을 사용하여[/center]
자신을 돕습니다.[/center]
이들은 매우 빠르고 민첩하며 날렵합니다. 곡예사에게 가장[/center]
중요한 기술은 다음과 같습니다: 도약, 회피,[/center]
달리기, 등반, 맨손 격투, 은신입니다.[/center]
당신의 캐릭터를 곡예사로 하시겠습니까?[/center]
[/end]"
2110,"도둑은 생계를 위해 은신, 속도, 그리고 교활함을 사용하는 데[/center]
능숙한 것으로 잘 알려져 있습니다. 도둑에게 가장 중요한 여섯 가지 기술은 다음과 같습니다:[/center]
소매치기, 은신, 단검,[/center]
기습 공격, 등반, 그리고 자물쇠 따기입니다.[/center]
당신의 캐릭터를 도둑으로 하시겠습니까?[/center]
[/center]
[/end]"
2111,"암살자는 두려움과 존경의 대상인데, 이들은[/center]
밤을 은신처로 삼고 교활함을 발휘하여[/center]
치명적인 일격을 가하기 때문입니다. 아무리 튼튼한 자물쇠라도[/center]
암살자의 칼날을 막을 수는 없습니다. 가장 중요한 암살자[/center]
기술은 다음과 같습니다: 치명타, 기습 공격, 은신,[/center]
단검, 장검, 그리고 둔기입니다.[/center]
당신의 캐릭터를 암살자로 하시겠습니까?[/center]
[/end]"
2112,"수도사는 정신 수양을 특별히 훈련받았습니다. 이러한[/center]
강렬한 정신적 자각에는 신체를 치명적인 무기로[/center]
바꾸는 능력이 포함됩니다. 수도사에게 가장[/center]
중요한 기술은 다음과 같습니다: 맨손 격투, 치명타,[/center]
회피, 수영, 의술, 둔기입니다.[/center]
당신의 캐릭터를 수도사로 하시겠습니까?[/center]
[/end]"
2113,"궁수는 활 사용법을 전문적으로 훈련받은[/center]
전사입니다. 궁수에게 가장 중요한 기술은 다음과 같습니다:[/center]
궁술, 맨손 격투, 회피[/center]
도끼, 둔기, 그리고 치명타입니다.[/center]
당신의 캐릭터를 궁수로 하시겠습니까?[/center]
[/end]"
2114,"레인저는 야생 환경에 익숙하며[/center]
뛰어난 사냥꾼입니다. 생존과[/center]
추적 기술에 매우 능숙합니다. 레인저에게 가장 중요한 기술은 다음과 같습니다:[/center]
장검, 도끼, 등반, 수영,[/center]
궁술, 그리고 치명타입니다.[/center]
당신의 캐릭터를 레인저로 하시겠습니까?[/center]
[/end]"
2115,"야만인은 문명화된 지역의 변두리에 있는 거친[/center]
땅에서 온 전사들입니다. 이들은 훌륭한[/center]
전투원이며, 최악의 조건에서도 생존하는 데 적합합니다.[/center]
야만인이 가장 많이 사용하는 기술은 다음과 같습니다:[/center]
둔기, 장검, 도끼,[/center]
도약, 달리기, 그리고 수영입니다.[/center]
당신의 캐릭터를 야만인으로 하시겠습니까?[/center]
[/end]"
2116,"전사는 전투와 전쟁 기술을 집중적으로 훈련받은[/center]
자들입니다. 이들은 다양한[/center]
무기 사용에 능숙하며 대개 중갑을 착용합니다. 전사에게 가장[/center]
중요한 기술은 다음과 같습니다: 도끼, 장검,[/center]
둔기, 맨손 격투, 궁술, 그리고 단검입니다.[/center]
당신의 캐릭터를 전사로 하시겠습니까?[/center]
[/end]"
2117,"기사는 전사로 훈련받은 자들입니다. 이들은 고귀한[/center]
혈통 출신이며, 기사도 정신을 준수합니다.[/center]
기사에게 가장 중요한 기술은 다음과 같습니다:[/center]
장검, 예법, 둔기, 도끼,[/center]
궁술 그리고 단검입니다.[/center]
당신의 캐릭터를 기사로 하시겠습니까?[/center]
[/end]"
2200,"캐릭터의 성별을 선택하십시오.[/center]
[/end]"
2400,"도움말 - 일반[/center]
[/record]
직업 생성기를 사용하면 자신만의 직업을 만들 수 있습니다.[/left]
새 직업에는 다음 항목이 포함되어야 합니다:[/left]
1. 이름[/left]
2. 주요 기술 3개[/left]
3. 주요 기술 3개[/left]
4. 부차 기술 6개[/left]
그 외의 모든 사용자 지정 기능은 선택 사항입니다:[/left]
특수 장점이나 단점을 추가하거나 레벨당 체력[/left]
수치를 높이거나 낮추는 등 이러한 설정을 조정하면[/left]
직업의 기술 향상 및 레벨 상승 난이도가[/left]
변합니다. ""기술 향상""이라고 표시된 슬라이딩 ""단검"" 막대는[/left]
해당 직업이 새로운 기술을 배우는 난이도를 나타냅니다.[/left]
직업 생성기의 기능에 대해 구체적인 질문이 있다면,[/left]
도움말 아래의 적절한 섹션을 클릭하십시오.[/left]
[/left]
[/left]
[/end]"
2401,"도움말 - 직업 이름[/center]
새 캐릭터 직업의 이름은 23자를 넘지 않는다면[/left]
무엇이든 선택할 수 있습니다.[/left]
[/end]"
2402,"도움말 - 능력치[/center]
새 직업의 힘, 지능, 의지력, 민첩성, 속도, 지구력, 매력,[/left]
행운의 기본 평균값은 50을 초과할 수 없습니다. 예를 들어,[/left]
이러한 능력치 중 하나에 5점을 추가하면,[/left]
다른 능력치에서 5점을 빼야 합니다.[/left]
결과적으로 새 직업의 최소 능력치 목록이 생성됩니다. 캐릭터는 아마도[/left]
최소치보다 높은 능력치 점수를 갖게 될 것입니다.[/left]
각 능력치에 대한 정의는 대거폴 매뉴얼을 참조하십시오.[/left]
[/left]
[/left]
[/left]
[/end]"
2403,"도움말 - 기술[/center]
무엇보다도 기술이 직업을 정의합니다. 직업에 가장 중요한 기술 3개를[/left]
주요 기술로, 그다음으로 중요한 기술 3개를 주요 기술로,[/left]
그다음으로 중요한 기술 6개를 부차 기술로 선택하십시오.[/left]
나머지 기술도 캐릭터 직업이 사용할 수 있지만, 게임 시작 시[/left]
숙련도가 낮거나 아예 없을 수 있으며, 향상시키기도 더 어렵습니다.[/left]
새 직업이 가장 흔히 사용하고 숙련하는 기술을 주요 기술과 부차 기술로[/left]
선택하는 것이 중요합니다. 이러한 기술은 지속적인 사용을 통해 증가하며,[/left]
기술이 증가함에 따라 캐릭터의 레벨도 상승합니다.[/left]
[/left]
[/left]
[/left]
[/left]
[/left]
[/end]"
2404,"도움말 - 특수 장점[/center]
특수 장점은 사용자 지정 직업을 위한 질병 저항이나 예민한 청각과 같은[/left]
선택적인 마무리 요소입니다. 직업에 특수 장점을 추가하면 항상 기술 레벨을[/left]
올리는 난이도가 증가합니다. ""기술 향상""이라고 표시된 단검 막대를 주시하십시오.[/left]
단검이 높을수록 해당 직업의 구성원이 새로운 기술 레벨을 배우기가 더 어렵습니다.[/left]
최대 7개의 특수 장점을 선택할 수 있습니다.[/left]
각 특수 장점에 대한 자세한 설명은 대거폴 매뉴얼에 나열되어 있습니다.[/left]
[/left]
[/left]
[/left]
[/left]
[/left]
[/end]"
2405,"도움말 - 특수 단점[/center]
특수 단점은 사용자 지정 직업을 위한 금지된 무기나 주문 점수 재생 불가와 같은[/left]
선택적인 마무리 요소입니다. 특수 단점을 추가하는 주된 이유는 기술 레벨을[/left]
올리는 난이도를 낮추기 위해서입니다.[/left]
최대 7개의 특수 단점을 선택할 수 있습니다.[/left]
각 특수 단점에 대한 자세한 설명은 대거폴 매뉴얼에 나열되어 있습니다.[/left]
[/left]
[/left]
[/left]
[/left]
[/end]"
2406,"도움말 - 평판[/center]
평판 편집은 특정 광범위한 사회적 파벌이 당신의 사용자 지정 직업을 가진 사람에게[/left]
어떻게 반응할지 결정하는 데 도움을 주는 선택적인 직업 생성 기능입니다.[/left]
이 그룹들이 게임 내의 유일한 평판 그룹은 아니며, 가장 광범위하고 흔한 그룹일 뿐입니다.[/left]
모든 평판 그룹의 기본 평균값은 항상 0이어야 합니다. 따라서 한 그룹과의 평판에[/left]
5점을 추가하면, 다른 그룹에서 5점을 빼야 합니다.[/left]
평판의 중요성에 대한 자세한 내용은 대거폴 매뉴얼을 참조하십시오.[/left]
[/left]
[/left]
[/left]
[/left]
[/left]
[/left]
[/left]
[/record]"
2407,"도움말 - 직업의 기술 향상[/center]
기술 향상 표에서 단검의 위치는 해당 직업의 기술 향상 난이도를 대략적으로 보여줍니다.[/left]
단검이 높이 올라갈수록 직업 구성원이 기술 레벨을 올리기가 더 어렵습니다.[/left]
특수 장점과 추가 체력 수치를 추가하면 기술을 배우기가 더 어려워집니다.[/left]
단점을 추가하거나 체력 보너스를 낮추면 기술을 배우기가 더 쉬워집니다.[/left]
참고로, 진정한 전사는 기술 향상 차트의 기본값인 정확히 중간에서 기술을 배웁니다.[/left]
도둑은 기술을 배우기가 더 쉽고, 마법사는 더 어렵습니다.[/left]
[/left]
[/left]
[/left]
[/left]
[/left]
[/left]
[/end]"
2500,"%qdt - %plq 에 있는 %pnq 의 말에 따르면 ""%qot""라고 합니다.[/end]"
3100,"유감스럽지만 저는 특정 계급의 분들만 도울 수 있습니다.[/center]
제 서비스를 이용하기에는 당신의 계급이 충분하지 않습니다.[/record]
제 서비스는 특정 계급의 분들에게만 제공됩니다.[/center]
기분 나쁘게 듣지 마십시오. 저는 고위 계급의 구성원들만 도울 수 있습니다.[/record]
언젠가 도움을 드릴 수 있을지도 모르지만, 아직은 계급이 충분하지 않습니다.[/center]
조직 내에서 계급이 오르면 다시 오십시오.[/record]
아무에게나 도움을 드릴 수는 없습니다. 이해하시리라 믿습니다.[/center]
제 서비스는 특별한 소수만을 위해 예약되어 있습니다. 당신은 아직 그들에 속하지 않습니다.[/record]
[/center]
[/record]
[/center]
[/record]
[/center]
[/record]
[/center]
[/end]"
3353,젠장!!![/end]
3503,"반갑습니다, %pcf. 오늘 밤 우리는 오블리비언의 구덩이에서 %dts 개체를 소환합니다.[/center]
이 작업에는 적지 않은 비용이 듭니다.[/center]
당신에게 %a 골드를 요구해야겠습니다. 동의하십니까?[/center]
[/center]
오늘 밤 우리는 오블리비언의 심연에 손을 뻗어 그 사악한 영혼, 데이드라 섭정 %dts 개체를 문두스로 불러올 것입니다. 이 서비스를 위해 당신에게 %a 골드가 필요합니다.[/record]
[/center]
[/center]
[/center]
[/center]
[/end]"
3504,"반갑습니다, 친구 %pcf. 오늘 밤 우리는 오블리비언의 구덩이에서 %dts 개체를 소환합니다.[/center]
보통은 금을 요구하지만, 당신 같은 동료에게는 무료로 서비스를 제공합니다.[/center]
진행할까요?[/center]
아, 내 친구 %pcf. 오늘 밤 우리는 오블리비언의 심연에 손을 뻗어 그 사악한 영혼, 데이드라 섭정 %dts 개체를 문두스로 불러올 것입니다.[/center]
당신을 위한 호의입니다. 계속할까요?[/center]
[/record]
[/center]
[/center]
[/center]
[/center]
[/end]"
3506,"알겠습니다, %pcn. 마음이 바뀌면 돌아오십시오. 언제든지 이 의식을 수행할 수 있습니다.[/center]
[/center]
아니요? 음, 원하신다면 돌아오십시오. 더 잘 준비되었을 때 %dts 소환을 시도할 수 있습니다.[/center]
[/record]
[/center]
[/center]
[/center]
[/end]"
3507,"아니요? 마음이 바뀌면 오늘 밤 내게 돌아오십시오. 내일의 징조는 이 소환을 완료하는 것을 허락하지 않을 것입니다.[/center]
정말 두려운 일입니다. 원하신다면 오늘 밤 늦게 돌아올 수 있지만, 내일은 데이드라 %dts 소환을 하기엔 너무 늦은 날이 될 것입니다.[/center]
[/center]
[/record]
[/center]
[/center]
[/center]
[/center]
[/end]"
3508,"소환에 실패한 것 같습니다.[/center]
오늘 밤 %dts 소환은 이루어지지 않았습니다. 사과드립니다.[/record]
[/center]
[/center]
[/end]"
3509,"오늘 밤 징조는 안전한 소환을 하기에 좋지 않습니다, %pcf. %dts 의 소환에 참석하고 싶다면 %dfs 에 돌아오십시오.[/center]
우리는 오늘 저녁에 %dts 소환을 하지 않습니다. 소환에 참석하고 싶다면 %dfs 에 돌아오십시오.[/center]
[/center]
[/center]
[/center]
[/record]
[/center]
[/center]
[/center]
[/center]
[/end]"
4000,"순간이동을 하시겠습니까, 아니면 닻을 설정하시겠습니까?[/center]
[/end]"
4001,"순간이동을 하려면 먼저 닻을 설정해야 합니다.[/center]
[/end]"
4020,"축하합니다, %pcn.[/center]
당신은 이제 %ski 의 마스터입니다.[/center]
탐리엘에서 %ski 의 가장 뛰어난 실력자 중 한 명입니다.[/center]
[/center]
[/end]"
4021,%ski 의 마스터[/end]
4022,"내가 당신을 훈련시키라고요? 당신이 그 분야에서 늙은 훈련사에게 몇 가지 가르쳐 줄 수 있겠군요, %pct.[/center]
미안합니다, %pct. 당신이 이미 알지 못하는 것을 보여줄 수 있는 건 없습니다.[/center]
당신은 내 능력을 확실히 뛰어넘는 기술을 하나 골랐군요, %pct.[/center]
당신은 이미 나보다 그 기술에 훨씬 더 능숙합니다, %pct.[/record]
[/center]
[/center]
[/center]
[/record]
[/center]
[/center]
[/center]
[/record]
[/center]
[/center]
[/end]"
4023,"오늘 지금까지 훈련한 내용을 되새길 시간을 가져야 합니다.[/center]
하루에 하나 이상의 기술을 훈련할 수는 없습니다.[/center]
[/center]
[/record]
[/center]
[/center]
[/end]"
4050,"라엔의 성유물함[/record]
반디의 신전[/record]
마이의 신전[/record]
펜의 안식처[/record]
에본암의 모루[/record]
아이릭의 제단[/record]
디바드 기념비[/record]
존의 신전[/record]
제프레의 신전[/record]
사이의 성유물함[/record]
비그릴의 신전[/record]
두그로드의 신전[/record]
짐 세이 신전[/record]
현자 기념비[/record]
조드 신전[/record]
큐올웬의 신전[/record]
에펜의 신전[/record]
스트레너 안식처[/record]
키에란 극장[/record]
젠 롯지[/record]
노토르고 제단[/end]"
4051,"%ln 묘지[/record]
%ln 묘지[/record]
%ln 묘지[/record]
%ln 묘지[/record]
%ln 공동묘지[/record]
%ln 공동묘지[/record]
%ln 공동묘지[/record]
%ln 공동묘지[/record]
%ln 의 무덤[/record]
%ln 무덤[/record]
%ln 의 무덤[/record]
%ln 지하 묘지[/record]
%ln 납골당[/record]
%ln 의 납골당[/record]
%ln 매장지[/record]
%ln 기념 정원[/end]"
4052,"늙은 %fn 의 농장[/record]
%ln 농가[/record]
%ln 농가[/record]
%ln 농가[/record]
%ln 농가[/record]
%ln 대농장[/record]
%ln 농장[/record]
%ln 과수원[/record]
%ln 주택[/end]"
4053,"%ln 의 요새[/record]
%ln 성[/record]
%ln 성[/record]
%ln 의 요새[/record]
%ln 의 거점[/record]
%ln 의 거점[/record]
%ln 의 성채[/record]
탑 %ln[/record]
%ln 탑[/record]
%ln 의 탑[/record]
%ln 의 경비대[/record]
%ln 홀[/end]"
4054,"%ln 저택[/record]
%ln 저택[/record]
%ln 저택[/record]
%ln 저택[/record]
%ln 홀[/record]
%ln 법정[/record]
%ln 궁전[/record]
%ln 홀[/record]
%ln 저택[/end]"
4055,아케이 교단[/end]
4056,제니타르의 결의회[/end]
4057,마라의 자애회[/end]
4058,아카토쉬 성가회[/end]
4059,디벨라 교단[/end]
4060,줄리아노스 학파[/end]
4061,스텐다르 신전[/end]
4062,키나레스 신전[/end]
4063,"낡은 %ln 오두막[/record]
늙은 %fn 의 오두막[/record]
낡은 %ln 판잣집[/record]
늙은 %fn 의 판잣집[/record]
%ln 오두막[/record]
낡은 %ln 거처[/record]
늙은 %fn 의 거처[/record]
낡은 %ln 오두막[/end]"
4075,"피 흘리는[/record]
영원한[/record]
무한한[/record]
불타는[/record]
두려운[/record]
기쁜[/record]
영구적인[/record]
신성한[/record]
거룩한[/record]
내면의[/record]
축복받은[/record]
온화한[/record]
통곡하는[/record]
노래하는[/record]
흐느끼는[/record]
침묵하는[/record]
웃는[/end]"
4076,"영혼[/record]
승천[/record]
제단[/record]
재탄생[/record]
유물[/record]
별[/record]
빛[/record]
구원자[/record]
일출[/record]
예언자[/record]
신탁[/record]
나무[/record]
선지자[/record]
순교자[/record]
징조[/record]
우상[/record]
성소[/end]"
4077,아케이[/end]
4078,제니타르[/end]
4079,마라[/end]
4080,아카토쉬[/end]
4081,디벨라[/end]
4082,줄리아노스[/end]
4083,스텐다르[/end]
4084,키나레스[/end]
4116,"당신의 가장 이른 기억은 따뜻하고 평범하지 않은 가정에 대한 것입니다.[/left]
아름다운 마법사인 당신의 어머니는[/left]
몇 시간이고 마술로 당신을 즐겁게 해주곤 했습니다. 당신이 가장 좋아했던 것은 그녀의[/left]
%q1[/left]
당신의 아버지는 무시무시한 분이셨습니다. 마을의 많은 이들이[/left]
그를 ""저 흑마법사""라고 불렀죠. 하지만 당신에게 그는 자상하고 헌신적인 아버지였습니다.[/left]
당신이 자라면서, 당신에게 남다른 강력한 마법적 힘이 있다는 것이 분명해졌습니다.[/left]
곧 당신은 %q1a 할 수 있게 되었습니다. 당신은 부모님이 사악한 전투마법사 재거 탄에 대해[/left]
이야기하던 것을 기억합니다. 그들이 속한 집단에서는 그가 이 땅의 권력을 정당한 통치자로부터[/left]
찬탈했다는 사실이 알려져 있었습니다. 아무도 그에게 맞서려 하지 않았죠. 아무도 감히 그에게[/left]
대항하지 못했습니다. %q2. 당신이 스무 살이 되던 어느 날, 한 전령이 당신의 집에[/left]
도착해 강력한 영웅이 재거 탄을 죽이고 정당한 황제를 왕좌에 복귀시켰다는 소식을 전했습니다.[/left]
무뚝뚝하던 당신의 아버지조차 그 소식에 기쁨의 눈물을 흘릴 뻔했습니다. 전령은 또한 제국 도시에서[/left]
성대한 축제가 열릴 것이며, 탄을 몰아내기 위해 비밀리에 활동했던 모든 이들이 초대받았다는 소식을[/left]
가져왔습니다. 전령이 떠난 후, 당신은 부모님께 축제에 가도 되는지 여쭈었습니다. 어머니와 아버지는[/left]
걱정스러운 표정으로 세 사람 모두가 여행을 떠나기에는 금이 충분하지 않다고 설명했습니다. 풀이[/left]
죽은 당신은 실망감을 감추려 했습니다. 하지만 아버지는 당신을 돌아보며 이제 당신 스스로 세상을[/left]
살아갈 때가 되었다고 말씀하셨습니다. 그는 당신에게 와 매우 특이한 지팡이 를 주었고, 제국 도시와[/left]
축제를 향해 떠나보냈습니다. 며칠간의 여행 끝에, 당신은 왕국의 수도인 제국 도시에 다가갔습니다.[/left]
당신은 앞서가는 작은 여행자 무리를 발견했습니다.%q4 그들에게 인사를 건네려던 찰나,[/left]
그들은 길가 숲속에 숨어있던 산적들의 습격을 받았습니다. 당신은 서둘러 다른 여행자들을 도우러[/left]
달려갔습니다. 당신이 다가가자, 산적 중 한 명이 당신을 공격하기 위해 단검을 치켜들었습니다.[/left]
본능적으로 당신은 아버지가 준 지팡이로 그 일격을 막아내려 했습니다. 검이 지팡이에 닿는 순간,[/left]
거대한 번개 줄기가 지팡이에서 뿜어져 나왔고 두 무기 모두 산산조각이 났습니다.[/left]
산적들과 여행자들 모두 멈춰 서서 당신을 쳐다보았습니다. 천둥소리가 잦아들자, 산적들은 숲속으로[/left]
도망쳤습니다. 당신은 자신들을 구해준 것에 대해 열렬히 감사하는 여행자들에게 둘러싸였습니다.[/left]
그들은 시골을 방문했다가 축제를 위해 제국 도시로 돌아가던 제국 황실의 일원들이었습니다.[/left]
그들은 당신이 자신들과 함께 궁전으로 가서 황제를 알현해야 한다고 고집했습니다. 황제는[/left]
당신의 용기에 깊은 인상을 받았고 당신의 가족이 제국의 충성스러운 지지자임을 알고 있었습니다.[/left]
그는 당신에게 을 하사했습니다. 축제는 몇 주 동안 계속되었고, 황제는 종종 당신을 불러[/left]
사적인 대화를 나누었습니다. 알현하지 않을 때, 당신은 주로 하며 시간을 보냈습니다.[/left]
어느 날 밤, 당신은 황제의 부름을 받았는데, 그 방식이 매우 심각한 용건임을 짐작게 했습니다.[/left]
그는 서재에서 당신을 만나 부탁할 일이 있다고 말했습니다. %q5 %q2a[/left]
[/left]
[/left]
[/left]
[/left]
[/left]
[/left]
[/left]
[/left]
[/left]
[/left]
[/left]
[/left]
[/left]
[/left]
[/left]
[/left]
[/left]
[/left]
[/left]
[/left]
[/left]
[/left]
[/left]
[/left]
[/left]
[/left]
[/left]
[/left]
[/left]
[/end]"
4117,"가정생활에 대한 당신의 가장 이른 기억은 끊임없는[/left]
혼란이었습니다. 방문객들이 계속해서 오가고, 당신의[/left]
어머니와 아버지도 각자 긴 시간 동안 집을 비워야 했습니다. 당신이 자라면서 당신의[/left]
어머니가 정예 용병 군단의 일원이었음을 알게 되었습니다.[/left]
처음에는 무기 교관으로, 나중에는 전투 전술 전문가로 활동했죠.[/left]
당신의 아버지의 관심사는 사뭇 달랐습니다. 그는 지역 마법사 길드의 존경받는 일원이자[/left]
모든 종류의 마법에 통달한 마스터였습니다. 그는 당신을 재능 있는 제자로 여겼고, 곧 당신은[/left]
할 수 있게 되었습니다.[/left]
당신은 부모님이 제국[/left]
전투마법사 재거 탄에 대해 이야기하던 것을 기억합니다. 그들이 속한 집단에서는[/left]
그가%q1 이 땅의 권력을 정당한 통치자로부터 찬탈했다는 사실이 알려져 있었습니다.[/left]
아무도 그에게 맞서려 하지 않았죠.[/left]
아무도 감히 그에게 대항하지 못했습니다.[/left]
.[/left]
당신이 스무 살이 되던 어느 날, 당신의 집에 방문객이 찾아와 강력한 영웅이[/left]
재거 탄을 죽이고 망명했던 황제를 왕좌에 복귀시켰다는 소식을 전했습니다.[/left]
%q2 방문객은 또한 제국 도시에서 성대한[/left]
축제가 열릴 것이라는 소식을 가져왔습니다.[/left]
전령이 떠난 후, 당신은 부모님께 축제에 가도 되는지 여쭈었습니다. 어머니와 아버지는 한참을 논의한[/left]
끝에, 이제 당신 스스로 세상을 살아갈 때가 되었다고 결정했습니다. 어머니는 당신에게[/left]
를 주었고 아버지는[/left]
매우 특이한 지팡이를 주었습니다. 그러고는 제국 도시와[/left]
축제를 향해 떠나보냈습니다.[/left]
며칠간의 여행 끝에, 당신은 왕국의 수도인 제국 도시에 다가갔습니다.[/left]
당신은 앞서가는 작은 여행자 무리를 발견했습니다.[/left]
그들에게 합류하려던 찰나, 당신은 길가 숲속에 숨어있던 산적들의 습격을 받았습니다.[/left]
산적 중 한 명이[/left]
당신을 공격하기 위해 단검을 치켜들었습니다. 본능적으로[/left]
당신은 아버지가 준 지팡이로 그 일격을 막아내려 했습니다. 검이 지팡이에 닿는 순간, 거대한[/left]
번개 줄기가 지팡이에서 뿜어져 나왔고 두 무기 모두 산산조각이 났습니다.[/left]
산적들과 여행자들 모두 멈춰 서서 당신을 쳐다보았습니다.%q4 천둥소리가 잦아들자,[/left]
산적들은 숲속으로 도망쳤습니다. 당신은 자신들을 구해준 것에 대해 열렬히 감사하는[/left]
여행자들에게 둘러싸였습니다. 그들은 시골을 방문했다가[/left]
축제를 위해 제국 도시로 돌아가던 제국 황실의 일원들이라고 말했습니다.[/left]
그들은 당신이 자신들과 함께 궁전으로 가서 황제를 알현해야 한다고 고집했습니다.[/left]
황제는 당신의 용기에 깊은 인상을 받았고 당신이 가족을 구한 것에 대해 감사했습니다.[/left]
그는 당신을 축제에 공식적으로 초대하고[/left]
을 하사했습니다.[/left]
축제는 몇 주 동안 계속되었고, 그 기간 동안[/left]
황제는 종종 당신을 불러 사적인 대화를 나누었습니다. 알현하지 않을 때, 당신은 주로[/left]
하며 시간을 보냈습니다.[/left]
어느 날 밤, 당신은 황제의 부름을 받았는데, 그 방식이 매우 심각한 용건임을 짐작게 했습니다. 그는[/left]
서재에서 당신을 만나 부탁할 일이 있다고 말했습니다.[/left]
%q5[/left]
%q3[/left]
[/left]
[/left]
[/left]
[/left]
[/left]
[/left]
[/left]
[/left]
[/left]
[/left]
[/left]
[/left]
[/left]
[/end]"
4118,"어린 시절 당신의 삶에는 세심함이라곤 거의 없었습니다.[/left]
어머니는 아름다우셨지만 그만큼 엄격하셨고,[/left]
당신이 어머니의 심기를 거스르면 그 분노는 실로 끔찍했습니다. 당신의[/left]
아버지 또한 그에 못지않게 무서운 분이셨습니다. 당신은 그분들로부터[/left]
힘의 방식을 배웠는데, 특히 매지카의 원초적인 형태를 다루고 사용하는 법을 익혔습니다.[/left]
이러한 파괴의 에너지를 사용해야 할지 말지는 의문의 여지가 없었습니다.[/left]
오직 어떻게 사용할지가 문제였을 뿐입니다. 가끔은 기분 전환을 위해[/left]
다른 마법 학파를 기웃거리며,[/left]
어떻게[/left]
%q1[/left]
하지만 파괴마법 학파가 당신의 전문 분야였습니다.[/left]
당신은 부모님이 제국 전투마법사 재거 탄에 대해 이야기하던 것을 기억합니다. 그들의 주변에서는[/left]
그가 정당한 통치자로부터 이 땅의 권력을 찬탈했다는 사실이 공공연히 알려져 있었습니다.[/left]
아무도 그에게 맞서려 하지 않았습니다.[/left]
전투마법사였던 당신의 부모님은 탄의 성공을 부러워했습니다.[/left]
.%q2[/left]
스무 살이 되던 어느 날, 당신은 집에서[/left]
강력한 영웅이 재거 탄을 죽이고 망명 중이던 황제를 왕좌로 복귀시켰다는 소식을[/left]
전하는 방문객을 맞이했습니다.[/left]
권력의 전이를 자연스러운 과정으로 받아들이며, 당신의[/left]
부모님은 그 소식을 듣고 약간의 실망감만을 내비쳤습니다.[/left]
그 방문객은 또한 제국 도시에서 성대한[/left]
축제가 열릴 것이라는 소식도 가져왔습니다. 전령이 떠난 후, 당신은[/left]
부모님께 축제에 가도 되는지 여쭈었습니다. 당신의[/left]
어머니와 아버지는 한참을 논의한 끝에,[/left]
이제 당신이 스스로의 길을 개척할 때가 되었다고 결정했습니다. 당신의[/left]
어머니는 당신에게 %q4 건네주셨고 아버지는[/left]
매우 특이한 지팡이를 주셨으며, 그러고는 제국 도시와 축제를 향해 떠나보냈습니다.[/left]
며칠간의 여행 끝에, 당신은 왕국의 수도인 제국 도시에 다가갔습니다.[/left]
당신은 앞서가는 작은 여행자 무리를 발견했습니다. 그들에게[/left]
합류하려던 찰나, 당신은 길가 숲속에 매복해 있던 산적들의 습격을 받았습니다. 그들 중 한 명이[/left]
당신을 치려고 단검을 치켜들었습니다. 본능적으로, 당신은 아버지가 주신 지팡이로[/left]
그 일격을 막아내려 했습니다. 검이 지팡이에 닿는 순간, 거대한 번개 줄기가 지팡이에서[/left]
뿜어져 나왔고 두 무기 모두 산산조각이 났습니다.[/left]
산적들과 여행자들 모두 멈춰 서서 당신을 쳐다보았습니다.[/left]
천둥소리가 잦아들자, 산적들은 숲속으로 도망쳤습니다.[/left]
당신은 자신들을 구해준 것에 대해 연신 감사를 표하는 여행자들에게 둘러싸였습니다.[/left]
그들은 시골을 방문했다가 축제를 위해 제국 도시로 돌아가던 제국 황실의 일원들이었습니다. 그들은[/left]
당신이 자신들과 함께 궁전으로 가서 황제를 알현해야 한다고 고집했습니다.[/left]
황제는 당신의 용기에 깊은 인상을 받았고 그의 가족을 구해준 것에 대해 감사했습니다.[/left]
그는 당신을 공식적으로 축제에 초대하고[/left]
하사했습니다.[/left]
축제는 몇 주 동안 계속되었고, 그 기간 동안[/left]
황제는 종종 당신을 불러 비공식적인 대화를 나누었습니다. 알현하지 않을 때, 당신은 주로[/left]
.[/left]
어느 날 밤, 당신은 심각한 용건임을 직감할 수 있는 방식으로 황제의 부름을 받았습니다. 그는[/left]
서재에서 당신을 만나 부탁할 일이 있다고 말했습니다.[/left]
%q5[/left]
%q3[/left]
[/left]
[/left]
[/left]
[/left]
[/left]
[/left]
[/left]
[/left]
[/left]
[/left]
[/left]
[/left]
[/left]
[/end]"
4119,"당신의 부모님은 서로를 마법사이자 교육자로서 존경하셨습니다.[/left]
어머니께서는 %q1 의 세부적인 내용을 가르치는 데 가장 세심하셨지만,[/left]
아버지께서는 더 극적인 방법을 사용하셨습니다. 당신의 재능이 자라나고[/left]
어머니께서 주문을 가르쳐 주실 때면, 아버지께서는 그 주문을 시전할 힘을 얻기 위해[/left]
우주의 매지카를 어떻게 끌어당겨야 하는지 보여주곤 하셨습니다.[/left]
아버지께서는 당신도 그분들과 마찬가지로 몸 안에서 매지카를[/left]
재생할 수 없다고 설명하셨습니다.[/left]
아버지께서 방으로 걸어 들어와 당신에게 전격 주문을 시전하는 것은 흔한 일이었습니다.[/left]
그것은 무서운 일이었지만, 당신은 매지카를 끌어당길 때마다 짜릿함을 느꼈습니다.[/left]
당신이 성장하면서, 당신에게 비범하게 강력한 마법의 힘이 있다는 것이 분명해졌습니다.[/left]
곧 당신은 %q1a[/left]
할 수 있게 되었습니다. 당신은 부모님이 사악한[/left]
전투마법사 재거 탄에 대해 이야기하던 것을 기억합니다. 그가 정당한 통치자로부터 이 땅의 권력을[/left]
찬탈했다는 사실은 그들의 주변에서 공공연한 비밀이었습니다. 아무도 그에게 맞서려 하지 않았습니다.[/left]
%q2.[/left]
당신이 스무 살이 되던 어느 날, 강력한 영웅이 재거 탄을 처치하고 정당한 황제를 왕좌에[/left]
복귀시켰다는 소식을 전하는 전령이 당신의 집에 도착했습니다.[/left]
그 소식에 무뚝뚝하던 아버지조차 기쁨의 눈물을 흘릴 뻔하셨습니다.[/left]
그 소식은 당신의 아버지조차 기쁨에 젖게 했습니다.[/left]
전령은 또한 제국 도시에서 성대한 축하 행사가 열릴 것이며,[/left]
탄을 몰아내기 위해 비밀리에 활동했던 모든 이들이 초대받았다는 소식을 가져왔습니다.[/left]
전령이 떠난 후, 당신은 부모님께 축하 행사에 가도 되는지 여쭈었습니다. 어머니와 아버지께서는[/left]
걱정스러운 표정으로 세 사람이 모두 여행을 떠나기에는 금이 충분하지 않다고 설명하셨습니다.[/left]
실망감을 감추려 애쓰며 고개를 떨구었습니다.[/left]
하지만 아버지께서는 당신을 돌아보며 이제 당신 스스로 세상을 살아갈 때가 되었다고 말씀하셨습니다.[/left]
아버지께서는 %q4 및 아주 특별한 지팡이를 건네주시며[/left]
제국 도시와 축하 행사를 향해 떠나보내셨습니다.[/left]
며칠간의 여행 끝에, 당신은 제국의 수도인 제국 도시에 다다랐습니다.[/left]
당신은 앞서가던 작은 여행자 무리를 발견했습니다.[/left]
당신이 그들에게 인사를 건네려던 찰나, 길가 숲속에 매복해 있던 산적들이 그들을 공격했습니다.[/left]
당신이 도우러 달려갔을 때, 산적 중 한 명인 마법사가 지팡이를 들어 당신에게 주문을 시전했습니다.[/left]
화염 화살이 당신을 강타하자 귀가 먹먹해졌지만, 당신은 매지카를 흡수하고 매우 강력한 전격 주문을[/left]
날렸습니다. 그 화살이 산적 마법사에게 적중하자, 그는 불기둥으로 변하며 잿더미가 되었습니다.[/left]
산적들과 여행자들 모두 멈춰 서서 쳐다보았고, 산적들은 숲으로 도망쳤습니다. 여행자들은[/left]
당신에게 감사를 표하며 자신들을 축하 행사를 위해 제국 도시로 돌아가는 제국 황실의 일원이라고[/left]
소개했습니다. 그들은 당신에게 궁전으로 함께 가서 황제를 알현할 것을 강력히 권했습니다.[/left]
황제는 당신의 용기에 깊은 인상을 받았고 당신의 가족이 제국의 충실한 지지자라는[/left]
것을 알고 있었습니다. 황제는 당신에게 %q5 수여를 결정했습니다.[/left]
축하 행사는 몇 주 동안 계속되었고, 황제는 종종 당신을 불러 사적인 대화를 나누었습니다.[/left]
알현하지 않을 때, 당신은 주로 %q3 하며 시간을 보냈습니다.[/left]
어느 날 밤, 당신은 황제의 부름을 받았는데, 그 분위기가 심상치 않아 중요한 일임을 직감했습니다.[/left]
황제는 집무실에서 당신을 만나 부탁할 일이 있다고 말했습니다.[/left]
[/left]
[/left]
[/left]
[/left]
[/left]
[/left]
[/left]
[/left]
[/left]
[/left]
[/left]
[/left]
[/left]
[/left]
[/left]
[/left]
[/left]
[/left]
[/left]
[/left]
[/left]
[/left]
[/end]"
4120,"당신의 아버지는[/left]
%hpw 의 %hpn 깊은 곳에 있는 아주 작은 마을의 치유사였습니다. 당신[/left]
은 어머니에 대한 기억이 거의 없습니다. 어머니는 아름답고 친절한[/left]
여성이었으며 당신에게 마법을 가르쳐 주었습니다. 당신은 어머니가[/left]
마술로 몇 시간이고 당신을 즐겁게 해주던 것을 항상 기억할 것입니다. 당신이 가장 좋아했던 것은[/left]
어머니의 %q1 개체가었습니다.[/left]
어머니를 앗아간 역병은 어머니나 당신의[/left]
아버지가 맞서기엔 너무 강력했습니다. 당신이 회복마법 학파에서 훈련받기를 바라는 것이[/left]
어머니의 소원이었고, 그곳에서 당신은 아버지보다 뛰어난[/left]
재능을 보였습니다.[/left]
당신이 성장하면서, 당신에게 비범하게 강력한[/left]
마법의 힘이 있다는 것이 분명해졌습니다. 곧 당신은 %q1a[/left]
할 수 있게 되었습니다. 당신은 아버지가 사악한[/left]
전투마법사 재거 탄에 대해 이야기하던 것을 기억합니다. 그의 주변에서는 그가 이 땅의 권력을 정당한[/left]
통치자로부터 찬탈했다는 사실이 알려져 있었습니다. 아무도 그에게 맞서려 하지 않았습니다.[/left]
%q2.[/left]
당신이 스무 살이 되던 어느 날, 한 전령이 당신의[/left]
집에 도착해 강력한 영웅이[/left]
재거 탄을 죽이고 정당한 황제를 왕좌에 복귀시켰다는 소식을 전했습니다.[/left]
마음 여린 당신의 아버지는 그 소식에 기뻐하며 눈물을 흘렸습니다.[/left]
그 전령은 또한 제국 도시에서 성대한[/left]
축제가 열릴 것이며, 탄을 몰아내기 위해 비밀리에 활동했던 모든 이들이 초대받았다는[/left]
소식을 가져왔습니다. 전령이[/left]
떠난 후, 당신은 아버지에게 축제에 가도 되는지 물었습니다. 아버지는 당신을 돌아보며[/left]
이제 당신 스스로 세상을 살아갈 때가 되었다고 말했습니다. 아버지는[/left]
당신에게[/left]
과 아주 특이한 지팡이[/left]
를 주었고, 제국 도시와%q4 축제를 향해 떠나보냈습니다.[/left]
며칠간의 여행 끝에, 당신은 왕국의 수도인 제국 도시에 다가갔습니다.[/left]
당신은 앞쪽에서 멀지 않은 곳에 있는 작은 여행자 무리를 발견했습니다. 당신이 그들에게 인사를[/left]
건네려던 찰나, 길가 숲속에 매복해 있던 산적들이 그들을 공격했습니다. 당신은 서둘러[/left]
다른 여행자들을 도우러 달려갔습니다. 당신이 다가가자 산적 중 한 명이 당신을 치기 위해[/left]
단검을 들어 올렸습니다. 본능적으로, 당신은 아버지가 준 지팡이로 그 공격을 막아내려 했습니다.[/left]
검이 지팡이에 부딪히는 순간, 지팡이에서 거대한 번개 줄기가 뿜어져 나왔고 두 무기 모두[/left]
산산조각이 났습니다. 산적들과 여행자들 모두 멈춰 서서 당신을 쳐다보았습니다.[/left]
천둥소리가 잦아들자, 산적들은 숲속으로 도망쳤습니다.[/left]
당신은 자신들을 구해준 것에 대해 몹시 감사해하는 여행자들에게 둘러싸였습니다.[/left]
그들은 시골을 방문했다가 축제를 위해 제국 도시로 돌아가던 제국 황실의 일원들이었습니다. 그들은[/left]
당신이 자신들과 함께 황궁으로 가서 황제를 알현해야 한다고 고집했습니다.[/left]
황제는 당신의 용기에 깊은 인상을 받았고 당신의 가족이 제국의 충성스러운 지지자라는[/left]
것을 알고 있었습니다. 그는 당신에게[/left]
을 하사했습니다. 축제는 몇 주 동안 계속되었고,[/left]
황제는 종종 당신을 불러 사적인 대화를 나누었습니다.[/left]
당신이 알현하지 않을 때, 당신은 보통 시간을[/left]
하며 보냈습니다.[/left]
어느 날 밤, 당신은 황제의 부름을 받았는데, 그 방식이 매우 심각한 용건임을 알게 했습니다. 그는[/left]
자신의 서재에서 당신을 만났고, 그곳에서 당신에게 부탁할 일이 있다고 말했습니다.[/left]
%q5[/left]
%q2a[/left]
[/left]
[/left]
[/left]
[/left]
[/left]
[/left]
[/left]
[/left]
[/left]
[/left]
[/left]
[/left]
[/left]
[/end]"
4121,"당신의 어린 시절은 당신이 알던 다른[/left]
%ra 아이들과 비슷했지만, 10살이 되던 해에 당신의[/left]
아버지는 당신이 도둑 기술을 배우기 시작할 준비가 되었다고 생각했습니다.[/left]
당신은 그의 작업장에서 많은 행복한 시간을 보냈고,[/left]
처음에는[/left]
를 연습했습니다.%q1 당신의 기술은 처음에는 더디게 발전했고,[/left]
아버지는 때때로 자신의 조급함을 억눌러야 하는 것처럼 보였습니다.[/left]
당신은 그 어느 때보다 더 부지런히 훈련에 매진했습니다.[/left]
당신과 당신의 아버지 모두에게, 당신이 시간이 지나면 분명 유능한 도둑이 되겠지만,[/left]
아버지 수준의 숙련도에는 결코 도달하지 못할 것이라는 점이 점차 분명해졌습니다.[/left]
당신이 아버지와 함께[/left]
기술[/left]
을 공부하는 동안, 어머니는 조용한 방식으로 당신에게 매지카 사용법을 가르치기 시작했습니다.[/left]
당신에게 확실한 잠재력이 있다는 것을 알아내는 데는 오랜 시간이 걸리지 않았습니다. 당신은[/left]
과[/left]
훈련에서 얻은 규율을 사용하여[/left]
주문의 발전을 가속화하며 두 과학을 함께 사용할 수 있다는 것을 발견했습니다.[/left]
%q3 어머니는 당신에게[/left]
을 비롯한 몇몇 특이한 비인간 생명체들을 소개해 주었습니다.[/left]
당신은 그들을 두려워하지 않는 법뿐만 아니라 그들의 언어 중 일부도 배웠습니다. 특히[/left]
이라는 이름의 암컷은 당신을 마음에 들어 했고, 어머니가 가르칠 수 있었던 것보다 더 많은[/left]
주문을 훈련시켜 주었습니다.[/left]
어느 날 밤, 아버지는 얼굴에 심각한 표정을 짓고 당신을 작업장으로 데려왔습니다. 그는 황제 본인의[/left]
대리인이 지역 도둑 길드와 마법사 길드의 수장들에게 접근했다고 설명했습니다. 그는 그들에게 황제가[/left]
제국의 반역자 재거 탄과 결탁한 것으로 추정되는 %q3 의 이름을 지닌 %q4 에[/left]
대한 소문을 들었다고 말했습니다. 황제는 불법적인 행동을 입증할 적절한 증거 없이는[/left]
에게 감히 행동을 취할 수 없었습니다.%q2 당신의[/left]
아버지는 둘이 함께라면 이 임무에 딱 맞을 것이라고 제안했습니다.[/left]
아버지에게 깊은 인상을 남길 기회와 황제의 보상에 흥분한 당신은 즉시 동의했습니다.[/left]
며칠 후 밤, 당신과 아버지는[/left]
의 서재에 침입하여 음모의 증거를 찾기 시작했습니다. 복도에서 들린 소음 때문에 당신은 들고[/left]
있던 서류 뭉치를 떨어뜨릴 뻔했습니다. 이전에 합의한 대로, 당신은 아버지가 주의를 분산시키러[/left]
가는 동안 %q5 의 자료를 가지고 탈출 경로로 빠르게 이동했습니다. 아버지는 당신에게[/left]
윙크를 하고 사라졌습니다. 당신은 성을 떠나 탈출 경로를 따라 집으로 돌아왔습니다.[/left]
그곳에서 뚱뚱한 마법사와 제국 전령이 자료를 검토했고, 그들의 반응으로 보아 그 증거는[/left]
%fn 에게 치명적이었습니다. 당신은 어머니와 함께 앉아 초조하게 아버지의 귀환을[/left]
기다렸습니다. 시간은 며칠로 흘렀고, 당신은 아버지를 다시는 볼 수 없을 것이라는 사실을 멍하니[/left]
깨달았습니다. 황제의 보상을 받은 것은 당신의 상실감에 비하면 작은 위안에 불과했습니다.[/left]
몇 주 후, 제국 인장이 찍힌 편지가 당신의 집에 도착했습니다.[/left]
당신은 즉시 제국 도시로 호출되었습니다.%q6[/left]
%q8 %bn[/left]
%bn[/left]
%bn[/left]
%bn[/left]
%bn[/left]
[/left]
[/left]
[/left]
[/left]
[/left]
[/left]
[/left]
[/left]
[/left]
[/left]
[/left]
[/left]
[/left]
[/left]
[/left]
[/left]
[/left]
[/left]
[/left]
[/left]
[/left]
[/end]"
4122,"당신의 부모님은 당신이 어린 시절 동안 유랑극단과 함께 여행했기에,[/left]
당신은 탐리엘의 가장 좋은 면과 가장 나쁜 면을 모두 접할 수 있었습니다. 당신은 어머니로부터[/left]
%q1 하는 법을 배웠습니다.[/left]
아버지로부터는 많은 것을 배웠는데, 어떻게[/left]
%q2 하는지, 어떻게 %q3 하는지,[/left]
그리고 %q4 의 기초를 배웠습니다.[/left]
이 모든 것은 오락뿐만 아니라 방어용으로도 사용할 수 있었습니다.[/left]
당신의 열 번째 생일과 스무 번째 생일 사이의 세월은[/left]
탐리엘이 겪은 가장 최악의 시기 중 하나였습니다. 유랑극단은 그리[/left]
행복한 곳이 아니었고, 영토 내에서의 이동은 심각하게[/left]
제한되었습니다. 황제의 요원들은 제국[/left]
의 적을 찾아 시골을 수색했고, 모든 사람을 매우 무례하게 심문하곤 했습니다.[/left]
당신은 항상 그런 난민이[/left]
유랑극단으로 찾아오길 바랐는데, 어느 날 정말로 한 명이 찾아왔습니다. 꾀죄죄한 젊은[/left]
남자가 숨어들었을 때, 당신은 제국 요원들을 상대로 재미를 볼 기회를 얻었습니다.[/left]
당신은 쾌재를 부르며 요원 절반에게[/left]
당신이 변장한 그들의 지휘관이라고 믿게 만들었고,[/left]
그들이 이중 첩자라고 주장하며 다른 요원들을 쫓게 만들었습니다.[/left]
그것이 당신의 마지막 장난이 되었습니다. 당신은[/left]
얼마 지나지 않아 황제의 적으로 투옥되었습니다.[/left]
진정한 황제가 찬탈자[/left]
재거 탄으로부터 왕좌를 되찾았을 때, 당신을 포함한 모든 정치범은[/left]
감옥에서 풀려났습니다. 당신은, 오직 당신만이 목욕을 하고,[/left]
좋은 옷을 입은 뒤 황제[/left]
앞으로 불려 갔습니다. 우리엘 황제는 유랑극단에서 당신이 목숨을 구한 젊은 남자가[/left]
자신의 아들인 왕자[/left]
라고 말했습니다. 황제는 당신의%imp 매혹하고, 혼란스럽게 하며,[/left]
당황하게 하는 능력에 대해 치하했고, 감사의 표시로[/left]
%q6 개체를 주었습니다.[/left]
그는 또한 당신에게 특별한 부탁을 하나 했습니다.[/left]
[/left]
[/left]
[/end]"
4123,"당신은[/left]
의 작은 마을에 있는 %hpw %hpn 에서 농부의 자식으로 태어났습니다.[/left]
당신의 부모님과 나이 든[/left]
형제들은 열심히 일하는 사람들이었으며, 자신의 힘과[/left]
지구력에 자부심을 느꼈습니다. 당신에게서 유일하게 큰 것은 식탐뿐이었습니다.[/left]
당신은 호기심이 많은 성격이었습니다.[/left]
찬장, 벽장, 서랍 그 무엇도 당신의 엿보는 눈과 손길로부터 안전하지 않았습니다. 당신은[/left]
흔적을 남기지 않았지만, 그래도 아버지와 형제들은 당신을 붙잡을 때마다 매질을 했습니다.[/left]
열한 살이 되었을 무렵에는[/left]
그들도 더 이상 당신을 잡지 못했습니다. 어머니는 당신에게[/left]
및[/left]
의 지식을 가르쳐 주셨지만, 당신은 다른%q1 교육은 받지 않았고 원하지도[/left]
않았습니다.%q2[/left]
한번은 마을의[/left]
담장을 기어올라가 훈련 중인 젊은 %q3 의 모습을 엿보았습니다.[/left]
장비가 아무렇게나 방치되어 있을 때 당신은 그것을 당신의%q3a 것으로 챙겼습니다.[/left]
이런 식으로 당신은[/left]
의 소유권을 얻었습니다.[/left]
당신은 또한 주인이 버린 재킷을 주워 마을에서%q3b 자랑스럽게 입고 다녔습니다.[/left]
어느 날, 당신은 마을 아이들이[/left]
라는 노파에게 돌을 던지며 욕설을 퍼붓는 것을 보았습니다.[/left]
이해할 수 없는 충동에 이끌려 당신은 아이들에게 돌을 되던졌습니다. 아이들은 웃었지만, 당신이[/left]
가까이 다가가자 그들은 돌아서서 도망쳤습니다.[/left]
당신은 %fn 에게 돌아가 그녀를 집까지 바래다주겠다고 제안했습니다.[/left]
""안으로 들어오렴,"" 의 말이 이어졌습니다. ""너에게 줄 것이 있단다."" 그녀의 오두막은 방[/left]
하나짜리였고, 사방에%fn 고양이와 새끼 고양이들이 가득했습니다. ""앉으렴,"" 그녀가[/left]
말하며 의자에서 고양이 두 마리를 치웠습니다. ""너에게 에 대해 가르쳐 주마.""%fn ""왜요?""[/left]
당신이 물었습니다. ""고양이들은 훈련이 필요 없단다,""%q4 의 대답이었습니다.[/left]
""너는 필요하지. 아니면, 곧 필요하게 될 거다. 상관없어."" 그렇게 당신의 훈련이 시작되었습니다.[/left]
그녀의 손은 더 이상 무언가를 할 수 없었지만, 그녀의 정신은 여전히 유효했습니다.[/left]
당신과%q4 의 관계는 친구이자%fn 스승과 제자가 되었습니다. 열여섯 번째 생일에,[/left]
그녀는 당신에게 떠나야 한다고 말했습니다. 당신의 작은 마을은 당신의 재능을 펼치기엔 너무[/left]
작았습니다. %fn ""선생님은요?"" 당신이 물었습니다. ""나도 떠나야 한단다. 언젠가 일리악[/left]
만에서 나를 찾아오겠니? 그러면 좋겠구나. 그때까지는, 내 추억과 고양이들과 함께 지낼 테니.""[/left]
제국 도시로 가는 길에, 당신은 여관에 들러 다음 날 황제가 지나갈 것이라는 소식을 들었습니다.[/left]
방에 몰래 들어가는 대신, 당신은 길가에 있는 나무 위에서 밤을 보냈습니다.[/left]
당신은 황제를 보고 싶었습니다. 나중에는 언제든 할 기회가 있을 테니까요. 행렬은 정말 화려했지만,[/left]
근처에서 들리는 부스럭거리는 소리가 당신의 주의를 끌었습니다. 검은 옷을 입은 남자가 당신[/left]
아래 10피트 높이의 나뭇가지에 웅크리고 있었습니다. 당신은 자신도 모르게 헉 소리를 냈고,[/left]
그는 몸을 돌려 당신을 향해 활을 겨누었습니다. 무기를 꺼낼 틈도 없이, 당신은 그에게 몸을 날렸고,[/left]
두 사람은 함께 황제의 마차가 다가오는 바로 그 순간 아래쪽 사람들의 머리 위로 떨어졌습니다.[/left]
손들이 거칠게 당신을 낚아챘습니다. 당신은 어지러움을 느꼈고 불길한 흔적이 왼팔을 타고[/left]
번져나갔습니다. 독이었습니다! 그때 흰 옷을 입은 엘프가 당신 위에서 주문을 읊조렸습니다.[/left]
당신의 팔은%q12 식었고 머리는 맑아졌습니다. 황제께서 직접 당신에게 감사를 표하고 의[/left]
하사품을 주셨습니다. 마을 사람들은 당신에게 음식과 술을 대접하며 익숙지 않은 칭찬을 건넸습니다.[/left]
나중에 당신은 슬그머니 빠져나와 외에도, 황제가 제국 황궁에서 자신을 알현하라는 초대장을 건넸다는[/left]
사실을 알게 되었습니다. 당신은 즉시 길을 떠났습니다. %q5 %q5[/left]
[/left]
[/left]
[/left]
[/left]
[/left]
[/left]
[/left]
[/left]
[/left]
[/left]
[/left]
[/left]
[/left]
[/left]
[/left]
[/left]
[/left]
[/left]
[/left]
[/left]
[/left]
[/left]
[/left]
[/left]
[/left]
[/left]
[/left]
[/left]
[/left]
[/left]
[/left]
[/left]
[/left]
[/end]"
4124,"당신은 작은 마을의 부랑아로 거리에서 자랐습니다.[/left]
%hpw %hpn 에서 말이죠. 당신은 언제[/left]
처음으로 %q1 하는 법이나 %q2 하는 법을 배웠는지, 혹은 언제[/left]
%q3 했는지 알지 못합니다.[/left]
당신은 그저 당신의 기술과 철학이 재거 탄이[/left]
정당한 황제의 왕좌를 찬탈했던 암흑기 동안 당신을 살아남게 하고 제정신을 유지하게[/left]
해주었다는 것만을 압니다. 탄의 요원들은[/left]
심지어 당신의 작은 마을까지 샅샅이 뒤지며 정치적[/left]
반체제 인사들과 다른 불온분자들을 찾아다녔습니다. 그들이 찾아낸 자들은[/left]
영원히 사라졌습니다.[/left]
모두의 이익을 위해, 당신과[/left]
의심스러운 일에 종사하던 다른 모든 마을 사람들 사이에 불안한 동맹이 형성되었습니다.[/left]
어느 날 밤, 당신은 누더기를 걸친 소년이 재거 탄의[/left]
검은 옷을 입은 요원 열 명에게 쫓기는 것을 목격했습니다. 당신은 골목길을 가로질러[/left]
그 소년을 만나러 갔고, 그를 설득해 함께 도망치는 것은 그리 어려운 일이 아니었습니다. 두 사람은[/left]
숨겨진 지하실로 몰래 들어가 요원들이 지나가기를 기다렸습니다. 그 소년은[/left]
분명히 마을 출신이 아니었고, 당신이 그에게[/left]
이름을 묻자 그는 주저하며 "" ""라고 말했습니다. 당신은 그의 왕족 같은 이름에 웃음을 터뜨렸고,[/left]
그는 매우%imp 진지하게 자신이 탐리엘의 정당한 통치자의 아들이며 왕좌에[/left]
가짜가 앉아 있다고 말했습니다. 당시 당신은 그의 소년다운 상상을 그저 받아주었습니다.[/left]
물론 지금은 그가 진실을 말하고 있었다는 것을 압니다. 당신은 그에게 마을을 빠져나갈[/left]
최선의 길을 알려주며 검은 옷을 입은 자들이 자주 다니는 구역을 피하게 해주었고,[/left]
그는 나중에 아버지를 다시 만나게 되면 당신의 그 친절에 제대로 보답하겠다고 말했습니다.[/left]
몇 년 후, 당신의 운이 다해 당신은 혐의로 투옥되었습니다. 당신이 감옥에 며칠 동안 갇혀 있을 때,[/left]
제국 전령의 정복을 차려입은 방문객이 찾아왔습니다. 그는%q4 당신에게 왕자 에[/left]
대한 당신의 공로를 인정받아, 완전한 사면과 %imp 의 하사품을 받았다고 말했습니다.[/left]
당신은 또한 황제 알현을 위해 제국 도시로 초대하는 소박하고 꾸밈없는 편지를 받았습니다.[/left]
당신은%q5 어차피 더 큰 물에서 놀 생각이었기에, 그곳으로 향했습니다.[/left]
[/left]
[/left]
[/left]
[/left]
[/left]
[/left]
[/left]
[/left]
[/left]
[/left]
[/end]"
4125,"당신은 농장에서 자라며[/left]
끊임없이 길 잃은 양들을 몰아오며 꽤 민첩해졌습니다. 어느 상인회[/left]
축제 때, 가족과 함께 마을을 방문했다가 당신은[/left]
떠돌이 곡예사 무리에 매료되어 스스로 곡예사가 되기로 결심했습니다.[/left]
집에서 당신은 부모님이 당신이[/left]
본분을 소홀히 한다고 불평함에도 불구하고 연습을[/left]
시작했습니다. 마침내, 성인이라 불릴 나이가 되었을 때, 당신은 집을 떠났습니다.[/left]
당신은 끝내 그 유랑 극단을 찾지 못했습니다. 당신은 %hpw 깊은 곳의 작은[/left]
마을로 흘러들어 %q1[/left]
하는 법을 배웠고 %q2 하는 법과[/left]
%q3 하는 법을 배웠습니다.[/left]
당신은 재거 탄이 정당한 황제의[/left]
왕위를 찬탈했던 암흑기에 당신을 살아남게 하고 제정신을 유지하게 한 것은 당신의 기술과[/left]
철학임을 알고 있습니다. 탄의 요원들은[/left]
심지어 정치적[/left]
반체제 인사와 다른 불온분자들을 찾아 그 작은 마을까지 샅샅이 뒤졌습니다. 그들이 찾아낸 자들은[/left]
영원히 사라졌습니다.[/left]
모두의 이익을 위해, 당신과[/left]
의심스러운 일에 종사하던 다른 마을 사람들 사이에 불안한 동맹이 형성되었습니다.[/left]
어느 날 밤, 당신은 누더기를 걸친 소년이 재거 탄의[/left]
검은 옷을 입은 요원 열 명에게 쫓기는 것을 목격했습니다.[/left]
당신은 소년을 만나기 위해 골목길로 지름길을 택했고,[/left]
그를 설득해 함께 도망치게 하는 데는 큰 노력이 필요하지 않았습니다. 두 사람은[/left]
숨겨진 지하실로 몰래 들어가 요원들이 지나가기를 기다렸습니다. 소년은[/left]
분명 마을 출신이 아니었고, 당신이 그에게[/left]
이름을 묻자, 그는 주저하며 "" ""라고 말했습니다. 당신은 그의 왕족 같은 이름에 웃음을 터뜨렸고,[/left]
그는 매우%imp 진지하게 자신이 탐리엘의 정당한 통치자의 아들이며 왕좌에 사기꾼이 앉아[/left]
있다고 말했습니다. 당시 당신은 그의 어린아이 같은 상상을 받아주었습니다. 물론 지금은 그가 진실을[/left]
말하고 있었다는 것을 압니다. 당신은 그에게 검은 옷을 입은 자들이 자주 출몰하는 지역을 피해서[/left]
마을을 빠져나가는 최선의 길을 알려주었고, 그는 나중에 아버지를 다시 만나게 되면 그 친절한 행동에[/left]
대해 제대로 보답하겠다고 말했습니다. 몇 년 후, 당신의 행운이 다해 당신은 혐의로 투옥되었습니다.[/left]
감옥에 며칠 동안 갇혀 있던 당신은 제국 전령의%q4 정식 복장을 한 방문객을 맞이했습니다.[/left]
그는 당신에게 왕자님에 대한 당신의 공로에 대한 보상으로,[/left]
당신에게 완전한 사면과 %imp 이 주어졌다고 말했습니다.%q5 당신은 또한[/left]
황제를 알현하기 위해 제국 도시로 당신을 초대하는 소박하고 꾸밈없는 편지를 받았습니다.[/left]
당신은 어차피 더 큰 물에서 놀 생각이었기에, 그곳으로 향했습니다.[/left]
[/left]
[/left]
[/left]
[/left]
[/left]
[/left]
[/left]
[/left]
[/left]
[/left]
[/left]
[/end]"
4126,"당신은 원래 도둑이 되지 않았을지도 모른다. 어릴 때부터[/left]
%q1 의 길을 걷도록 양육되고 훈련받았기 때문이다.[/left]
그러나 운명의 그날, 당신과 주인[/left]
%mn 의 일행이 타고 가던 대상이[/left]
오크 부족에게 습격당하기 전까지, 당신은 자신의[/left]
삶이 이미 정해졌다고 믿고 있었다. 하지만 모든 믿음은[/left]
순식간에 무너졌다. 당신이 신뢰했던 배신자 %q1a 의 행태는[/left]
오크에게서 달아나기 위해 당신을 희생양으로 삼은 것이었다.[/left]
오크의 포로가 된 뒤에도 가까스로 살아남았지만, 당신은[/left]
다시는 결코[/left]
%q1 의 존재를 신뢰하지 않았다.[/left]
당신은 %hpn 의 외딴 시골 마을[/left]
%hpw 에서 미신을 믿는 사람들 사이에서 자라, 오크를[/left]
악마나 데이드라라고 믿었다. 하지만 그 부족은 놀라울 만큼[/left]
문명화되어 있었다. 그들은 고대 오크의 수도 오시니움에 관한[/left]
책을 해독할 %ra 의 도움이 필요했다. 당신은 그들과[/left]
지내며 그들의 언어를 배웠고, 원시적이지만 고결한[/left]
야망을 존중하게 되었다. 그럼에도[/left]
다른 %ra 사람들과 어울려야 한다는 것을 알았기에,[/left]
기회가 오자 탈출했다.[/left]
당시 %hpn 전역의 형편은 어려웠지만,[/left]
오크 야영지에서 익힌 %q2 및 %q3 기술 덕분에[/left]
당신은 제법 성공적인[/left]
도둑이 되었다. 어느 날 밤, 한 귀족의 저택을 털다가[/left]
그 귀족과 전 제국 전투마법사 재거 탄이[/left]
주고받은 서신을 발견했다. 당신은 그것을 마을의 연락책에게[/left]
팔아 예상보다 훨씬 많은 금화를 받았다.[/left]
그 서신의 진정한 가치를 깨달은 것은 선술집 방으로[/left]
%imp 왕자가 찾아온 뒤였다.[/left]
왕자는 재거 탄이 지난 10년 동안 마법으로[/left]
자신의 아버지 행세를 했으며, 진짜 황제는 불과 얼마 전에[/left]
복위했다고 말했다. 당신 같은 충성스러운 신민은 드물었고,[/left]
황제는 직접 감사를 표하고 싶어 했다. 당신은[/left]
%imp 왕자와 함께 제국 도시로 가서[/left]
황제를 알현했다. 황제는 당신의 공로에 진심으로[/left]
감사하며 %q4 의 하사품을 내렸다.[/left]
그리고 한 가지 부탁도 했다.[/left]
[/left]
[/left]
[/left]
[/end]"
4127,"당신은 거리에서 자랐으며,[/left]
의 작은 마을에서 %hpw %hpn 의 부랑아로 지냈습니다. 당신이 언제[/left]
처음으로 %q1 하는 법이나 %q2 하는 법을 배웠는지, 혹은 언제[/left]
%q3 했는지는 알지 못합니다.[/left]
당신은 오직 당신의 기술과 철학만이 재거 탄이[/left]
정당한 황제의 왕위를 찬탈했던 암흑기 동안 당신을 살아남게 하고 제정신을 유지하게[/left]
해주었다는 사실만을 압니다. 탄의 요원들은[/left]
심지어 당신의 작은 마을까지 찾아와 정치적[/left]
반체제 인사들과 다른 불온분자들을 색출했습니다. 그들에게 발견된 자들은[/left]
영원히 사라졌습니다.[/left]
모두의 이익을 위해, 당신과[/left]
의심스러운 일에 종사하던 다른 모든 마을 사람들 사이에 불안한 동맹이 형성되었습니다.[/left]
어느 날 밤, 당신은 누더기를 걸친 소년이 재거 탄의[/left]
검은 옷을 입은 요원 열 명에게 쫓기는 것을 목격했습니다. 당신은 골목길을 통해 지름길로 달려가[/left]
소년을 만났고, 그를 설득해 함께 도망치게 하는 데는 큰 노력이 필요하지 않았습니다. 두 사람은[/left]
숨겨진 지하실로 몰래 들어가 요원들이 지나가기를 기다렸습니다. 소년은[/left]
분명히 그 마을 출신이 아니었고, 당신이 그에게[/left]
이름을 묻자, 그는 주저하며 "" ""라고 말했습니다. 당신은 그의 왕족 같은 이름에 웃음을 터뜨렸고,[/left]
그는 매우 진지하게 자신이 탐리엘의 정당한 통치자의 아들이며 왕좌에 찬탈자가 앉아 있다고[/left]
말했습니다. 당시 당신은 %imp 그의 어린아이 같은 상상을 그저 받아주었습니다.[/left]
물론 지금은 그가 진실을 말하고 있었다는 것을 압니다. 당신은 그에게 마을을 빠져나가는 최선의[/left]
길을 알려주며 검은 옷을 입은 자들이 자주 다니는 구역을 피하게 해주었고, 그는 나중에 아버지를[/left]
다시 만나게 되면 당신의 그 친절한 행동에 대해 제대로 보답하겠다고 말했습니다. 몇 년 후,[/left]
당신의 운이 다해 당신은 라는 죄목으로 투옥되었습니다. 당신이 감옥에 갇힌 지 며칠이 지났을 때,[/left]
제국 전령의 정복을 갖춰 입은 방문객이 찾아왔습니다. 그는 당신에게 왕자 에 대한 당신의 공로를[/left]
인정받아, 당신에게 완전한 사면과 %q4 의 이름으로 불리는 보상이 주어졌다고 말했습니다.[/left]
당신은 또한 황제 알현을 위해 제국 도시로 당신을 초대하는 소박하고 꾸밈없는 편지를 받았습니다.[/left]
당신은 어차피 더 큰 물에서 놀 생각이었기에, 그곳으로 향했습니다. %imp %q5[/left]
[/left]
[/left]
[/left]
[/left]
[/left]
[/left]
[/left]
[/left]
[/left]
[/left]
[/end]"
4128,"당신은 젊은[/left]
여인과 남자가 있는 도시에서 살았던 희미한 기억이 있지만,[/left]
어린 시절의 대부분은 울창한 숲 가장자리에 있는[/left]
작은 집에서 살았습니다. 그곳에서[/left]
당신이 ""할아버지""라고 불렀던 노인은 숲의 비공식 관리인이자 인근 지역의 보안관으로서의 임무를[/left]
수행했습니다. 당신의 할아버지라고 여겨졌던 분은 실제로 당신과 그런 관계이기에는 너무나[/left]
나이가 많았지만, 그는 겉으로는 무뚝뚝함에도 불구하고 당신을 매우 다정하게 돌봐주었습니다.[/left]
당신의 어린 시절은 헐렁한 옷이나 할아버지가 즐겨 입던 단순한 로브만을 걸치고 밖에서 보낸 끝없는[/left]
나날들로 기억됩니다. 그는 당신에게 에 대해 가르쳐 주었고 어떻게 하고 하는지도 가르쳐 주었습니다.[/left]
그리고%q1 그가 수행해야 할 관리 임무가 없을 때면, 항상 무기 연습이 있었습니다.[/left]
할아버지는 놀라울 정도로 다양한 무기를 통달했고, 당신이 그 각각에 익숙해지기를 고집했습니다.[/left]
그는 종종 지역에 문제를 일으키는 숲의 포식자나 지역을 지나가는 도적 떼를 상대해야[/left]
했고,%q3 당신은 그를 도울 수 있을 때마다 자랑스러웠습니다.%q9 바로 그런 무법자[/left]
무리 때문에 할아버지가 결국 치명적인 전투 상처를 입게 되었습니다. 당신과 그는 집으로 돌아올[/left]
수 있었고, 처음에는 그가 이것을 그저 자연스럽게 치유될 가벼운 상처인 것처럼 행동하려 했습니다.[/left]
하지만 결국 그조차도 자신의 나이와 누적된 부상의 불가피함을 인정했고, 그는 당신에게 자신의[/left]
소지품 처분에 관한 세심한 지시를 내렸습니다. 그는 또한 당신에게 그의 오랜 친구가 운영하는[/left]
사원으로 가서, 당신의 성장을 계속하고 훈련을 유지하며 계속해서 할 수 있도록 하라고 말했습니다.[/left]
며칠 후, 할아버지는 항상 보여주었던 조용한 위엄 속에서 세상을 떠났습니다.[/left]
당신은 당신이 가졌던 유일한 친구이자 가족을 잃은 것에 비통해했지만,[/left]
당신의 몇 안 되는 소지품을 챙겨 할아버지의 요청을 기리기 위해 사원으로 여행을 떠났습니다.[/left]
사원의 최고 여사제인 은 나이가 든 여성이었지만, 당신의 할아버지보다는 훨씬 젊었습니다.[/left]
당신은 최근의 상실에 대한 슬픔을 그녀와 나누었습니다. 그러고 나서 당신은 그녀와 동의하기를,[/left]
및 유사한 학문에 대한 일반적인 훈련 외에도, 갑옷과 방패를 다루는 과정은 무시하기로 했습니다.[/left]
훈련 비용을 지불하기 위해, 당신은 당신의%q1 임업 기술을 사용하여 사원의 식료품 저장소에[/left]
신선한 고기를 정기적으로 공급했습니다. %q3a 몇 년 후, 여느 때와 다름없던 어느 날,[/left]
당신이 식량 공급을 위해 사냥감을 수집하고 돌아왔을 때 최고 여사제가 당신을 찾아왔습니다.[/left]
그녀는 사원 근처에서 제국 마차가 매복 공격을 받았다는 소식을 들었으며, 중요한 사람들과 물자를[/left]
회수해야 한다고 말했습니다. 당신은 할아버지가 가장 좋아하던 명상 연습을 할 시간을 한 시간 갖고,[/left]
새로워진 마음으로 강도들을 어디서 찾아야 할지에 대한 통찰력을 얻고 이 새로운 임무를 떠났습니다.[/left]
당신의 명상은 황혼 무렵 결실을 맺었고, 당신은 예상했던 곳 근처의 야영지에 은밀히 접근했습니다.[/left]
밤새도록 당신은 야영지 경비병을 서서히 추적하여 제압했지만, 나머지 무법자들은 저항했기 때문에[/left]
모두 죽여야 했습니다. 당신은 아침 식사 직후에 단 한 명의 포로인 하녀와 평범한 정부 문서 상자만을[/left]
가지고 사원으로 돌아오는 것이 부끄러웠습니다. %fn 그러나 제국 대표가 당신의 성과를[/left]
주장하러 도착했을 때, 그녀는 당신을 찾아내어 가장 성공적인 임무를 완수한 것을 축하했습니다.[/left]
하녀나 문서 중 일부가 어떻게든 중요했는지 당신은 결코 확실히 알 수 없었지만,[/left]
나중에 제국 황궁으로부터 긴급한 업무로 당신을 궁으로 초대하는 매우 흥미로운 편지를 받았을 때[/left]
당신은 놀라지 않았습니다. 당신은 즉시 사원을 떠나 제국 도시로 향했습니다. %q1[/left]
[/left]
[/left]
[/left]
[/left]
[/left]
[/left]
[/left]
[/left]
[/left]
[/left]
[/left]
[/left]
[/left]
[/left]
[/left]
[/left]
[/left]
[/left]
[/left]
[/left]
[/left]
[/left]
[/left]
[/left]
[/left]
[/left]
[/left]
[/left]
[/left]
[/left]
[/left]
[/left]
[/left]
[/left]
[/end]"
4129,"당신이 서너 살이었을 때, 며칠 동안 부모님과[/left]
떨어져 길을 잃은 적이 있습니다. 당신은[/left]
에서 길을 잃었던 그 시절에 대해%hpw 기억하는 것이 별로 없지만,[/left]
이상한 생명체 무리가 당신을[/left]
무리로부터 구해주었다는 것만은 기억합니다.[/left]
마침내 부모님의 집으로 돌아왔을 때, 당신은 구조자들에 대해 설명했고,%q5 그들이[/left]
라는 말을 들었습니다.[/left]
오늘날에도 당신은 그들의 언어 중 일부 단어를 기억합니다.%q6[/left]
성인이 되었을 때, 당신은 더 넓은 세상을 보기 위해 지역 민병대에 입대했습니다. 당신은 민병대에서[/left]
받은 궁술 훈련에서 탁월했습니다. 당신이 화살을 쏠 수 있는 거리에는 한계가 없는 듯했고,[/left]
당신은 종종 스승들에 의해 덜 숙련된 학생들의 본보기로 사용되었습니다. 몇 년 후, 당신은[/left]
스스로 달인이 되었습니다.[/left]
하지만 당신의 운명을 바꾼 그 발사는, 잘못된 발사였습니다.[/left]
당신은 겨냥하던 나무를 빗맞혀 길 건너편 나무 가지를 맞혔고, 황제의 아들인 왕자[/left]
의[/left]
마차를 기다리던 숨어 있던 암살자를 놀라게 했습니다.[/left]
암살자는 당국에 붙잡혔고, 제국의 보상을 갈망하던 민병대장은 당신의 빗나간 화살[/left]
이야기를 마치 충성스러운 신하의 전문적인[/left]
사격인 것처럼 꾸며서 말했습니다. 당신은 곧 제국 근위대의 일원으로 궁정에 초대받게 되었습니다.[/left]
황제의 궁정에서 당신은 계속해서 궁술을 연습했고, 추가로 매일[/left]
연습을 통해 많은 새로운 기술을 배웠습니다. 동기를 유지하기 위해,[/left]
그것은 끝없는 작업 시간과 무기 훈련의 피로를 견딜 힘을 주었습니다.%imp[/left]
당신은 황제가 당신에게 임무를 내렸다는 소식을 들었을 때 매우 기뻤는데, 그 임무는 최고의 재치[/left]
와 흔들림 없는 충성심을 요구하는 것이었습니다.[/left]
그날 밤 궁전에 도착했을 때, 당신은 황제가 평소의 많은 수행원들에 둘러싸여 있지 않고, 오직 그의[/left]
수석 고문인 제국 전투마법사 오카토와만 함께 있다는 사실에 놀랐습니다.[/left]
그곳에서 당신은 대거폴의 사건에 대해 들었습니다.[/left]
%q1[/left]
%q2[/left]
[/left]
[/left]
[/left]
[/left]
[/left]
[/left]
[/left]
[/left]
[/left]
[/left]
[/left]
[/left]
[/left]
[/end]"
4130,"당신은 어린 시절 대부분을 %hpw 에서[/left]
와 함께 보냈으며, 어머니는 당신이[/left]
에 대해 품은 매혹을 일깨워 준 분이었습니다. 어머니는 그들에 관한 이야기와 %q9 의 전설을[/left]
통해 들려주셨죠. 어머니는 그들의[/left]
언어 중 일부를 알고 계셨고 당신에게 가르쳐 주기도 했습니다. 당신은 하나를 찾아내겠다고 맹세했고,[/left]
그래서 어머니의[/left]
가르침에 따라 %hpw 의 방식과 그[/left]
수많은 거주자에 대해 부지런히 공부했습니다. 나중에 상인이었던 아버지는 당신을[/left]
자신의 사무실로 데려가 일을 익히게 했지만, 그 일에는 도무지[/left]
흥미가 생기지 않았습니다. 부모님이 제공한 안정적인 가정환경은 당신에게 도움이 되었고,[/left]
아버지는 당신의[/left]
훈련을 넓히는 데 필요한 금화를[/left]
사랑으로 지원해 주셨습니다. %q1[/left]
당신의 가장 큰 기쁨은 언제나[/left]
%hpw 쪽으로 향하는 것이었습니다. 몇 시간이든 일주일이든, 약간의 음식과[/left]
당신의 %q1a 만을 챙겨서 말이죠. 당신은 %hpw[/left]
길을 헤매며 그 놀라운 생물 중 하나를 찾아 추적하겠다는 어린 시절의 환상을 쫓는 것을 즐겼습니다.[/left]
당신이[/left]
거의 모든 %q1 과정을 마쳤을 무렵, 이전에 본 적 없는[/left]
발자국을 처음 발견했습니다. 그것들은[/left]
마치 아무것도 없는 곳에서 시작되어 끝나는 것처럼 보였습니다. 약 2주[/left]
후, 당신은 꺾인 나뭇가지들을 발견했고, 그것을 따라가다 이전과 마찬가지로 시작과 끝이 불분명한[/left]
다른 종류의 미지의 발자국들을 찾아냈습니다. 다음 날 아침, 당신은 머릿속으로[/left]
발자국 패턴을 복기했고,[/left]
그것들의 근원지로 보이는 곳을 향해 4등분 하여 수색했습니다.[/left]
갑자기 털과 이빨, 발톱으로 뒤덮인 악몽 같은 존재가 당신 앞 10피트 거리의 덤불에서[/left]
튀어나왔습니다. 당신은 서둘러[/left]
나무 위로 기어 올라갔고, 바로 뒤에서 낄낄거리며 으르렁대는 야만인을 들었습니다.[/left]
더 높이 올라가던 중, 당신은 발밑의 나뭇가지가 부러지는 소리를 들었고,[/left]
뒤를 돌아보자 그 남자가 바닥에 세게 떨어지는 모습이 보였습니다.[/left]
기회를 포착한 당신은 그 옆으로 뛰어내려[/left]
.[/left]
당신은 그가 튀어나온 덤불을 조사했고,%q1b 그 식인종이 불운한 순찰자들의 뼈를[/left]
보관하던 동굴을 발견했습니다. 또한 당신은 쇠사슬에 묶인 깡마른 어린 소년을 발견했는데,[/left]
분명 당신이 방해한 식사 거리였을 것입니다. 그를 풀어준 후, 그는 자신의 이름이[/left]
라고 말했고,[/left]
자신이 우리엘 셉팀 황제의 아들이라고 밝혔습니다.[/left]
그의 아버지의 조언자인 재거 탄이 왕위를 찬탈하고,[/left]
및 그 형제들을 숨어 지내게 만들었다는 이야기를 들었을 때조차,[/left]
그의 태도 때문에 당신은 그를 믿을 수밖에 없었습니다.%imp[/left]
당신은 소년에게 지갑에 있던 금을 모두 주고 행운을 빌어주었으며,[/left]
에서 있었던 식인종 사건에 대해서는 아무에게도 말하지 않았습니다. 하지만 몇 달 후,[/left]
당신은 황제 본인으로부터 보상을 받으러 제국 도시로 오라는 초대장을 받고%imp[/left]
가족들은 어리둥절해했습니다.[/left]
당신은 소년에게 지갑에 있던 금을 모두 주고 행운을 빌어주었으며,[/left]
에서 있었던 식인종 사건에 대해서는 아무에게도 말하지 않았습니다. 하지만 몇 달 후,%hpw[/left]
당신은 황제 본인으로부터 보상을 받으러 제국 도시로 오라는 초대장을 받고[/left]
가족들은 어리둥절해했습니다.[/left]
[/left]
[/left]
[/left]
[/left]
[/left]
[/end]"
4131,"당신이 아주 어렸을 때, 부모님은[/left]
문명 지역의 외곽으로 이주하던 집단에 합류하여[/left]
%hpn 에 새로운 마을을 건설하기 시작했습니다. %hpw.[/left]
당신의 어린 시절은 이러한 모험에 필요한 평범하고[/left]
고된 노동을 돕는 데 쓰였습니다. 부모님으로부터 물려받은[/left]
신체적 강인함은 이와 관련하여 상당한 도움이 되었고, 당신은 어린 나이에[/left]
신체적으로 발달했습니다. 또한 당신은[/left]
에 어느 정도 재능을 보였고, %q1 마을의 어르신과 시간을 보내며[/left]
연습을 했습니다. %q3.[/left]
당신의 전사 기술이 발달함에 따라 기량도 성장했으며,[/left]
%q1 에 대한 빠른 이해가 이를 뒷받침했습니다.[/left]
불행히도, 당신은 결국[/left]
%hpw 에서 배울 수 있는 한계에 도달했음을 깨달았고,[/left]
어느 날 마지못해 부모님께 다가갔습니다.[/left]
많은 논의와 반대 끝에, 그들은 당신이 훈련을 계속하기 위해[/left]
전투 학교로 떠나겠다는 요청을 마지못해 지지해주었으며, 이 기간 동안 스스로 생계를 꾸려야[/left]
한다고 경고했습니다. 비록 부모님과 형제자매들과 헤어지는 것은 슬펐지만,[/left]
당신은 탐리엘의 전설적인 문명 중 일부를 볼 수 있다는 생각에[/left]
들떴습니다.[/left]
전투 학교에 있는 동안, 당신은 일과 후에[/left]
다양한 잡일을 했습니다. 여기에는 경비 임무와[/left]
지역 여관의 문지기 업무가 포함되었으며, 두 가지 모두 당신의 기술을 연마할 추가적인 기회를[/left]
제공했습니다.[/left]
당신은 또한[/left]
라는 급우와 친구가 되었습니다.[/left]
의 훈련이 끝났을 때, 당신은 정기적으로[/left]
제국 도시를 방문하기로 맹세했습니다. 그러나 제국 도시로의 첫 여행에서 당신은[/left]
일부 주민과 궁정 구성원들이 당신의 신체적 존재감과%fn[/left]
비교적 거친 매너에 대해 표현하는 혐오감을 처음으로 경험했습니다.[/left]
이에 대한 유일한 보상은%fn 제국 근위대원 다수가 보여준 즉각적인 우정이었습니다.[/left]
제국 도시를 세 번째 방문했을 때, 당신은[/left]
의 행방을 찾고 있었는데, 그때[/left]
근위대원 중 한 명이[/left]
및 그 용병단을 포함한 소규모 부대가[/left]
공격을 받아 전 제국 찬탈자 재거 탄의 지지자로 의심되는 자들에게 붙잡혔다고 말해주었습니다.[/left]
지원군을 기다릴 여유가 없었던 당신은 즉시 출발했습니다. 마침내 반군 야영지를 발견했을 때, 당신은[/left]
무법자 무리의 규모 때문에 주저했습니다. 당신은 오래 지체하지 않았습니다.[/left]
당신은 삼림 지대의 자연적인 엄폐물을 유리하게 활용하여, 하나씩 당신의 표적을 추적했고[/left]
%fn 처치에 성공했습니다. 운 좋게도, 당신조차 지치기 시작했을 때,[/left]
의 인솔하에 포로 중 일부가 %fn 결박을 풀고 탈출하여 나머지 무리를[/left]
소탕하는 것을 도왔습니다.[/left]
당신의 일행은 제국 도시로 돌아왔고, 그곳에서[/left]
당신은 많은 근위대원들의 축하를 받았습니다.[/left]
그리고 얼마 지나지 않아, 당신은 황제 본인으로부터 메시지를 받았습니다.[/left]
%q1a[/left]
%fn[/left]
[/left]
[/left]
[/left]
[/left]
[/left]
[/left]
[/left]
[/left]
[/left]
[/left]
[/left]
[/left]
[/left]
[/end]"
4132,"가장 어린 시절의 기억은 배고픔과 추위, 그리고[/left]
외로움뿐입니다. 부모님이 누구인지, 어떻게 도시 거리에서 홀로 살아남게 되었는지[/left]
알 길은 없었습니다. 어린 시절의 기억은 몇몇 장면만 떠오를 뿐입니다.[/left]
그중 가장 생생한 기억은 골목에서[/left]
%q10 발견 당시의 일입니다.[/left]
어린 시절의 대부분은 단순히 살아남아 얼마 안 되는 소지품을 지키기 위한 매일의 투쟁이었으며,[/left]
그때의 일은 지금도 선명하게 기억납니다.[/left]
%q2[/left]
나이가 들면서, 당신의 친근한 본성 주위에 형성된 껍질을 뚫고 들어올 수 있는 사람은[/left]
거의 없었습니다. 그중 가장 중요한 인물은[/left]
였는데, 막 도시 경비대에 합류한 상태였습니다. 처음에는 %fn[/left]
%fn[/left]
당신에게 음식을 가져다주고 무기 연습과 조언을 해주곤 했지만,[/left]
결국 그녀는 당신의 초보 전사 학교 입학 신청을 후원해주었고,[/left]
입학금으로 필요한 금화의 일부를 제공해주었습니다.[/left]
그 후 훈련을 마치자, 그녀는 당신이 탐리엘의 도로와 주를 가로지르는 수많은 상인[/left]
카라반 중 한 곳의 경비원으로 일할 수 있도록 일자리를 마련해주었습니다.[/left]
그 후 2년 동안, 당신은 여러 카라반을 옮겨 다니며 탐리엘과 그 주민들에 대해 많은 것을 배웠습니다.[/left]
또한 대륙의 더 거칠고 불안정한 지역에서 실제 전투를 경험하며[/left]
%q1 기술을 연마했습니다. 당신은 초기의 자기방어 본능을 카라반 전체를 지키는 것으로[/left]
쉽게 전환할 수 있었습니다. 하지만 결국 당신은 고향 도시로 돌아가 친구[/left]
의 행방을 찾기로 했습니다.%fn[/left]
그러나 그녀 역시 빠르게 승진하여 제국 도시로 초청받아 제국 근위대 부대에 합류했다는 사실을[/left]
알게 되었습니다. 수도로 가는 여행에 자금을 모두 써버린 당신은 즉시 그곳에서 일자리를 구했고,[/left]
저녁마다 소란스러운 여관 중 한 곳에서 질서를 유지하는 일을 했습니다.[/left]
당신은 여관의 모든 단골손님과 친구가 되었지만, 바를 관리하던 불안해 보이는 벙어리[/left]
소년에게 마음이 쓰였습니다. 그는 너무 겁에 질려 있고 외로워 보여서 당신의 외로웠던[/left]
어린 시절을 떠올리게 했습니다. 술 취한 단골손님 중 한 명이 소년을 때리려 하자,[/left]
당신은 그를 방어하기 위해 뛰어들었습니다. 소년은 당신을 너무나 고마운 눈빛으로 바라보았고,[/left]
당신의 마음은 거의 무너질 뻔했습니다. 그러던 며칠 후, 그는 사라졌습니다.[/left]
몇 달 후, 지하실 물건을 정리하던 당신은 앞문으로 불려 나갔고, 그곳에 다시 그 소년이 있었습니다.[/left]
이번에는 제국 의복을 입고[/left]
%fn 호위병들에게 둘러싸여 있었습니다.[/left]
그 ""벙어리"" 소년은 분명한 귀족의 목소리로 말했습니다. ""내 이름은 왕자 이며,%imp[/left]
탐리엘의 진정한 황제 우리엘 셉팀 7세의 아들이다. 내가 찬탈자 재거 탄의 분노를 피해 숨어 지낼 때,[/left]
그대는 나를 친구로 맞아주었고 내 목숨을 구해주었다. 부디 황제가 내릴 수 있는 가장 큰 선물인[/left]
그의 감사를 받아다오."" 그는 또한 황제 본인의 소환장을 건넸는데, 황제는 당신과 같은 용사가[/left]
필요한 모양이었습니다. 어쩌면 당신의 행운이 마침내 바뀌기 시작한 것일지도 모릅니다.[/left]
[/left]
[/left]
[/left]
[/left]
[/left]
[/left]
[/left]
[/left]
[/left]
[/left]
[/left]
[/left]
[/left]
[/left]
[/left]
[/left]
[/left]
[/left]
[/left]
[/left]
[/left]
[/left]
[/left]
[/left]
[/left]
[/left]
[/end]"
4133,"가장 어린 시절의 기억은 용광로의 타오르는 불길과 뜨거운 금속의 냄새입니다.[/left]
당신의 아버지는 매우 유명한 대장장이였습니다.[/left]
%hpn 주의 모든 곳에서 사람들이 그의 서비스를 받으러 찾아왔습니다.[/left]
당신은 할 수 있게 되자마자 대장간에서 그를 돕는 법을 배웠습니다.[/left]
그는 당신에게 굽은 금속을 수리하고 칼날을 날카롭게 유지하는 법을 가르쳤습니다.[/left]
성인이 되었을 때, 당신은 더 넓은 세상을 보기 위해 지역 민병대에 입대했습니다. 당신은 민병대에서[/left]
%q1 훈련에서 뛰어난 성과를 보였습니다. 무기 수리에 대한 당신의 지식은 자금이[/left]
부족한 민병대에게 매우 귀중했습니다. 어느 날, 판금 갑옷을 입은 방문객이 병영에 도착했습니다.[/left]
치안관을 통해 소개가 이루어졌고, 그렇게 당신은[/left]
기사 경을 만났습니다. 기사는 당신을 밖으로 데리고 나가[/left]
%mn[/left]
%q1a 시험을 치렀습니다.[/left]
그는 아무 말 없이 허리춤에서 철퇴를 꺼내 당신의 머리를 향해 휘둘렀습니다.[/left]
깜짝 놀란 당신은 간신히 그 일격을 튕겨냈습니다.[/left]
몇 번의 공격을 더 피하자 기사는 미소를 지었습니다. 그것이 당신의 시험이었습니다. 당신은[/left]
%mn 경의 종자가 되어 제국 도시로 이주했습니다.[/left]
황제의 궁정에서 당신은 매일[/left]
%q1 훈련을 통해 많은 기술을 배웠습니다. 동기를 유지하기 위해[/left]
%q2[/left]
당신은 끝없는 작업 시간과 무기 훈련의 피로를 견딜 힘을 얻었습니다.[/left]
어느 날 저녁, 위대한[/left]
%q1 마스터의 오래된 원고를 읽고 있는데, 복도의 그림자가 당신의 주의를 끌었습니다.[/left]
다른 종자들이 장난을 치는 것이라 의심한 당신은 나무 연습용 검을 쥐고 복도로 나갔습니다.[/left]
그림자 뒤로 살금살금 다가가 쉽게 접근한 당신은 그림자의 등에 검을 찔러 넣었습니다.[/left]
모든 훈련에도 불구하고, 그림자가 당신에게 쉿 소리를 내며 돌아섰을 때 당신은 멈춰 서서[/left]
멍하니 있을 수밖에 없었습니다. 그곳에는 단검을 든 망토를 두른 고블린이 있었습니다.[/left]
생각할 겨를도 없이 본능이 앞섰고, 손에 든 나무 검이 휘둘러져 고블린을 기절시켰습니다.[/left]
여전히 떨리는 손으로 당신은 경비병을 불렀습니다.[/left]
아침이 되자 당신은 황제 앞에 소환되었습니다. 몸에 맞지 않는 빌린 갑옷을 입고 옥좌실로 걸어[/left]
들어간 당신은 그 거대함에 압도되었습니다. 황제 앞에서 절을 올린 당신은 기사 서약을 하고[/left]
기사단에 받아들여졌습니다. 그로부터 이틀도 지나지 않아 황제가 당신에게 임무를 맡기려 한다는[/left]
소식을 들었습니다. 그것은 최고의 재치와 변함없는 충성심이 필요한 임무였습니다. 그날 밤 궁전에[/left]
도착했을 때, 황제가 평소의 대규모 수행원이 아니라 그의 수석 고문인 제국 전투마법사 오카토와[/left]
함께 있는 것을 보고 놀랐습니다. 그곳에서 당신은 대거폴의 사건에 대해 듣게 되었습니다.[/left]
[/left]
[/left]
[/left]
[/left]
[/left]
[/left]
[/left]
[/left]
[/left]
[/left]
[/left]
[/left]
[/left]
[/left]
[/left]
[/left]
[/left]
[/left]
[/left]
[/left]
[/left]
[/left]
[/end]"
4134,"리아 실만은 강력한 마법사이자 제국 평의회의 원로 중 한 명이었으며, 재거 탄이 은퇴를 결심했을 때 제국 전투마법사의 자리를 이을 가치 있는 후계자였습니다. [/left]
[/left]
[/left]
그녀는 당신의 친구이자 제국 도시에서의 첫 스승이기도 했습니다. 그녀가 사라졌을 때, 당신은 가장 먼저 이를 알아차리고 조사를 시작한 사람이었습니다. 당신이 너무 가까이 다가갔던 것이 분명합니다. 황제의 요원들에게 매복 공격을 당한 당신은 음식도 물도 없는 하수구 깊은 곳의 감옥에 던져졌습니다. 그곳에서 리아 실만이 당신을 발견했습니다.[/left]
[/left]
[/left]
[/left]
[/left]
[/left]
[/left]
[/left]
리아는 유령의 모습으로 나타났습니다. 그녀 역시 지금은 뻔뻔하게도 황제를 사칭하는 자, 즉 그녀의 전 주인이었던 재거 탄에게 배신당했기 때문입니다. 진정한 황제는 탄의 마법에 의해 감금되어 있었습니다.[/left]
[/left]
[/left]
[/left]
오직 당신만이 재거 탄의 주문에서 결함을 찾아내고, 황제를 구출하며, 배신자 전투마법사를 폭로할 수 있었습니다.[/left]
[/left]
[/left]
[/left]
리아의 도움으로 당신은 감옥에서 탈출했고, 그녀의 지시에 따라 통합과 혼돈의 지팡이를 찾는 퀘스트를 시작했습니다. 탄은 그 지팡이를 사용하여 진정한 황제를 가두었고, 지팡이를 부러뜨려 제국 전역의 안전한 장소에 흩어놓았습니다. 탄이 권력을 공고히 하는 동안 거의 10년이 흘렀고 리아의 유령 같은 형체는 서서히 사라져 갔지만, 마침내 당신은 통합과 혼돈의 지팡이의 모든 조각을 찾아 진정한 황제의 감옥을 여는 열쇠를 완성했습니다. 지팡이의 마지막 조각은 제국 황궁 자체에 숨겨진 보석이었습니다.[/left]
[/left]
[/left]
[/left]
[/left]
[/left]
[/left]
[/left]
[/left]
[/left]
[/left]
재거 탄은 인간과 그 외의 수많은 경비병으로 자신을 보호하고 있었습니다. 마침내 보석에 도달했을 때, 당신은 그들이 왜 그렇게 필사적으로 싸웠는지 알게 되었습니다. 그 보석은 황제를 풀어줄 뿐만 아니라 탄을 파멸시켰습니다. 제국 전투마법사가 자신의 생명력을 사용하여 지팡이에 힘을 불어넣었기 때문입니다.[/left]
[/left]
[/left]
[/left]
[/left]
[/left]
[/left]
진정한 황제가 다시 왕좌에 올랐을 때, 그는 당신에게 큰 빚을 졌다고 생각했습니다. 당신은 종종 탄의 실패한 마스터 플랜의 증거를 조사하라는 요청을 받았고, 비록 관련 있는 중요한 단서는 거의 발견하지 못했지만, 충분한 보상을 받았습니다. 하지만 당신은 궁정에 자주 머물지 않았습니다. 황제는 거의 당신을 다른 이들의 눈을 피해 꺼내야 하는 희귀하고 가치 있는 무기처럼 여겼습니다.[/left]
[/left]
[/left]
[/left]
[/left]
[/left]
[/left]
[/left]
[/left]
황제가 리산더스 왕의 유령에 대해 이야기했을 때, 당신의 본능은 황제가 전체 이야기를 들려주고 있지 않다는 것을 알려주었습니다. 그럼에도 불구하고, 그가 당신을 친구로 여겼다 하더라도 황제의 말은 곧 법이었기에, 당신은 그날 밤 바로 대거폴로 향하는 배에 올랐습니다.[/left]
[/left]
[/left]
[/left]
[/left]
[/left]
[/record]"
4150,마당 주위로 불꽃과 얼음의 불꽃을 튀기며 [/end]
4151,상처 입은 나비를 발견하고 다시 날려 보내며 [/end]
4152,"숨바꼭질을 하며, 비록 그녀는 항상 투명해졌지만 [/end]"
4153,지붕에서 뛰어내린 뒤 나뭇잎처럼 천천히 떨어지며 [/end]
4154,마치 땅 위를 걷는 것처럼 근처 호수 표면을 걸으며 [/end]
4155,말을 할 수 없게 만드는 주문을 시전하는 것[/end]
4156,파괴마법 주문을 시전하는 것[/end]
4157,치유와 치료를 수행하는 것[/end]
4158,사람들의 눈에서 사라지는 것[/end]
4159,당신의 몸무게를 바꾸는 것[/end]
4160,물 위를 걷는 것[/end]
4161,공기 중에서 소리를 해제하는 것[/end]
4162,그는 자신에게 대항하는 누구든 경제적으로 파멸시킬 수 있었다[/end]
4163,당신은 그를 몰아내는 영예를 얻기를 갈망했다[/end]
4164,당신은 탄이 축적했을 지식에 경탄했다.[/end]
4165,"자살 행위가 아니었다면, 당신은 그에게 대항하는 일을 즐겼을 것이다[/end]"
4166,당신은 무고한 마을 사람들을 향한 탄의 악행에 복수하기로 맹세했다[/end]
4167,금화 100닢이 든 주머니[/end]
4168,놀라운 책 한 권[/end]
4169,흉갑 하나[/end]
4170,고급 비단 로브 몇 벌[/end]
4171,성수 한 플라스크[/end]
4172,금화 200닢[/end]
4173,에보니 단검 하나[/end]
4174,희귀한 마법 아이템 하나[/end]
4175,고급 붉은 루비 하나[/end]
4176,은 지팡이 하나[/end]
4177,성수 한 플라스크[/end]
4179,새로운 제국 전투마법사와 함께 파괴마법 주문을 연습하는 것[/end]
4180,지역 사원의 사제들과 함께 치유 주문을 완성하는 것[/end]
4181,변화마법 학파의 주문을 공부하고 연습하는 것[/end]
4182,기적술 의식으로 당신의 감각 능력을 강화하는 것[/end]
4183,타계의 힘을 연구하고 그 힘을 휘두르는 법을 배우는 것[/end]
4190,버클러 하나[/end]
4191,진주 하나[/end]
4192,부적 하나[/end]
4193,카타나 하나[/end]
4194,흉갑 하나[/end]
4195,엘프식 도리깨 하나[/end]
4196,갑옷 한 세트[/end]
4200,"단도 무기류[/record]
단검술[/record]
단검 싸움[/end]"
4201,"무술[/record]
맨손 격투[/record]
권투[/end]"
4202,"도끼술[/record]
손도끼 무기류[/end]"
4203,"곤봉 싸움[/record]
곤봉 싸움[/record]
둔기류[/record]
지팡이 싸움[/end]"
4204,궁술[/end]
4205,"장검술[/record]
펜싱[/record]
검술[/end]"
4206,"파괴마법[/record]
황폐화[/record]
말살[/end]"
4207,"치유[/record]
회춘[/record]
회복마법[/end]"
4208,"환영술[/record]
요술[/record]
기만[/end]"
4209,"변화마법[/record]
변형[/record]
변동[/end]"
4210,"기적술[/record]
미학[/record]
감각[/end]"
4211,"신비마법[/record]
오컬트[/record]
불가사의[/end]"
4212,"종교적 열광자들[/record]
광적인 사제들[/record]
종교적 광신도들[/end]"
4213,"악의적인 위저드들[/record]
광신적인 워록들[/end]"
4214,"오도된 농민들[/record]
우둔한 농민들[/record]
어리석은 농부들[/end]"
4215,"부패한 기사들[/record]
압제적인 전사들[/record]
광전사 군인들[/end]"
4216,"약간의 추가 금화[/record]
금화 100닢[/end]"
4217,"매혹적인 책 한 권[/record]
흥미로운 책 한 권[/end]"
4218,"가죽 흉갑 하나[/record]
낡은 갑옷 약간[/end]"
4219,"귀족에게 어울리는 의복[/record]
매우 고급스러운 의복[/end]"
4220,"성수 약간[/record]
성수 한 병[/end]"
4221,"마법 연구[/record]
마법 공부[/end]"
4222,"무기 연구[/record]
무기 공부[/end]"
4223,"사회적 출세[/record]
사교 활동[/record]
친목 도모[/end]"
4224,"빈민가 탐방[/record]
도시 모험[/end]"
4225,"곡예[/record]
곡예 연습[/record]
텀블링[/end]"
4226,"경제학[/record]
흥정[/record]
경제학 공부[/end]"
4227,"변장 완성하기[/record]
변장 만들기[/record]
분장, 의상[/end]"
4228,수영[/end]
4229,"스파링[/record]
권투[/end]"
4230,물건들을 폭파하는 것[/end]
4231,병든 자를 치유하는 것[/end]
4232,환영을 만들어내는 것[/end]
4233,"물체를 변형하는 것[/record]
성체 변환[/end]"
4234,"기적을 행하는 것[/record]
이 현실 너머를 보는 것[/end]"
4235,미지의 세계를 탐험하는 것[/end]
4236,"단검[/record]
단도[/record]
단검[/end]"
4237,"권투[/record]
스파링[/record]
싸움[/end]"
4238,"배틀액스[/record]
워액스[/record]
도끼[/end]"
4239,"도리깨[/record]
메이스[/record]
워해머[/record]
지팡이[/end]"
4240,"궁술[/record]
롱보우[/record]
쇼트보우[/end]"
4241,"브로드소드[/record]
세이버[/record]
카타나[/record]
클레이모어[/end]"
4242,불꽃 주문[/end]
4243,매지카 흡수체 주문[/end]
4244,빛 주문[/end]
4245,매지카 변화 주문[/end]
4246,적 탐지 주문[/end]
4247,매지카 해제 주문[/end]
4250,당신의 다른 주문들이 일으킨 피해를 치유하는 것[/end]
4251,부모님을 피하기 위해 투명해지는 것[/end]
4252,더 미묘한 방식으로 현실의 구조를 바꾸는 것[/end]
4253,당신의 자연적 및 비자연적 감각을 날카롭게 하는 것[/end]
4254,다른 세계의 더 미묘한 에너지를 감지하는 것[/end]
4255,당신은 또한 제국 재무부의 금 때문에 그를 질투했다[/end]
4256,"하지만 당신은 탄을 가엾게 여겼는데, 그는 신분을 숨기고 다녀야 했기 때문이다[/end]"
4257,당신은 또한 탄의 놀라운 지식 때문에 그를 질투했다[/end]
4258,권력으로 가는 길은 좀처럼 즐겁지 않은 것처럼 보였다[/end]
4259,당신은 남몰래 탄과 그의 잔혹함에 구역질을 느꼈다[/end]
4260,귀족들이 듣고 싶어 하는 말을 하는 법을 배우는 것[/end]
4261,제국 도시 현지인들과 거칠게 대화하는 법을 배우는 것[/end]
4262,방어를 위해 곡예 기술을 훈련하거나 연습하는 것[/end]
4263,제국 도시의 상인들과 대화하고 흥정하는 것[/end]
4264,정보 수집과 재미를 위해 특정 귀족을 사칭하는 것[/end]
4265,칼레돈 강의 탁한 검은 물에서 수영하는 것[/end]
4266,비번인 제국 근위대원들과 스파링하는 것[/end]
4300,"공격 주문을 시전하는 것[/record]
파괴마법 학파[/end]"
4301,불꽃 주문을 시전하는 것[/end]
4302,"회복 주문을 시전하는 것[/record]
회복마법 학파[/end]"
4303,가벼운 치유 주문을 시전하는 것[/end]
4304,"환영 주문을 시전하는 것[/record]
환영마법 학파[/end]"
4305,당신 자신을 투명하게 만드는 것[/end]
4306,"변화마법 주문을 시전하는 것[/record]
변화마법 학파[/end]"
4307,대부분의 높이에서 떨어지는 것[/end]
4308,"기적술 주문을 시전하는 것[/record]
기적술 학파[/end]"
4309,당신의 자연적 감각을 강화하는 것[/end]
4310,"신비마법 주문을 시전하는 것[/record]
신비마법 학파[/end]"
4311,비전의 힘을 조종하는 것[/end]
4400,"회피 기술[/record]
방어 전투 기술[/end]"
4401,"침묵 이동의 기술[/record]
은밀하게 움직이는 기술[/end]"
4402,"능숙한 기습을 위한 기술[/record]
살아있는 대상의 등을 찌르는 것[/end]"
4403,"변장의 무수한 용도[/record]
분장, 의상 및 기타 변장[/end]"
4404,"자물쇠 따기 기술[/record]
그의 다양한 도구와 자물쇠를 사용하는 것[/end]"
4405,"소매치기 기술[/record]
모든 주머니를 털 수 있는 방법[/end]"
4406,"벽을 오르는 당신의 능력을 연마하는 것[/record]
다양한 벽을 오르는 방법[/end]"
4407,"고대의 암살 기술[/record]
모든 일격을 치명적으로 만드는 방법[/end]"
4408,"당신의 속도를 향상시키는 것[/record]
더 빨리 달리는 사람이 되는 것[/end]"
4409,"높고 멀리 뛰는 것을 연습하는 것[/record]
도약 능력을 개발하는 것[/end]"
4410,파괴적인[/end]
4411,회복적인[/end]
4412,환영의[/end]
4413,변화무쌍한[/end]
4414,기적술의[/end]
4415,신비적인[/end]
4416,단검[/end]
4417,맨손 격투[/end]
4418,도끼술[/end]
4419,둔기[/end]
4420,"활과 화살[/record]
궁술[/end]"
4421,도약[/end]
4422,수영[/end]
4423,경주[/end]
4424,싸움[/end]
4425,등반[/end]
4426,숲에서 온 야생 엘프들[/end]
4427,유령이 나오는 골짜기에서 온 페이들[/end]
4428,섬에서 온 야생 하피들[/end]
4429,근처 산에서 온 거인들[/end]
4430,웜의 친척인 작은 드래곤들[/end]
4431,근처 호수에서 온 수줍은 님프들[/end]
4432,오블리비언 차원에서 온 데이드라들[/end]
4433,숲에서 온 이상한 스프리건들[/end]
4434,반인반마인 켄타우로스들[/end]
4435,오블리비언의 장난꾸러기 임프들[/end]
4436,파괴마법[/end]
4437,치유[/end]
4438,환영술[/end]
4439,변화마법[/end]
4440,기적술[/end]
4441,신비마법[/end]
4442,사제[/end]
4443,"위저드[/record]
소서러[/end]"
4444,"혁명가[/record]
무정부주의자[/end]"
4445,"전쟁군주[/record]
약탈자 남작[/end]"
4446,암살자[/end]
4450,높이 점프하기[/end]
4451,재빠르게 달리기[/end]
4452,비열하게 싸우기[/end]
4453,무엇이든 오르기[/end]
4454,단검으로 싸우기[/end]
4455,"권투하기[/record]
발로 차고 주먹질하기[/end]"
4456,도끼로 싸우기[/end]
4457,곤봉 사용하기[/end]
4458,화살 쏘기[/end]
4459,"펜싱하기[/record]
검으로 싸우기[/end]"
4500,의학[/end]
4501,"예법[/record]
매너[/record]
예의범절[/record]
올바른 태도[/end]"
4502,"위협[/record]
거리의 방식[/record]
괴롭히기[/end]"
4503,"흥정[/record]
협상[/record]
거래[/end]"
4504,단검 싸움[/end]
4505,"경주[/record]
달리기[/end]"
4506,"은신[/record]
은폐[/end]"
4507,"등반[/record]
벽 오르기[/end]"
4508,수영[/end]
4509,"맨손 싸움[/record]
권투[/record]
난투[/end]"
4510,"궁전[/record]
성[/record]
저택[/end]"
4511,"종자들[/record]
버릇없는 녀석들[/record]
귀족들[/end]"
4512,"단검[/record]
고급 칼날[/end]"
4513,마법사 길드[/end]
4514,"견습생들[/record]
학생들[/record]
초심자들[/record]
학자들[/end]"
4515,책[/end]
4516,"사원[/record]
성당[/record]
수도원[/record]
대수도원[/end]"
4517,"제자들[/record]
신입들[/end]"
4518,성수 한 병[/end]
4519,"대학[/record]
학교[/record]
훈련장[/end]"
4520,"학생들[/record]
버릇없는 녀석들[/record]
종자들[/end]"
4521,"단검과 탄토[/record]
탄토와 단검[/record]
다양한 칼날들[/end]"
4522,"자물쇠[/record]
자물쇠와 해정 도구[/end]"
4523,"소매치기 중[/record]
소매치기[/end]"
4524,"은폐[/record]
그림자 속에 숨기[/record]
회피[/record]
술책[/end]"
4525,"회피[/record]
회피[/end]"
4526,"등반[/record]
등반[/record]
벽 타기[/end]"
4527,"기습 공격[/record]
비열한 수법[/record]
비열한 싸움[/end]"
4528,"금화가 가득 든 주머니[/record]
금화 200닢이 든 주머니[/record]
금화로 가득 찬 지갑[/end]"
4529,"에보니 단검[/record]
에보니로 벼린 단검[/end]"
4530,"정말 멋진 책[/record]
통찰력 있는 책[/record]
매혹적인 책[/end]"
4531,"아름다운 루비 한 알[/record]
정교한 붉은 루비[/end]"
4532,"은으로 벼린 지팡이[/record]
반짝이는 은 지팡이[/end]"
4533,"성수 한 플라스크[/record]
성수 한 병[/end]"
4534,"상인의 집에 침입하기[/record]
주변의 털 만한 물건 확인하기[/record]
현지인들이 창문을 잠갔는지 확인하기[/end]"
4535,"부유해 보이는 현지인 몇 명 두들겨 패기[/record]
부자를 근처 골목으로 유인하기[/end]"
4536,"현지인들의 주머니에 무엇이 있는지 확인하기[/record]
현지인들의 주머니를 털어보기[/record]
소매치기 연습 조금 하기[/end]"
4537,"현지인들과 그들의 전리품을 갈라놓기[/record]
현지인들이 얼마나 멍청한지 확인하기[/record]
돈을 위해 약간의 허위 정보를 퍼뜨리기[/end]"
4538,"밀수 기회가 있는지 확인하기[/record]
이익을 위해 암시장 물건 몇 개 팔기[/record]
상인들이 원하지만 구할 수 없는 물건 확인하기[/end]"
4539,"현지 은행의 보안 확인하기[/record]
현지 은행의 구조 연구 시작하기[/record]
현지 은행에 대해 순진한 척 문의하기[/end]"
4550,회피하기[/end]
4551,은신하기[/end]
4552,기습 공격하기[/end]
4553,변장하기[/end]
4554,자물쇠 따기[/end]
4555,소매치기하기[/end]
4556,"등반하기[/record]
벽 타기[/end]"
4557,치명적인 일격 가하기[/end]
4558,"달리기[/record]
빨리 달리기[/end]"
4559,"점프하기[/record]
높이 점프하기[/end]"
4560,당신은 금 외에는 아무것도 중요하지 않다고 결정했습니다[/end]
4561,당신은 앞날에 위대한 운명이 기다리고 있음을 깨달았습니다[/end]
4562,당신은 위대한 지식을 담기 위해 정신을 훈련하기 시작했습니다[/end]
4563,당신은 유머 감각과 즐거움을 느끼는 감각을 길렀습니다[/end]
4564,당신은 삶에 의미를 부여하는 명예 체계를 세웠습니다[/end]
4565,침입과 절도.[/end]
4566,금품을 노리고 귀족들을 두들겨 패기.[/end]
4567,마을에서 소매치기하기.[/end]
4568,멍청한 자들에게서 금을 갈취하기.[/end]
4569,마을로 에그로타트를 밀수하기.[/end]
4570,은행에서 불법 인출하기.[/end]
4650,"사제[/record]
성직자[/end]"
4651,"사제[/record]
성직자[/end]"
4652,"위저드[/record]
마법사[/end]"
4653,마법사[/end]
4654,"기사[/record]
귀족[/end]"
4655,"귀족[/record]
영주[/record]
신사[/end]"
4656,"상인[/record]
투기꾼[/record]
금융가[/end]"
4657,상인[/end]
4700,"상인[/record]
입법자[/record]
정치인[/end]"
4701,"그의 심장에 스틸레토를 꽂았습니다[/record]
단검으로 그의 목을 그었습니다[/end]"
4702,"다른 손으로 그의 목을 꺾었습니다[/record]
그가 누워 있는 곳에서 목을 졸랐습니다[/end]"
4703,"그의 가슴에 도끼를 박아 넣었습니다[/record]
도끼로 그를 조각조각 냈습니다[/end]"
4704,"메이스로 그의 두개골을 으깼습니다[/record]
도리깨로 그를 때려 죽였습니다[/end]"
4705,그의 두개골에 화살을 박아 넣었습니다[/end]
4706,"손에 든 카타나로 그의 배를 갈랐습니다[/record]
클레이모어로 그의 머리를 잘라냈습니다[/end]"
4707,"영적으로[/record]
세속적으로[/end]"
4708,"마법적으로[/record]
신비롭게[/end]"
4709,"사회적으로[/record]
무예적으로[/record]
군사적으로[/end]"
4710,"정치적으로[/record]
경제적으로[/end]"
4711,"신들의 응징[/record]
모든 이단자에 대한 심문[/end]"
4712,"데이드라 소환[/record]
대격변의 조장[/end]"
4713,"공공연한 내전의 발발[/record]
동맹의 파괴[/record]
군벌의 농노 반란[/end]"
4714,"파괴적인 경제 전쟁[/record]
추가적인 정치적 음모[/end]"
4750,수영하기[/end]
4751,"간단한 상처 치료하기[/record]
스스로 치유하기[/record]
마법 없이 치유하기[/end]"
4752,"매력적으로 행동하기[/record]
미소로 승리하기[/record]
예법 준수하기[/end]"
4753,"당당하게 요구하기[/record]
존경심을 명령하기[/end]"
4754,"사냥꾼들과 흥정하기[/record]
직접 가격 정하기[/end]"
4755,아케이[/end]
4756,노토르고[/end]
4757,마라[/end]
4758,에펜[/end]
4759,줄리아노스[/end]
4760,아카토쉬[/end]
4761,도적신[/end]
4762,야생 엘프와 대화하기[/end]
4763,페어리와 교감하기[/end]
4764,하피의 언어로 말하기[/end]
4765,거인들과 대화하기[/end]
4766,드래곤과 (조금!) 대화하기[/end]
4767,님프와 어느 정도 대화하기[/end]
4768,데이드릭으로 몇 마디 하기[/end]
4769,스프리건과 대화하기[/end]
4770,켄타우로스와 대화하기[/end]
4771,임프와 (조금!) 대화하기[/end]
4773,절하기[/end]
4900,"당신에게 단검을 건넸습니다[/record]
당신에게 탄토를 던져주었습니다[/end]"
4901,당신에게 절했습니다[/end]
4902,"당신에게 그의 도끼를 주었습니다[/record]
당신에게 도끼를 건넸습니다[/end]"
4903,"당신에게 메이스를 주었습니다[/record]
당신에게 메이스를 건넸습니다[/end]"
4904,당신에게서 활을 가져갔습니다.[/end]
4905,"당신에게 검을 건넸습니다[/record]
당신에게 칼날을 주었습니다[/end]"
5100,"당신의 방은 아직 %dwr 시간 동안 더 대여되어 있습니다.[/center]
며칠을 더[/center]
방이 필요하십니까?[/center]
[/input][/center]
[/end]"
5101,"행복한 마음의 날 되세요, %ra. 전통에 따라, 당신은[/center]
오늘 하루 방을 무료로 사용할 수 있습니다. 더 오래 머물고 싶으시다면[/center]
내일 다시 들러주세요.[/center]
[/end]"
5102,"좋은 날입니다, %ra. 며칠 동안[/center]
방이 필요하십니까?[/center]
[/input][/center]
[/end]"
5221,"당신과 훈련관은 3시간 동안 연습합니다. 훈련관은[/center]
당신에게 배운 것을 되새겨보고,[/center]
잘 활용할 수 있는지 확인해보라고 말합니다.[/center]
[/end]"
5225,"좋아, 꼬마야, 잘 들어, 난 두 번 말 안 해. 이제 넌 우리 중 하나니까,[/center]
비록 %lev 일 뿐이지만, 그래도,[/center]
네 전리품을 보충할 만한 현지 던전 위치를 알려주지.[/center]
지도에 표시해 줄게. 저기 있다,[/center]
[/center]. 이제 내가[/center]
너한테 아무것도 안 해줬다는 소리는 하지 마.%dng
[/center][/center][/record]"
5226,"축하한다, 꼬마야, 이제 도둑 길드에서[/center]
%lev 의 이름으로 불리는 불러도 되겠군.[/center]
원한다면 이제 우리가 공식 장물아비가 되어주지.[/center]
우리한테는 네 장물을 사들이고 다른 녀석들이[/center]
가져온 물건을 아주 싸게 팔아줄 쥐새끼가 하나 있거든. 삶이 좀 더[/center]
편해질 거야, 내 말이 맞지.[/center]
[/center]
[/center]
[/end]"
5227,"잘했어, 실력자. 이제 도둑 길드에서[/center]
완전한 %lev 일원이 될 준비가 된 것 같군. 이제부터 최신 정보를[/center]
알고 싶으면 우리 첩보대장에게 말해.[/center]
우리는 사방에 귀를 기울이고 있고, 이제 넌[/center]
니까,[/center]
너도 마찬가지야.%lev[/center]
[/end]"
5228,"들어봐, %pcf. %reg 에 있는 %dng 의 이름으로 불리는[/center]
작은 구덩이에 대해[/center]
관심이 있을 것 같아서 말이야.[/center]
아직 아무도 손대지 않은 보물 창고야, 털어갈 준비가 다 됐지. 지도에 표시해 줄게.[/center]
어쨌든, 도둑 길드의 가장 새로운 %lev 직책을 맡았으니,[/center]
수입을 유지해야 하지 않겠어, %pcf?[/center]
[/center]
[/center]
[/end]"
5229,"도둑 길드가 다시 너의 등급을 올렸어,[/center]
%pcf, 기분이 어때?[/center]
이제 넌 %lev 니까,[/center]
내가 가장 아끼는 비밀 보물 창고를 보여줄 때가 됐군. 여기 지도에 표시했어.[/center]
사람들은 그걸 %dng 의 이름으로 불리는 부르지.[/center]
승진 축하한다, 꼬마야,[/center]
약탈품을 즐기라고.[/center]
[/center]
[/end]"
5230,"마법사 길드라는 미끄러운 위계질서 속에서 영광스러운[/center]
승진을 하신 것을 진심으로 축하드립니다. 이제 %lev 등급에 도달하셨으니,[/center]
길드 도서관을 이용하실 수 있습니다. 저도 처음 그런 영광을 얻었을 때가 기억나는군요.[/center]
3일 동안이나[/center]
인쇄된 페이지에서 눈을 떼지 못했습니다.[/center]
제 조언은 가능한 한 빨리 이 기회를 활용하시라는 겁니다. 다시 한번,[/center]
정말 잘하셨습니다, %pcf.[/center]
[/center]
[/center]
[/center]
[/center]
[/center]
[/end]"
5231,"마법사 길드는 주저 없이 귀하의 상태를 승격시켜 길드 내 등급을 %lev 단계로[/center]
올리기로 했습니다. 이제 귀하는 %reg 에서 가장 큰 마법[/center]
비전 자료를 소장한 길드 기록 보관소에 접근할 수 있는 영광을 누리게 됩니다. 거의 모든 품목을[/center]
구매하실 수 있으며, 저희 관리자는 항상 새로운 물건을 찾고 있으니 그런 물건을 가져오시면 관대한[/center]
보상을 드릴 것입니다. 이 영광이 유용하게 쓰이길 바랍니다. 다시 한번, 진심으로[/center]
축하의 말씀을 드립니다.[/center]
[/center]
[/center]
[/center]
[/center]
[/center]
[/end]"
5232,"%pcn, 대마도학장님께서 마법사 길드 내 %lev 등급 및 직위로의 승진을[/center]
승인하셨습니다. %lev 직책을 맡게 되어, 귀하는 이제 길드의 마법 부여를 원하는[/center]
대로 사용할 권리를 부여받습니다. 저희[/center]
마법 대장장이가 귀하가 원하는 모든 아이템에 마법을 부여하는 것을 영광으로 여길 것입니다.[/center]
감히 말씀드리자면, 개인적으로[/center]
축하의 말씀을 드립니다, %lev %pcn.[/center]
[/center]
[/center]
[/center]
[/center]
[/end]"
5233,"오늘, 대마도학장과 평의회의 거의 만장일치 투표로,[/center]
길드 내 귀하의 직함은 %lev 명칭으로 결정되었습니다. %lev 직책을 맡아,[/center]
귀하는 데이드라 소환실에 접근할 권한을 가질 만큼 책임감 있고 신뢰할 수 있다고 간주됩니다.[/center]
데이드라를 소환하는 것은 심각한[/center]
고려 후에만 수행해야 하는 행위라는 점은 굳이 말씀드리지 않아도 아실 겁니다.[/center]
귀하의 판단에 소환이 필요하다고 생각되면, 길드 소환사가 도와줄 것입니다.[/center]
당연히, 데이드라 군주는 길드 전체의[/center]
안전을 위해 특정 날짜에만 소환될 수 있습니다.[/center]
이것은 귀하가 누릴 자격이 있다고 길드가 판단한 중대한 특권입니다, %pcn.[/center]
[/center]
[/center]
[/center]
[/center]
[/center]
[/center]
[/end]"
5234,"%pcn, 귀하에게 %lev 등급을 수여하게 되어 영광입니다. 행동과 말로, 귀하는 마법사[/center]
길드가 인정하는 끝에서 두 번째 위치에 오를 자격이 있는 예외적인 길드원임을 증명하셨습니다.[/center]
정식 %lev 직책을 맡아, 귀하는 길드의 가장 소중하고 비밀스러운 방인 순간이동실을[/center]
지키는 여행자 연맹의 서비스를 이용하실 수 있습니다.[/center]
그곳에서, 귀하는 눈 깜짝할 사이에 만에 있는 다른 모든[/center]
지역으로 이동하실 수 있습니다.[/center]
귀하의 시간은 매우 소중하므로, 이 방이 도움이 될 것입니다. 다시 한번,[/center]
이 큰 영광을 축하하게 해주십시오, %lev.[/center]
[/center]
[/center]
[/center]
[/center]
[/center]
[/center]
[/center]
[/end]"
5235,"어쨌든, 이제 [/center]
%lev 의 이름으로 불리는 불러도 되겠군요, %pcf. 공로를 인정받아 [/center]
계급이 변경되었습니다. 뭐, 그런 겁니다. [/center]
그냥 알아두시라고요. [/center]
[/record]
잘하고 계십니다, %pcf. [/center]
길드원들이 당신을 길드의 [/center]
%lev 계급으로 승격시키기로 했습니다. 그만큼 [/center]
당신을 눈여겨보고 있다는 뜻이죠. [/center]
[/record]
이봐, 꼬마. 우리가 당신을 [/center]
%lev 의 이름으로 불리는 부르기 시작한다면, 그건 당신의 [/center]
승진 때문입니다. 길드장께서 당신을 [/center]
완전한 풋내기로 보지는 않는 모양이군요. [/center]
[/record]
요즘 당신에 대한 이야기가 많더군요, 꼬마. [/center]
사실 길드장께서 당신이 이제 어엿한 [/center]
%lev 직책을 맡을 준비가 되었다고 하더군요. 솔직히 말해서 [/center]
별 의미는 없지만, [/center]
당신이 무언가 제대로 하고 있다는 증거겠죠. [/center]
[/end]"
5236,"일리악 만의 대마도학장과 [/center]
[/center]의 마법사 길드 평의회의 명령에 따라, %cn %pcn %ra [/center]
은 지금부터 [/center]
계급 및 칭호인 %lev 직책으로 승격됩니다. 당신의 [/center]
헌신과 기량은 이로써 인정받았습니다. 앞으로도 계속 정진하십시오. [/center]
[/center]
[/record]
축하합니다, %lev %pcn. [/center]
평의회와 대마도학장은 바로 오늘 당신에게 새로운 계급을 수여하기로 투표했습니다. [/center]
[/center]
[/end]"
5237,"공로를 인정받아[/center]
%fon 의 이상에 변함없는 충성을 다한 당신에게[/center]
기사단 내 %lev[/center]
이라는 칭호를 수여합니다. 동료[/center]
기사들의 평가를 상징하는 의미로, 새로운 갑옷 한 벌을 선물하기로 했습니다. 축하합니다,[/center]
%lev %pcn.[/center]
[/center]
[/end]"
5238,"%fon 의 이상에 대한 헌신적인 봉사와 변함없는 충성으로, 귀하[/center]
는 기사단 내에서 %lev[/center]
라는 칭호를 수여받았습니다. 동료[/center]
기사들의 존경의 표시로, 저희는 귀하께[/center]
새로운 갑옷을 선물하기로 했습니다. 또한, 새로운 칭호의[/center]
권리에 따라, 귀하는 %reg 뿐만 아니라[/center]
일리악 만 전역의 모든 여관에서 무료 숙박을 요구하고[/center]
누릴 수 있습니다.[/center]
축하합니다, %lev[/center]
%pcn.[/center]
[/center]
[/end]"
5239,"%fon 의 이상에 대한 헌신적인 봉사와 변함없는 충성으로, 귀하[/center]
는 기사단 내에서 %lev[/center]
라는 칭호를 수여받았습니다. 동료[/center]
기사들의 존경의 표시로, 저희는 귀하께[/center]
새로운 갑옷을 선물하기로 했습니다. 또한 귀하는[/center]
우리 기사단 전용 선박을 이용할 수 있으므로,[/center]
다시는 일리악 만을 건너는 뱃삯을 낼 필요가 없습니다.[/center]
제 개인적인 축하를 전합니다,[/center]
%lev[/center]
%pcn.[/center]
[/center]
[/end]"
5240,"%pcn 님, 비할 데 없는[/center]
헌신과 전설적인 개인의 기량으로, 저희[/center]
%fon 의 구성원들은 영광스럽게도[/center]
귀하께[/center]
의 %lev 칭호를 %fon 드리고자 합니다. 전통적으로 수여하는[/center]
무기 외에도, 저희 교단[/center]
과 %reg 의 주민들은[/center]
귀하께 주택 증서를 드리고자 하니,[/center]
이곳을 귀하의 보호지일 뿐만 아니라 %reg 귀하의 집으로 여겨 주십시오.[/center]
%lev 의 칭호는[/center]
저희가 수여할 수 있는 가장 높은 영예[/center]
%fon 의 증표이지만, 귀하에 대한 저희의 자부심[/center]
은 끝이 없습니다. 우리 중 많은 이들에게,[/center]
귀하는 우리가 열망하는 이상향이며,[/center]
%lev %pcn 입니다.[/center]
[/end]"
5241,"%pcn, 비할 데 없는[/center]
헌신과 전설적인 개인적 기량으로, 저희[/center]
%fon 측은 귀하께[/center]
%fon 의[/center]
%lev 의 이름으로 불리는 칭호를 드리게 되어 영광입니다. %lev[/center]
칭호는 %fon[/center]
측이 인정하는 최고의 영예이지만, 귀하에 대한 저희의 자부심은[/center]
끝이 없습니다. 우리 중 많은 이들에게, 귀하는 우리가 열망하는 이상입니다,[/center]
%lev %pcn.[/center]
[/center]
[/end]"
5242,"아케이 교단은 당신이[/center]
와 일리악 만 전체에 조화와 질서를 가져오기 위해 기울인 끊임없는 노력을[/center]
인정하여,%reg 공식적으로 당신을 교단의[/center]
로 임명합니다.%lev 축하합니다,[/center]
%lev %pcn.[/center]
[/center]
[/center]
[/end]"
5243,"제니타르의 결의회는[/center]
평의회의 투표에 따라, %ra %pcn 인 귀하[/center]
를[/center]
내의 %lev 의 이름으로 불리는 계급으로[/center]
즉시 승진시킵니다. 귀하는 근면하고 정직한 노동의 가치를[/center]
증명하는 산증인입니다.[/center]
[/end]"
5244,"자부심을 가지십시오, %pcf.[/center]
마라의 자애회는 귀하가[/center]
신전에 가져다준 영예를 고려하여, 귀하를[/center]
%lev 의 이름으로 불리는 계급으로 승격시키기로 결정했습니다. 축하합니다,[/center]
나의 친구여.[/center]
[/center]
[/end]"
5245,"아카토쉬 성가회는 비교적[/center]
짧은 숙고 끝에, 신전 내에서 귀하의 계급을 올리기로 결정했습니다. 지금부터[/center]
추가 공지가 있을 때까지, 귀하는 신전 내에서[/center]
%lev 의 이름으로 불리는 칭호로 불릴 것입니다.[/center]
[/center]
[/end]"
5246,"아, 순수한 축복과 함께, 저희 줄리아노스 학파는 귀하의 모든 헌신적인, 아, 노력과 고양시키는,[/center]
감히 말하건대 흥미로운 박식함을 인정하여, %ra %pcn 인 귀하께[/center]
%lev 의 이름으로 불리는 칭호와 명예를 수여합니다.[/center]
별 의미는 없지만, 친구여, 아주 좋은 상징이지 않습니까?[/center]
[/center]
[/center]
[/center]
[/center]
[/end]"
5247,"매우 자랑스러워하셔도 좋습니다, %pcf.[/center]
디벨라 교단은 %lev 의 이름으로 불리는 새로운 칭호로 귀하를[/center]
인정하기로 했습니다. 귀하의 노력과 성취의 아름다움은[/center]
결코 간과되지 않았습니다.[/center]
[/center]
[/end]"
5248,"%pcn,[/center]
영광스럽게도 스텐다르 신전[/center]
에서 귀하를 신전의 새로운 직위인[/center]
%lev 에 임명하기로 결정했음을 알려드립니다.[/center]
우리는 귀하가 일리악[/center]
만 전역에 평화를 전파하기 위해 기울인 겸손한 노력을[/center]
인정했습니다. 자비와[/center]
정의를 위해 계속 정진하십시오, %lev %pcf.[/center]
스텐다르를 향한 이보다 더 큰 의무는 없습니다.[/center]
[/end]"
5249,"키나레스께서 문두스에 있는 그녀의 대리인들을 통해, [/center]
귀하가 승급할 자격이 있음을 확인하셨습니다. 키나레스 신전의 [/center]
이름으로 귀하가 이룬 업적에 따라, 귀하의 계급과 직위는 [/center]
이제부터 [/center]
%lev 명칭으로 결정되었습니다. [/center]
축하합니다, 나의 친구여. [/center]
[/record]"
5287,"그럼 결정되었습니다. 귀하는 이제[/center]
아케이 교단의 %lev[/center]
계급을 부여받습니다. 원하신다면 우리 교관들과 대화하십시오. 우리 치유사와 약초사는[/center]
언제든 귀하를 기꺼이 도울 것입니다.[/center]
다만 약초사의 경우 질병에 따라 필요한 약초 비용을[/center]
귀하에게 청구해야 할 것입니다.[/center]
[/center]
[/center]
[/end]"
5288,"그럼 환영합니다, %pcn.[/center]
제니타르의 결의회에서 %lev 직책을 맡게 되어,[/center]
귀하는 우리 교관들을 이용할 수 있습니다. 만약[/center]
그들이 귀하에게 도움이 된다고 생각하신다면, 기부를 해주시면 감사하겠습니다.[/center]
물론 귀하께서 여유가 되는 만큼 주시면 됩니다.[/center]
[/center]
[/end]"
5289,"귀하와 함께하게 되어 정말 기쁩니다, 나의[/center]
아이여. 귀하의 초기 계급은[/center]
%lev 명칭이 될 것이나, 머지않아 승급할 자격이 있음을[/center]
스스로 증명해 보이리라 의심치 않습니다. 우리 교관들은[/center]
이제 귀하를 위해 준비되어 있습니다.[/center]
[/center]
[/end]"
5290,"그럼, 환영합니다, 나의 아이여. 당신은 이제[/center]
%lev[/center]
라고 생각해도 좋습니다. 우리 훈련관들은 이용 가능합니다.[/center]
신전의 다른 혜택들에 대해서는,[/center]
인내심을 갖고 열심히 일하십시오. 그러면[/center]
자연스럽게 따라올 것입니다.[/center]
[/end]"
5291,"그렇다면 귀하를 자랑스러운[/center]
%fon 의 일원으로 여기십시오. 귀하는[/center]
%lev 직위로 시작하게 될 것입니다.[/center]
비록 %fon 에서의 귀하의 계급은 낮지만,[/center]
%reg 에서는 우리의 명성이 귀하를 따라다닐 것입니다.[/center]
어떤[/center]
여관 주인도 귀하에게 숙박비를 %reg 청구하지 않는다는 사실을[/center]
알게 되어도 놀라지 마십시오. 이는 모든[/center]
에게 주어지는 영예입니다.%fon[/center]
[/end]"
5292,"좋은 결정입니다, 젊은 %pcf.[/center]
지금 이 순간부터 귀하의 암호는[/center]
%dbp 개체가 될 것입니다. 귀하는 이제[/center]
%lev 쪽으로 간주되며, 우리 교관들을 자유롭게 이용할 수 있습니다.[/center]
어둠의 형제가 됨으로써 얻는 다른 혜택들은 귀하가 실질적인[/center]
가치를 증명하면 이용할 수 있게 될 것입니다. 그건 그렇고, 혹시[/center]
에 가본 적이 없다면,[/center]
가보는 것이 좋을 겁니다. 그곳은 보물이 가득한 묘지가 많은 아름다운 작은 공동묘지이니,[/center]
%dng 만약 도굴이 현재의 재정 상황에 도움이 될 것 같다고 생각한다면 말입니다.[/center]
[/center]
[/center]
[/center]
[/center]
[/end]"
5293,"그럼 지금부터 귀하는[/center]
%pcn, 마법사 길드의 %lev 직함으로 알려질 것입니다.[/center]
길드가 제공하는 모든 혜택을 누리기까지는 인내와[/center]
노력이 필요할 것입니다, 나의 아이여. 하지만 이제 귀하에게 우리 교관들과[/center]
주문 제작자를 이용할 권한을 주겠습니다.[/center]
짧은 시간에 너무 많은 힘을 얻는 것은 많은 남성과[/center]
여성을 파멸시켰습니다. 마법사 길드는 양심적이지 않다면 아무것도 아닙니다.[/center]
[/center]
[/center]
[/center]
[/end]"
5400,Action type twelve. (do not translate)[/end]
5404,"반갑소, %pcn.[/center]
감히 이곳에 침입하다니 대담하군.[/center]
그럼에도 불구하고, 소문만큼 통찰력이 있다는 것을 증명한다면[/center]
진행하도록 허락하겠소.[/center]
내가 검의 달인이라는 사실은 알고 있을 것이오.[/center]
하지만 내가 선호하는 다른 무기는 무엇이겠소?[/center]
정답을 맞히고, 무장하시오.[/center]
[/center]
[/center]
[/end]"
5406,"하나는 나를 대변한다.[/center]
둘은 나를 섬긴다.[/center]
여섯은 나를 보호한다.[/center]
나를 거역하는 자는 몇인가?[/center]
[/end]"
5423,"나는 길을 지킨다. 내 이름만을 말하라,[/center]
그러면 통행을 허락하리라.[/center]
[/end]"
5424,"나에게 명령하라, 그러면 입장이 허락될 것이다.[/center]
[/end]"
5464,"모두가 지금 폐하께 청원할 수 있습니다. 왕실의 축복이 없다면 알현실에서 벗어나지 마십시오.[/center]
항상 왕과 왕비에게 정중하게 말하고, 무엇보다도 이 벽 안에서는 주문을 외우지 마십시오.[/center]
이 조건들에 동의하십니까?[/center]
[/center]
[/center]
[/center]
[/end]"
5656,Answers start here. (do not translate)[/end]
5660,"""활,활과 화살,석궁,활들,석궁들""[/end]"
5662,"""하나,1""[/end]"
5679,"""은인,그 은인""[/end]"
5680,"""입 닥쳐,닥쳐,조용히 해""[/end]"
5720,"""네,알겠습니다,동의합니다,Y,동의,완료,좋아요,알았어,물론,그래""[/end]"
6100,"산[/record]
산[/record]
산[/record]
산[/record]
산[/record]
산[/record]
산[/record]
산[/record]
산맥[/record]
산맥[/record]
산맥[/record]
산맥[/record]
산맥[/record]
산맥[/record]
봉우리[/record]
봉우리들[/record]
산[/record]
바위산[/record]
곶[/record]
능선[/record]
능선들[/record]
고지대[/record]
고지대들[/record]
고원[/record]
고원들[/record]
언덕[/record]
둔덕[/record]
둔덕들[/record]
절벽[/record]
절벽들[/record]
벼랑[/record]
정상[/record]
드래곤테일 산맥[/record]
데빌록[/record]
용이빨 산맥[/record]
로스가리안 산맥[/end]"
6101,"숲[/record]
숲들[/record]
숲들[/record]
숲들[/record]
숲들[/record]
숲[/record]
숲[/record]
숲[/record]
숲[/record]
숲[/record]
숲[/record]
숲[/record]
수목[/record]
삼림지대[/record]
삼림지대[/record]
작은 숲[/record]
덤불[/record]
덤불[/record]
잡목림[/record]
작은 숲[/record]
라베니안 숲[/record]
스케핑턴 숲[/record]
글렌포인트 산기슭[/end]"
6102,"지면[/record]
강바닥[/record]
협곡[/record]
도랑[/record]
토양[/record]
표토[/record]
잔디 흙[/record]
바위[/record]
돌[/record]
자갈[/record]
먼지[/end]"
6103,"해안[/record]
해안[/record]
해변[/record]
호숫가[/record]
해안가[/record]
해변[/record]
강둑[/record]
해변가[/record]
해안선[/record]
조간대[/record]
해안선[/record]
물가[/record]
모래사장[/record]
둑[/record]
알리크르[/end]"
6104,"꽃[/record]
꽃[/record]
꽃[/record]
꽃들[/record]
꽃들[/record]
꽃들[/record]
개화[/record]
개화들[/record]
꽃송이[/record]
꽃송이들[/record]
작은 꽃[/record]
작은 꽃들[/record]
꽃잎들[/record]
꽃다발[/record]
덩굴식물[/record]
식물[/record]
식물들[/record]
식물군[/record]
나뭇가지[/end]"
6105,"암소[/record]
암소[/record]
암소[/record]
암소[/record]
암소[/record]
송아지[/record]
송아지[/record]
암송아지[/record]
암송아지[/record]
황소[/record]
황소[/record]
소과 동물[/end]"
6106,"암소들[/record]
암소들[/record]
암소들[/record]
송아지들[/record]
암송아지들[/record]
황소들[/record]
소과 동물들[/record]
소들[/record]
가축[/record]
가축[/record]
가축[/end]"
6107,"섬[/record]
섬[/record]
섬[/record]
섬[/record]
섬[/record]
섬[/record]
작은 섬[/record]
작은 섬[/record]
환초[/record]
발피에라[/record]
베토니[/record]
자가다[/record]
사이비아데스[/record]
스캡크래그[/end]"
6108,"[/record]
구름[/record]
구름[/record]
구름[/record]
구름[/record]
구름들[/record]
구름들[/record]
구름들[/record]
구름들[/record]
하늘[/record]
하늘[/record]
하늘[/record]
하늘[/record]
비구름[/record]
뇌운[/record]
안개[/record]
안개[/record]
에테르[/record]
연무[/end]"
6109,"사막[/record]
사막[/record]
사막[/record]
사막[/record]
황무지[/record]
황무지[/record]
모래언덕[/record]
모래언덕[/record]
스텝[/record]
스텝[/record]
알리크르[/record]
스텝들[/record]
밀레투스[/record]
알리크르 사막[/end]"
6110,"물[/record]
물[/record]
물[/record]
물[/record]
물[/record]
바다[/record]
바다[/record]
바다[/record]
바다[/record]
바다[/record]
샘[/record]
대홍수[/record]
홍수[/record]
대양[/record]
큰 파도[/record]
파도[/record]
조수[/record]
호수[/record]
석호[/record]
연못[/record]
웅덩이[/record]
호수[/record]
우물[/record]
파도[/record]
소용돌이[/record]
목욕[/record]
일리악 만[/record]
아베시안 해[/end]"
6111,"난초[/record]
난초[/record]
난초[/record]
난초들[/record]
난초들[/record]
백합[/record]
백합[/record]
백합[/record]
백합들[/record]
백합들[/record]
꽃[/record]
꽃[/record]
꽃들[/record]
꽃들[/record]
개화[/record]
개화들[/record]
꽃송이[/record]
꽃송이들[/record]
작은 꽃[/record]
작은 꽃들[/record]
꽃잎들[/record]
꽃다발[/record]
덩굴식물[/record]
식물[/record]
식물들[/record]
식물군[/record]
나뭇가지[/end]"
6112,"말[/record]
말[/record]
말[/record]
말들[/record]
말들[/record]
말들[/record]
말과 동물[/record]
종마[/record]
암말[/record]
망아지[/record]
암망아지[/record]
망아지[/record]
거세마[/record]
군마[/record]
늙은 말[/record]
조랑말[/end]"
6113,"집합[/record]
세트[/record]
수집품[/record]
무리[/record]
배열[/end]"
6114,"들판[/record]
들판[/record]
들판[/record]
들판[/record]
들판들[/record]
들판들[/record]
개간지[/record]
초원[/record]
방목지[/record]
농장[/record]
농가[/record]
곡창지대[/end]"
6115,"폐허[/record]
폐허[/record]
폐허[/record]
폐허[/record]
잔해[/record]
유물[/record]
나머지[/record]
유적[/end]"
6116,"공원[/record]
공원[/record]
공원[/record]
공원[/record]
정원[/record]
정원[/record]
정원[/record]
정원들[/record]
정원들[/record]
정원들[/record]
마을 광장[/record]
공유지[/record]
공유지[/end]"
6117,나체[/end]
6118,"여성[/record]
여성[/record]
여성[/record]
귀부인[/record]
%fn [/record]
%fn [/record]
귀부인 %fn [/record]
소녀[/record]
부인[/record]
부인 %fn [/record]
여주인[/record]
여주인 %fn [/record]
아내[/end]"
6119,"남성[/record]
남성[/record]
남성[/record]
남성[/record]
신사[/record]
%mn [/record]
%mn [/record]
%mn [/record]
주인 %mn [/record]
영주 %mn [/record]
기사[/end]"
6120,"궁정[/record]
궁정[/record]
궁정[/record]
궁정[/record]
궁전[/record]
회관[/record]
성[/record]
장원[/record]
장원 저택[/end]"
6121,"마을[/record]
마을[/record]
마을[/record]
마을[/record]
촌락[/record]
촌락[/record]
마을[/record]
마을[/record]
마을[/record]
자치구[/record]
드윈넨[/record]
코위치[/record]
툴룬[/record]
크래그홀드[/record]
푸어버러[/end]"
6201,"장엄한[/record]
고귀한[/record]
위엄 있는[/record]
품위 있는[/record]
인상적인[/record]
웅장한[/record]
자랑스러운[/record]
오만한[/record]
고결한[/record]
화려한[/end]"
6202,"녹색[/record]
녹색[/record]
녹색[/record]
푸릇푸릇한[/end]"
6203,"흰색[/record]
흰색[/record]
흰색[/record]
창백한[/record]
상아색[/end]"
6204,"야생의[/record]
야생의[/record]
야생의[/record]
사나운[/record]
길들여지지 않은[/record]
미개한[/record]
흉포한[/record]
폭풍 같은[/record]
격렬한[/record]
무모한[/record]
성급한[/end]"
6205,"얼룩덜룩한[/record]
점박이의[/record]
얼룩진[/record]
잡색의[/record]
후추를 뿌린 듯한[/record]
점점이 박힌[/record]
반점이 있는[/record]
얼룩이 있는[/record]
주근깨가 있는[/record]
모자이크 같은[/record]
호랑무늬의[/record]
얼룩덜룩한[/end]"
6206,"갈색[/record]
갈색[/record]
갈색[/record]
황갈색의[/record]
적갈색의[/record]
청동색의[/record]
구리색의[/record]
적갈색의[/record]
코코아색의[/record]
커피색의[/record]
칙칙한[/record]
황갈색의[/end]"
6207,"젊은[/record]
젊은[/record]
젊은[/record]
젊은[/record]
청춘의[/record]
청춘의[/record]
아기[/record]
아이[/end]"
6208,"시골의[/record]
소박한[/record]
지방의[/record]
시골의[/record]
전원적인[/record]
목가적인[/record]
농업의[/end]"
6209,"차분한[/record]
평온한[/record]
고요한[/record]
방해받지 않는[/record]
평화로운[/record]
정지한[/record]
평화로운[/record]
태평한[/record]
잠든[/record]
졸고 있는[/record]
휴식 중인[/record]
편안한[/record]
쉬고 있는[/end]"
6210,"노란색[/record]
노란색[/record]
노란색[/record]
금색[/record]
금색[/record]
황금빛의[/record]
황금빛의[/record]
창백한 노란색의[/record]
레몬색의[/record]
호박색의[/end]"
6211,"어두운[/record]
어두운[/record]
어두운[/record]
어둑어둑한[/record]
어둠 속의[/record]
에보니색의[/record]
어두컴컴한[/record]
침울한[/record]
검은색의[/record]
섬뜩한[/record]
음울한[/record]
흐릿한[/record]
그늘진[/record]
밤의[/end]"
6212,"파란색[/record]
파란색[/record]
파란색[/record]
파란색[/record]
파란색[/record]
파란색[/record]
남색의[/record]
사파이어색의[/record]
터키석색의[/record]
하늘색의[/record]
청색의[/end]"
6213,"외로운[/record]
슬픈[/record]
쓸쓸한[/record]
고독한[/record]
홀로인[/record]
황량한[/record]
외딴[/record]
먼[/record]
버려진[/end]"
6214,"불타는 듯한[/record]
타오르는[/record]
백열의[/record]
타오르는[/record]
빛나는[/record]
불타는[/end]"
6215,"문명화된[/record]
교양 있는[/record]
세련된[/record]
유행을 따르는[/record]
훌륭한[/record]
도시풍의[/record]
세계적인[/record]
정중한[/record]
진심 어린[/record]
상냥한[/end]"
6301,"[/record]의 우화
[/record]의 이야기
[/record]의 설화
[/record]의 전설
[/record]의 신화
[/record]의 역사
[/end]의 이야기"
6302,"[/record]의 초상화
[/record]의 초상화
[/record]의 초상화
[/record]의 습작
[/record]의 해부도
[/end]의 그림"
6303,"[/record] 전투
[/record] 전투
[/record] 전투
[/record] 전투
[/record] 전투
[/record] 전쟁
[/record] 싸움
[/record] 습격
[/record] 공격
[/record] 돌격
[/record] 침공
[/record] 습격
[/record] 침공
[/record] 포위
[/end] 포위"
6304,"[/record] 기념 행사
[/record]의 춤
[/record] 축제
[/record] 축제
[/record]의 잔치
[/record]의 환희
[/record] 의식
[/record]의 갈라
[/record] 파티
[/end]의 광란"
6305,"[/record]의 폭풍
[/record]의 폭풍
[/record]의 폭풍
[/record]의 폭풍
[/record]의 폭풍우
[/record]의 분출
[/end]의 격노"
6306,"[/record]의 죽음
[/record]의 죽음
[/record]의 죽음
[/record]의 죽음
[/record]의 죽음
[/record]의 임종
[/record]의 유언
[/record]의 서거
[/record]의 안식
[/record]의 고통
[/record]의 마지막 숨결
[/end]의 자살"
6307,"[/record]의 꿈
[/record]의 꿈
[/record]의 꿈
[/record]의 꿈
[/record]의 징조
[/record]의 악몽
[/record]의 환영
[/record]의 공상
[/record]의 환상
[/record]의 망상
[/end]의 예언"
6308,"[/record]에 대한 경의
[/record]에 대한 경의
[/record]에 대한 경의
[/record]에 대한 경의
[/record]에 대한 존중
[/record]에 대한 안부
[/record]에 대한 숭배
[/record]에 대한 명예
[/record]에 대한 존경
[/record]에 대한 경외
[/record]에 대한 감탄
[/end]에 대한 헌신"
6309,"[/record]이 있는 풍경
[/record]이 있는 풍경
[/record]이 있는 풍경
[/record]이 있는 풍경
[/record]이 있는 풍경
[/record]이 있는 풍경
[/record]의 전망
[/record]이 있는 시골
[/record]의 경치
[/record]의 광경
[/end]의 파노라마"
6310,"[/record]이 있는 정물화
[/record]이 있는 정물화
[/record]이 있는 정물화
[/end]이 있는 정물화"
6401,"%mn2 [/record]의
%mn2 [/record]의
%mn2 [/record]의
영주 %mn2 [/record]의
영주 %mn2 [/record]의
신사 [/record]의
왕 [/record]의
황제 [/record]의
워록 [/record]의
위저드 [/end]의"
6402,"%fn2 [/record]의
귀부인 %fn2 [/record]의
귀부인 [/record]의
여왕 [/record]의
여제 [/record]의
소서리스 [/end]의"
6403,"여름의 [/record]에
여름의 [/record]에
여름의 [/record]에
여름 동안 [/record]에
여름 동안 [/record]에
여름의 [/record]에
여름의 [/record]에
여름의 [/record]에
여름의 [/record]에
여름의 [/record]에
둘째 씨앗의 달 [/record]에
한해중의 달 [/record]에
해오름의 달 [/end]에"
6404,"가을의 [/record]에
가을의 [/record]에
가을의 [/record]에
가을의 [/record]에
마지막 씨앗의 달 [/record]에
난롯불의 달 [/record]에
서리내림의 달 [/record]에
수확기 [/record]에
수확기 [/record]에
수확기 [/end] 동안에"
6405,"겨울의 [/record]에
겨울의 [/record]에
해질녘의 달 [/record]에
저녁별의 달 [/record]에
새벽별의 달 [/record]에
겨울 동안 [/record]에
겨울의 [/record]에
겨울 동안 [/record]에
겨울 동안 [/end]에"
6406,"봄의 [/record]에
봄의 [/record]에
봄의 [/record]에
봄의 [/record]에
봄 동안 [/record]에
새벽별의 달 [/record]에
첫 씨앗의 달 [/record]에
비의 손의 달 [/record]에
파종기 [/end] 동안에"
6407,"아침의 [/record]에
아침의 [/record]에
아침의 [/record]에
아침의 [/record]에
아침의 [/record]에
오전의 [/record]에
새벽 [/record]에
동틀 녘 [/record]에
일출 [/end]에"
6408,"오후의 [/record]에
정오 [/record]에
정오 [/record]에
한낮 [/record]에
한낮 [/record] 동안에
정오 [/end]에"
6409,"저녁의 [/record]에
밤 [/record]에
황혼 [/record]에
밤 [/record]에
해 질 녘 [/record]에
저녁 [/record]에
땅거미 [/record]에
일몰 [/record]에
일몰 [/end]에"
6410,"하이 락의[/record]
브레튼의[/end]"
6411,"해머펠의[/record]
레드가드의[/record]
사막의[/end]"
6412,"그리고 아이 [/record]
그리고 아이 [/record]
그리고 아이 [/record]
그리고 아이 [/record]
그리고 아기 [/record]
그리고 유아 [/end]"
6600,"축하하네, %pcn.[/center]
의 더 큰 영광을 위한 %god 모든 노고에 보답하고자, 그대를[/center]
%lev 계급으로 승진시켰네. 이러한 직위의[/center]
변화와 함께, 이제 우리 사제의 화학자들이[/center]
물약을 제조하는 가마솥을[/center]
이용할 수 있게 되었네. 이제 더 이상[/center]
필요한 물약을 구매하기 위해[/center]
마법사 길드로 갈 필요가 없네.[/center]
[/center]
[/end]"
6601,"귀하는 의심할 여지 없이 우리 사원의 유명한 도서관에 대해 들어보셨을 것입니다.[/center]
이제 귀하는[/center]
그곳을 이용할 수 있게 되었습니다. 대사제들께서 귀하가 승진할 자격이 있다고[/center]
판단했기 때문입니다. 이제부터 귀하는 %lev[/center]
이며,[/center]
도서관을 자유롭게 탐험할 수 있습니다.[/center]
축하합니다, %pcf 님.[/center]
[/end]"
6602,"귀하의 충성심과 기술은 간과되지 않았습니다, %pcf 님.[/center]
사실, 사원 장로들께서 귀하에게 %lev 의 이름으로 불리는[/center]
새로운 직위를 부여하기로 결정했다는 소식을 전하게 되어 영광입니다.[/center]
하지만 이것은 단순한[/center]
직위 그 이상입니다. 이제 귀하는 사원에서 새로운 특권,[/center]
즉 우리의 물약 제조기를 사용할 권리를[/center]
얻었습니다. 믿기지 않으신다면 우리의 조제사에게 문의하십시오. 축하합니다.[/center]
[/center]
[/center]
[/end]"
6603,"우리 사원에는 비밀이 있으며, 그중 일부는 매우 어둡습니다,[/center]
님. 이제 귀하는[/center]
장로들이 귀하를 다음 계급인 %lev 직위로 승진시킬 만큼 충분한[/center]
신뢰를 보여주셨습니다.[/center]
원하신다면, %lev %pcn 님,[/center]
귀하는 영혼석을 사고파는 일에 참여할 수 있습니다.[/center]
이는 논란의 여지가 있는 관행이지만, 영혼석은 마법 부여사가 독특한[/center]
마법 아이템을 만드는 데[/center]
사용할 수 있습니다. 더 자세한 내용은 우리의 영혼 조달자에게 문의하는[/center]
것이 좋을 것입니다.[/center]
물론 참여 여부는 귀하의 결정입니다.[/center]
어떤 결정을 내리든, 새로운 직위를 얻으신 것을[/center]
축하드리고 싶습니다.[/center]
[/center]
[/center]
[/center]
[/end]"
6604,"귀하는 더 이상 초심자가 아닙니다, %pcf 님.[/center]
의회는 귀하를 사원에서 매우 영예로운 직위인 %lev 직위로 승진시키기로[/center]
결정했습니다. 따라서[/center]
귀하에게는 무시무시한 특권, 즉 데이드라를 소환할 권리가 주어집니다.[/center]
분명히 신학적인 의미만으로도[/center]
주저하게 되겠지만, 귀하의 지혜로 오블리비언의 왕자를 소환하기로 결정한다면,[/center]
우리는 귀하의 노력을[/center]
도울 것입니다. 소환사가 분명히 더 많은 것을 알려줄 수 있을 것입니다.[/center]
귀하가 어떤 결정을 내리든 현명할 것입니다.[/center]
결국, 귀하는 이제 %lev 신분이시니까요.[/center]
[/center]
[/center]
[/center]
[/end]"
6605,"축하합니다, %pcf 님.[/center]
의회는 귀하를 다시 한번 계급 승진으로 예우하기로 결정했습니다. 귀하의[/center]
충성심과 재능은 이곳에서 큰 존경을 받았으며,[/center]
새로운 직위인 %lev 직위를 얻게 되었습니다. 지금 이 순간부터[/center]
상처를 치료해야 할 일이 생기면 저나 다른 성직자들에게 말씀하십시오.[/center]
기꺼이 무료로 도와드리겠습니다. 다시 한번[/center]
축하드립니다. 귀하는 그럴 자격이 있습니다.[/center]
[/center]
[/center]
[/center]
[/center]
[/center]
[/end]"
6606,"아, 축하합니다, %pcf 님. 아니면 이제 %lev 님이라고 불러야 할까요?[/center]
의회는 거의 만장일치로[/center]
귀하를 사원 내에서 승진시키기로 투표했습니다, 친구여.[/center]
가장 좋은 소식은 이것이 단순한 존칭이 아니라는 것입니다.[/center]
귀하는 이제 사원의 주문서에 접근할 수 있습니다.[/center]
귀하는 마법사 길드까지 멀리 갈 번거로움 없이 서기에게 말을 걸어 주문을[/center]
구매할 수 있습니다. 귀하는[/center]
크게 성장하고 있군요.[/center]
[/center]
[/center]
[/center]
[/end]"
6607,"좋은 날입니다, %lev 님.[/center]
아니면 의회에서 오늘 귀하에게 사원 내 새로운 계급을 부여하기로 투표했다는 소식을[/center]
듣지 못하셨나요? 친구여, 단순한 직위가 아니라 사원의 주문 제작기를 사용할[/center]
권리가 있는 계급입니다.[/center]
매우 복잡하지만 매우 유용한 장치입니다.[/center]
만약 마법사 길드 같은 곳에서 이전에 사용해 본 적이 없다면,[/center]
정말 사용해 보셔야 합니다. 이제 귀하는 %lev(이)며 능력이 있으니까요.[/center]
[/center]
[/center]
[/center]
[/end]"
6608,"가장 진심 어린 축하를 드립니다.[/center]
의회는 상당수의 찬성으로 귀하를 이제부터 %lev 의 이름으로 불리는 새로운 직위로[/center]
부르기로 결정했습니다. 그것만으로도 충분히 훌륭하지 않다면,[/center]
실질적인 측면에서 귀하는 이제 사원의 방대한[/center]
비전 지식, 도구, 잡동사니, 환상적인 물품들을 매우 합리적인 가격에 구매할 수 있습니다.[/center]
어서 마법 기록관에게[/center]
문의해 보십시오 ... %lev.[/center]
[/center]
[/center]
[/center]
[/center]
[/end]"
6609,"매우 공식적인 일입니다. 즉시 효력이 발생하며, 귀하는 장로 성직자들의 명령에 따라[/center]
%lev 직위로 승진하게 되었습니다.[/center]
이것이 실질적으로 의미하는 바는 더 많은 존경뿐만 아니라 사원의 가장 가치 있는 인물[/center]
중 한 명인 마법 부여사에게 접근할 수 있다는 것입니다.[/center]
마법 부여사는 귀하가 소유한 가장 평범한 물건을 초자연적인 힘을 가진 물건으로[/center]
바꿀 수 있도록 도와줄 수 있습니다.[/center]
그보다 조금 더 복잡하지만, 그럼에도 불구하고 정말 영광스러운 일입니다.[/center]
귀하의 상승을 축하합니다.[/center]
[/center]
[/center]
[/center]
[/center]
[/end]"
6610,"가장 통찰력 있는 판단이군요, 나의 아이야.[/center]
이제 귀하의 초기 직위는 %lev 신분이 되겠지만, 계급에 대해서는 걱정하지 마십시오.[/center]
중요한 것은 귀하가 이제 사원의 최고의 도서관과[/center]
훈련관에 접근할 수 있다는 것입니다. 인내심을 가지면 노력의 결실을 보게 될 것입니다.[/center]
배우십시오, %lev 님.[/center]
읽고 배우십시오.[/center]
[/center]
[/center]
[/end]"
6611,"다크 브라더후드에서[/center]
당신과 같은 자를 영입한 것은 현명한 처사였던 것 같군요. 우리들의 신뢰[/center]
가 당신에게 향하고 있으며, 이제 브라더후드 내에서 당신의 계급을 올려주는 것이[/center]
마땅하다고 판단했습니다.[/center]
오늘부터 당신은 정식[/center]
%lev 입니다. 우리 연금술사들에게 당신이 그들의 물품 중에서[/center]
물약과 독약을 구매할 수 있도록 허가하라는 지시를 내렸으니, 이제 더 이상[/center]
마법사 길드를 방문할 필요가 없을 겁니다. 또한 당신이 알아두면 좋을[/center]
다른 묘지의 위치를 알려드리고 싶군요.[/center]
.[/center]
여기 지도에 표시해 두었습니다. 다시 한번 축하합니다, %dng.[/center]
%lev[/center]
[/center]
[/center]
[/end]"
6612,"지금까지[/center]
당신은 평범한 깡패보다 나은 존재임을 증명했네, %pcf. 우리[/center]
는 당신을 다크 브라더후드 내에서 승진시키기로 결정했네. 오늘부터 당신의 계급은[/center]
%lev 일세. 이제, 우리가 제공하는[/center]
정기적인 훈련 외에도, 당신은[/center]
우리의 가마솥을 이용할 수 있네. 그 통에서 나온[/center]
아주 영리한 독들이 많이 있지. 마지막으로, 당신이 흥미로워할 만한[/center]
다른 묘지의 위치를 알려주겠네,[/center]
.[/center]
당신의 지도에 표시해 두겠네. 축하하네, %dng.[/center]
. 지금까지는, 아주 나쁘군.%lev[/center]
[/center]
[/center]
[/end]"
6613,"이제 귀하가 다크 브라더후드[/center]
에서 보여준 가치에 걸맞게 승급할 때가 된 것 같군요.[/center]
다른 이들도 동의했으니, 이제 귀하는 다크 브라더후드의[/center]
영광스러운 직위를 맡게 될 것입니다.[/center]
%lev[/center]
%lev 직위로서, 귀하는 이제[/center]
영혼석을 우리 영혼 조달자와 거래할 수 있습니다.[/center]
이는 처벌에 수익을 더할 수 있는 좋은 방법입니다.[/center]
희생자의 영혼은 마법 부여 의식에 묶을 영혼을[/center]
찾는 이들에게 꽤 높은 가격에 팔릴 수 있으니까요.[/center]
물론, 조달자에게 영혼석을 판매할 뿐만 아니라[/center]
구매할 수도 있습니다. 또한 귀하에게[/center]
에 있는 새로운 묘지를 보여주고 싶군요.[/center]
%reg, %dng.[/center]
아주 흥미로운 곳이라고 생각할 겁니다.[/center]
정말로요, %lev.[/center]
[/center]
[/end]"
6614,"%pcf, 귀하는 인간의 생명을 냉혹하게 무시하며,[/center]
살인 대가로 금을 받는 것에 역겨울 정도로 태연하군요.[/center]
우리는 귀하에게 더할 나위 없이 만족하고 있습니다. 브라더후드는[/center]
다시 한번 귀하를 승급시키기로 했습니다. 귀하는[/center]
이제[/center]
%lev 입니다.%pcn 단순한 직위 그 이상을 의미합니다. 이제 귀하는[/center]
일리악 만 지역의 가장 새롭고 중요한 사건들에 대해[/center]
우리에게 정보를 제공하는 첩보대장과 대화할 수 있습니다.[/center]
저도 귀하에게 작은 소문을 하나 알려주죠.[/center]
라는 묘지가 있는데,%dng 가장 즐거운 보물과 놀라움이 가득한 곳입니다.[/center]
귀하도 분명 마음에 들어 할 겁니다. 여기,[/center]
지도에 표시해 두겠습니다,[/center]
.%pcf 아니, 이렇게 말해야겠군요.[/center]
%lev %pcf.[/center]
[/center]
[/center]
[/end]"
7200,"즐거운 시간을 보내고 싶나?[/record]
동행이 필요한가, 자기?[/record]
좋고 은밀한 재미에 관심 있나?[/end]"
7201,"당신이라면, 공짜로 해줄까?[/record]
옛정을 생각해서, 공짜로 해줄까?[/end]"
7202,"인생 최고의 시간, %a 골드.[/record]
특별가, %a 골드.[/record]
%a 골드는 어떤가?[/end]"
7203,"난 자선 사업가가 아니야, 자기.[/record]
돈이 없으면 재미도 없지, 귀염둥이.[/end]"
7204,그것과는 대화할 수 없다.[/end]
7205,아무런 반응이 없다.[/end]
7206,"이제 뭘 원하나, %pcf?[/record]
좋은 용건이길 바라지. 난 바쁘거든.[/record]
좋아, %pcf. 1분 정도는 시간을 내주지.[/record]
%oth, 너였군. 무슨 일이지?[/record]
대체 뭘 원하는 거냐, %pcf?[/record]
%oth, 딱 필요한 때 나타났군. 무슨 일이지?[/end]"
7207,"어떻게 도와드릴까요, 낯선 분?[/record]
무엇을 도와드릴까요, 낯선 분?[/record]
네?[/record]
필요한 것이 있으신가요?[/record]
안녕하세요.[/record]
좋은 날입니다.[/record]
무슨 일이죠?[/record]
무엇을 원하시나요?[/end]"
7208,"좋은 날입니다, %pcf.[/record]
어떻게 도와드릴까요, %pcf?[/record]
아, 친구여. 오늘 하루는 어떤가요?[/record]
만나서 반갑군요, %pcf. 어떻게 도와드릴까요?[/record]
오, 안녕하세요, %pcf.[/record]
좋은 날입니다, %pcf.[/record]
안녕하세요, 친구여.[/end]"
7209,"따뜻한 인사를 전합니다, 좋은 %pcf.[/record]
당신을 보니 마음이 따뜻해지는군요, %pcf.[/record]
아, 훌륭한 동료군요. 좋은 날입니다, 친애하는 친구여.[/record]
%oth! 만나서 반갑군요, %pcf.[/record]
좋은 날입니다, %pcf.[/record]
만나서 정말 기쁩니다, %pcf.[/record]
당신을 보니 기쁘군요, %pcf.[/record]
아, %pcf, 안녕하세요. 언제나 즐겁군요.[/end]"
7210,내용이 이미 수첩에 복사되었습니다.[/end]
7211,"일자리 가능성[/record]
좋고, 어느 정도 정직한 일[/record]
수익을 낼 기회[/record]
돈이 되는 사업 기회[/record]
수익성 있는 고용[/record]
고용[/record]
약간의 고된 노동[/end]"
7212,"%1com. 가능하다면 %key 에 대해 듣고 싶습니다.[/record]
%1com. %key 에 대한 정보를 주시면 감사하겠습니다.[/record]
%1com. %key 에 관한 정보라면 무엇이든 감사히 받겠습니다.[/record]
%1com. %key 에 대해 알고 계신지 궁금합니다.[/record]
%1com. %key 에 관한 주제로 저를 깨우쳐 주십시오.[/record]
%1com. %key 에 관한 상황을 알려주십시오.[/record]
%1com. %key 에 대해 뭔가 알고 계신 것 같군요.[/end]"
7213,"%1com. %key 에 대해 무엇을 말씀해 주실 수 있나요?[/record]
%1com. %key 에 대한 정보를 찾고 있습니다.[/record]
%1com. %key 에 대해 무엇을 알고 계십니까?[/record]
%1com. %key 에 대해 알아야 합니다.[/record]
%1com. %key 에 대해 아는 것이 있습니까?[/record]
%1com. %key 의 의미가 귀하에게 무엇입니까?[/record]
%1com. %key 에 대해 이야기해 주십시오.[/record]
%1com. %key 에 대해 뭔가 알고 계실 게 분명합니다.[/end]"
7214,"%1com. %key 에 대한 최신 소식은 무엇입니까?[/record]
%1com. %key 에 대한 소식이 있습니까?[/record]
%1com. %key 에 대한 이야기는 무엇입니까?[/record]
%1com. %key 에 대한 팁을 찾고 있습니다.[/record]
%1com. %key 에 대해 아는 것이 있습니까?[/record]
%1com. %key 에 대한 알짜 정보가 있습니까?[/record]
%1com. %key. 제가 정말 알고 싶은 것은 그것입니다.[/record]
%1com. %key 에 대해 자세히 알려주십시오.[/record]
%1com. %key 에 대해 알려주십시오.[/record]
%1com. %key 에 대해 들어본 적 있습니까?[/record]
%1com. %key 출신입니까?[/end]"
7215,"당신에게 경의를[/record]
당신에게 평화로운 날이 있기를[/record]
경의를 표합니다, %n[/record]
경의를 표합니다, 좋은 %n[/record]
인사를 드립니다, %n[/end]"
7216,"좋은 날입니다, %n[/record]
인사를 드립니다, 좋은 %n[/record]
당신에게 인사를 드립니다[/record]
어떻게 지내십니까, %n[/record]
어떻게 지내세요, %n[/record]
안녕하세요[/end]"
7217,"안녕[/record]
안녕 거기[/record]
이봐요, %n[/record]
잘 들어봐[/end]"
7218,"그렇군요[/record]
정말로[/record]
아, 알겠습니다[/record]
좋아요[/record]
매혹적이군요[/record]
잘 말씀하셨습니다[/record]
설득력 있는 말씀이군요[/end]"
7219,"흠[/record]
알겠습니다[/record]
정말요?[/record]
아[/record]
음[/end]"
7220,"그래, 뭐든[/record]
알겠어[/record]
들어봐[/record]
좋아[/record]
그래서...[/end]"
7221,"친구[/record]
낯선 이[/end]"
7222,"낯선 이[/record]
친구[/end]"
7223,"친구[/record]
친구[/record]
동료[/end]"
7224,그리고 %key2[/end]
7225,"%1com. %key 의 행방을 알려주시겠습니까?[/record]
%1com. %key 쪽으로 안내해 주시길 바랐습니다.[/record]
%1com. %key 쪽으로 안내해 주실 수 있습니까?[/record]
%1com. %key 쪽으로 가는 길을 알려주시면 감사하겠습니다.[/record]
%1com. %key 의 위치를 알고 계십니까?[/end]"
7226,"%1com. %key 의 행방을 알 수 있습니까?[/record]
%1com. %key 쪽으로 가려고 합니다.[/record]
%1com. %key 의 위치를 아십니까?[/record]
%1com. %key 의 행방을 찾아야 합니다.[/record]
%1com. %key 쪽으로 가는 가장 좋은 방법은 무엇입니까?[/end]"
7227,"%1com. %key 쪽으로 안내해 주십시오.[/record]
%1com. %key 쪽으로 어떻게 가죠?[/record]
%1com. %key 의 위치가 어디입니까?[/record]
%1com. %key 쪽으로 가야 합니다.[/record]
%1com. %key 의 위치를 아십니까?[/end]"
7228,"%1com. 혹시 %key 의 존재를 알고 계십니까?[/record]
%1com. %key 관련 사실을 알고 계십니까?[/record]
%1com. 단지 %key 의 이름으로 불리는 것을 말씀드리고 싶었을 뿐입니다.[/record]
%1com. %key 관련 사실을 아시면 흥미로울 겁니다.[/end]"
7229,"%1com. %key 관련 사실을 알고 계셨습니까?[/record]
%1com. %key 의 이름으로 불리는 말해준 사람이 있었습니까?[/record]
%1com. %key 의 이름으로 불리는 것을 알아두셔야 합니다.[/record]
%1com. %key 관련 사실을 알고 계십니까?[/end]"
7230,"%1com. %key 의 이름으로 불리는 거 알고 있었나?[/record]
%1com. 들어봐, %key.[/record]
%1com. 난 %key 의 이름으로 불리는 걸 알고 있지.[/record]
%1com. 이 말을 해주지 -- %key.[/end]"
7231,"%1com. 제발, 약간의 소식 좀 퍼뜨려 주시겠습니까?[/record]
%1com. 가능하시다면 약간의 가십을 들려주십시오.[/record]
%1com. 최근에 흥미로운 소식은 못 들으셨죠?[/record]
%1com. 요즘 교양 있는 사회에서는 어떤 이야기가 오가나요?[/record]
%1com. 세상 돌아가는 소식을 좀 업데이트해 주시겠습니까?[/end]"
7232,"%1com. 최근에 흥미로운 소식 들은 거 있습니까?[/record]
%1com. 요즘 사람들은 무슨 이야기를 하나요?[/record]
%1com. 흥미로운 가십거리 좀 있습니까?[/record]
%1com. 무슨 일이 있었나요?[/end]"
7233,"%1com. 새로운 소식 있습니까?[/record]
%1com. 요즘 마을의 화젯거리는 무엇입니까?[/record]
%1com. 무슨 소문이 돌고 있나요?[/record]
%1com. 그리고요?[/record]
%1com. 계속하세요.[/end]"
7234,"나랑 사랑을 나누고 싶나?[/record]
내가 당신을 원하는 만큼 당신도 나를 원한다고 말해줘.[/record]
나랑 놀아나고 싶나?[/record]
당신이 원한다면 난 당신 거야.[/record]
살짝 빠져나가서 사랑을 나눌까?[/record]
말은 그만하고, 사랑을 나누자.[/record]
이리 와, 자기. 하자고.[/record]
내가 당신을 원한다고 말하면 기분 나쁠까?[/record]
말은 이제 됐어. 당신을 원해.[/record]
당신의 몸을 내 몸에 꽉 밀착시키고 싶어.[/record]
말하는 것보다 더 재미있는 걸 하고 싶지 않아?[/record]
키스해줘, %pcf, 난 당신 거야.[/record]
아침이 올 때까지 당신의 몸을 내 몸에 안고 있을래.[/record]
부끄러운 짓이라도 좀 해볼까.[/record]
말은 그만하고 나한테 키스나 해.[/end]"
7235,"%oth! 물어본 내가 잘못이지.[/record]
오. 정말 창피하군. 물어본 건 잊어줘.[/record]
미안해. 당신도 같은 마음인 줄 알았어.[/record]
음, 나중에 다시 하지.[/record]
아, 뭐, 꿈은 꿀 수 있으니까.[/record]
%oth, 일만 하고 재미는 없군.[/end]"
7250,"나랑 시간 낭비하지 마, %pcf. 난 %key 에 대해서는 아무것도 몰라.[/record]
난 %key 에 대해서는 아무것도 몰라. 안다고 해도 너한테 말해주진 않을 테지만.[/record]
내가 %ra 의 명칭으로 불리는 걸 알면서도 말해줄 거라고 생각하나?[/record]
다른 사람한테 물어봐, %pcf. %key 에 대해서는 도와줄 수 없어.[/record]
넌 %pcn 잖아. 내가 %key 에 대해 뭔가 알고 있다거나 말해줄 거라고 생각하는 이유가 대체 뭐지?[/record]
솔직히 탐리엘에서 무슨 소리를 하는 건지 모르겠군.[/record]
분명히 나를 신경 쓰는 사람으로 착각했나 보군.[/record]
그래서 내가 어떻게 해주길 바라는 거지?[/record]
그건 나한테 아무런 의미도 없어.[/record]
도와줄 수도 있겠지만, 그러고 싶지 않아.[/record]
%oth, 시간 낭비하지 마. 아무것도 말 안 해줄 거니까. 이제 꺼져.[/end]"
7251,"%key? 안다고 해도 %ra 한테 말해주진 않을 거야.[/record]
난 %key 에 대해서는 아무것도 모르고, 더 이상 말할 것도 없어.[/record]
넌 %pcn 잖아. %key 에 대해서는 안다고 해도 말 안 해줄 거야.[/record]
가서 친구나 아는 사람을 찾아봐. 난 둘 다 아니니까.[/record]
내가 왜 너를 도와주고 싶겠어?[/record]
유감이지만 그건 나한테 아무 의미도 없어, %pcf.[/record]
이해할 수 없군. 그게 나한테 무슨 의미가 있는 건가?[/record]
솔직히 말해서, 전혀 관심 없어. 미안하지만.[/record]
다른 사람한테 물어봐. 내가 바쁜 거 안 보여?[/record]
미안하지만 난 모르고, 가봐야겠어.[/record]
나도 %cn 에 관해서는 처음이라서. 이제 실례하겠어.[/record]
가봐야겠어.[/record]
다른 사람한테 물어봐, %pcf. 나도 늦었거든.[/record]
%oth, 내가 알 리가 없잖아. 다른 사람한테 물어봐.[/record]
네 하수인이 되고 싶진 않아, %pcf. 이제 가봐.[/record]
이 대화는 지루해졌어. 이제 떠나, %pcf.[/record]
실례하겠어, %pcf. 난 실제로 살아가야 할 삶이 있거든.[/record]
관심 있는 사람한테 물어봐.[/record]
난 알지도 못하고 별로 관심도 없어.[/record]
전혀 모르겠군, 유감이지만. 이제 실례하겠어...[/end]"
7252,"너는 그 더러운 %pcn 님이군. 난 %key 의 이름으로 불리는 주제에 대해 무지해. 이제 꺼져.[/record]
혹시 내가 %key 의 이름으로 불리는 주제에 대해 잘 알고 있을 거라 생각했나? 웃기는군![/record]
%key? 네 질문은 내가 너에게 친밀감을 느낀다는 전제를 깔고 있는데, 난 전혀 그렇지 않아.[/record]
이런 질문들은 내 시간을 낭비하게 할 뿐이야, %key 에 대해 안다고 해도 말이지. 가장 가까운 출구로 나가봐.[/record]
만약 %ra 종족이 글을 읽을 줄 안다면, 스스로 답을 찾을 수 있을 텐데. 난 그걸 찾아볼 시간이 전혀 없어.[/record]
그건 너랑 전혀 상관없는 일이야. 이제 떠나, %pcf.[/record]
내가 왜 너한테 말해줘야 하지? 가서 다른 사람이나 괴롭혀, %pcf.[/end]"
7253,"참 우스꽝스럽군. 난 중요한 사람들, 즉 작위와 영지를 가진 사람들에게만 도움을 주지. 이제 가버려.[/record]
난 %t %rn 의 개인적인 친구라서 너 같은 부류와는 어울리지 않아. %key 라니, 정말이지.[/record]
내가 어떻게 알겠어? 이봐! 너는 그 혐오스러운 %pcn 님이잖아. 내가 왜 너랑 대화하고 있는 거지?[/record]
난 %key 에 대해서는 전혀 관심 없어. 내 고귀한 몸 근처에서 네 천한 발을 치워.[/record]
%key? 내가 귀족이고 너는 %ra 쓰레기라는 걸 상기시켜 주지. 가버려.[/end]"
7304,"%key 에 대해서는 들어본 적 없어, 꼬마야. 내 등에 칼을 꽂기 전에 떠나.[/record]
%ra 에 대해 멍청한 질문을 하던 %key 개체를 죽인 적이 있지.[/record]
난 몰라. 하지만 내 주변에서 계속 악취를 풍기면 네 배에 칼을 꽂아줄 거라는 건 잘 알지.[/record]
넌 %pcn 님이잖아. 두 번째 미소를 짓게 해줄 수도 있지만, 난 착한 사람이니까 그냥 모른다고 말해주지.[/record]
넌 평판이 나빠, %pcn. %key 에 대해서는 아무것도 모르지만, 더 가까이 오면 한 방 날려줄 거야.[/end]"
7255,"알고 싶지 않나?[/record]
%key? 그건 희귀한 정보가 아니야. %key 에 대해서는 다른 사람한테 물어봐.[/record]
%key 의 위치를 모른다고? 하하하! 꼴좋군 %pcn, 네가 저지른 짓을 생각하면 말이야.[/record]
내가 %ra 의 편이었다면, 아마 말해줬을지도 모르지.[/record]
모두가 %key 의 위치를 알아. 그래서 네가 모른다는 게 더 재미있는 거지.[/record]
아니, 이제 너랑 대화하고 싶지 않아, %pcf. 꺼져.[/record]
내가 뭘 아냐고? 너랑 더 이상 대화하고 싶지 않다는 건 알지, 어때?[/end]"
7256,"%pcn 의 방문이군요. %key 의 행방을 알려드리고 싶지 않네요.[/record]
실례지만, 그런 어리석은 질문에 제가 대답해야 할 이유는 없다고 봅니다.[/record]
조금 더 돌아다녀 보시면 예법이 좀 나아지시겠지요.[/record]
물론 %key 의 위치는 압니다. 하지만 당신 같은 사람에게는 알려주고 싶지 않네요.[/record]
빌어먹을 %ra 같으니. 항상 우리 같은 평민에게 도움이나 구걸하고. 최근에 나한테 해준 게 뭐가 있다고?[/record]
탐리엘의 그 누구도 아닌 당신에게 제가 왜 알려줘야 하죠, %pcf?[/record]
도대체 왜 제가 당신에게 길을 안내해 줘야 하죠 %pcf?[/record]
이봐요, 난 이런 데 쓸 시간 없어요. 그냥 꺼져버리는 게 어때요, %pcf.[/record]
모르고, 관심도 없고, 더 이상 당신과 대화하고 싶지도 않네요. 잘 가요.[/record]
정상적인 사람처럼 물어보는 건 어때요?[/record]
들어봐요, 그런 식으로 말하는 사람에게는 길을 알려주지 않습니다.[/end]"
7257,"당신은 %ra 에 대한 존중이 없군요. %key 의 위치는 밝히지 않겠습니다.[/record]
당신은 %pcn 의 일원인가요? %key 쪽으로 가는 길을 알려주는 것보다 더 중요한 일이 많습니다.[/record]
%key 에 대해 알고는 있습니다. 당신이 좀 더 예의 바르게 굴었다면 알려줬을지도 모르죠.[/record]
저는 학자입니다. %key 에 대한 시시한 질문에 답할 시간은 없어요.[/record]
저 같은 학자들은 그런 지식을 가지고 있죠. 당신의 태도가 불쾌해서 유감이군요.[/record]
이제 됐습니다. 할 만큼 예의를 갖췄으니, 이제 가주세요. 혼자 있고 싶습니다.[/record]
당신이 어디를 가든 상관없어요. 오블리비언에나 가버리시죠. 그냥 가세요.[/end]"
7258,"평민에게 물어보세요. 뻔한 질문에 답하며 귀중한 시간을 낭비하고 싶지 않군요.[/record]
누가 나한테 말을 걸라고 허락했죠? %key 의 행방을 알지만, 이제는 알려주고 싶지 않네요.[/record]
당신 %pcn 에 대해 들은 적이 있습니다. 분수를 아는 게 좋을 거예요. 귀족은 이정표가 아니니까요.[/record]
당신은 자신의 신분을 망각하고 있군요, %ra. 매질을 해줘야 정신을 차릴 텐데, 그냥 보내주는 걸 다행으로 아세요.[/record]
참 재미있군요. 이...%ra 천것이 %key 의 행방을 찾고 있다니. 대답하며 내 격을 떨어뜨릴 생각은 없습니다.[/end]"
7259,"지난번에 %key 에 가는 법을 물어본 놈은 결국 죽었지.[/record]
배에 칼침이라도 맞고 싶나? 그럴 줄 알았어.[/record]
%key 개체를 찾고 있나? 시간 낭비하게 만든 대가로 걷어차 주고 싶군.[/record]
당신은 그 형편없는 %pcn 님이군. %key 근처에는 얼씬도 마. 안 그러면 목을 그어버릴 테니까.[/record]
난 %ra 쓰레기들이 싫어. 꺼져. 안 그러면 네 피로 내 잔을 채우게 될 거야.[/end]"
7260,"당신 %pcn 에 대해 들은 적이 있습니다. %key 에 대해서는 아무것도 말해주지 않겠어요.[/record]
%key 요? 아는 건 많죠. 하지만 당신 같은 사람에게 말해줄 생각은 없어요.[/record]
%ra 같은 놈. %key 에 대해 알아내는 걸 도와줄 생각은 추호도 없습니다.[/record]
%key 의 존재는 당신이 알 바 아니라는 걸 잘 알고 있습니다.[/record]
솔직히 말해서, 당신을 믿을 수가 없군요, %pcn.[/record]
알고 싶지 않으신가요?[/record]
방향은 맞아요, %pcf. 이제 당신을 믿는 사람에게 물어보세요.[/record]
들어봐요, 원한다고 해도 당신과 그런 이야기를 나눌 수는 없어요.[/record]
누구길래 나한테 그런 식으로 말하는 거죠?[/record]
들어봐요, 당신의 말투는 마음에 안 드네요.[/record]
낯선 사람과 %key 에 대해 이야기하는 게 맞는지 잘 모르겠군요.[/record]
물론 %key 에 대해 알고 있죠. 하지만 아무하고나 이야기하고 싶지는 않네요.[/end]"
7261,"%key 에 대해서는 아무것도 말해주지 않겠어요.[/record]
%key 요? 갈 곳이 있어서 이만.[/record]
당신은 그 사악한 %pcn 님이군요! 당신에게 말해주는 건 클라비쿠스 바일 본인에게 말하는 것과 다를 바 없죠.[/record]
%key 요? %key! %key 에 대해서는 누구에게도 말하지 않을 겁니다.[/record]
왜 제가 %ra 에게 %key 에 대해 말해야 하죠? 알고 싶지 않으신가요?[/record]
오, 어쩌면... 뭔가를 알고 있을지도 모르죠. 하지만 말할 수는 없어요.[/record]
기분 나쁘게 들으려 하진 마세요, 그런데 제가 왜 당신에게 뭘 말해줘야 하죠?[/record]
당신이 알 바 아니에요.[/end]"
7262,"%key 에 대한 지식은 특권이며, 특히 당신에게는 더욱 그렇습니다.[/record]
%key 에 대해 알기는 어렵죠. 당신의 불편함과 무지를 지켜보는 건 즐거운 일이 될 겁니다.[/record]
%key 에 대해 어디서 들었죠? 풋내기 %ra 에게 %key 에 대해 더 이상 말해줄 생각은 없습니다.[/record]
%key 에 대한 정보는 절대 누설하지 않을 겁니다.[/record]
%key 요? %pcn 에게요? 이건 저급한 농담이 분명하군요. 들어봐요, 당신은 분명 한가한 사람이겠지만, 저는 아닙니다. 꺼지세요, %pcf.[/record]
이 대화는 의미가 없군요, %pcf. 저는 제 삶으로 돌아갈 테니, 당신도 당신 갈 길 가세요.[/record]
당신에게 말해줄 생각은 전혀 없습니다. 이제 가보세요, %pcf.[/record]
제가 여행 안내소 직원이라도 되는 줄 아시나요? 저 좀 내버려 두세요.[/end]"
7263,"아무도 당신 %pcn 의 말을 믿지 않아요. 제가 왜 그래야 하죠?[/record]
엎드려서 용서를 빌 기회를 주죠. %key 의 존재라니, 정말이지.[/record]
%key 에 대해 알고 싶어 하는 %ra 라니. 참 우습군요. 평민들은 무지한 상태로 두는 게 좋다고 항상 말해왔죠.[/record]
물론 %key 에 대해서는 다 알고 있습니다. 문제는 당신이 마음에 안 든다는 거죠.[/record]
귀족은 평민들과 어울려선 안 됩니다. 떠나세요.[/record]
당신의 말투는 마음에 안 드는군요, %pcf.[/record]
들어봐요, 그런 식으로 말하는 사람과는 대화하지 않습니다.[/record]
제가 당신에게 어떤 정보라도 줄 거라고 생각하다니 정말 무례하군요. 잘 가요.[/record]
들어봐요, 저도 제 삶이 있어요. 당신도 나가서 삶을 좀 찾길 권하죠. 잘 가요, %pcf.[/end]"
7264,"%key 요? 대신 내 칼날 맛을 보여주지! 꺼져.[/record]
더 가까이 오면 네 내장을 끄집어낼 줄 알아, %pcf.[/record]
죽고 싶어서 안달인가? 그럼 계속 %key 에 대해 물어보고 다녀.[/record]
%ra 종족이라. 네 피는 무슨 색일지 궁금하군. 이리 와서 확인해 보게.[/record]
%key 에 대해서는 다 알고 있지. 하지만 말해주면 널 죽여야 할 거야.[/record]
뭔가를 알 수도 있고, 아닐 수도 있지. 하지만 대화는 여기까지다, %pcf.[/record]
당신과 그 문제나 다른 어떤 것에 대해서도 논의하고 싶지 않군. 잘 가.[/end]"
7265,"도와드릴 수 없어서 유감이군요, %pcf.[/record]
미안해요, %pcf. %key 에 대해서는 아는 게 없네요.[/record]
미안해요, 친구. 도울 수 있다면 좋았을 텐데.[/record]
정말 모르겠네요.[/record]
%oth, 도와줄 수 있으면 좋을 텐데, %pcf.[/record]
정말 미안해요, %pcf. 그에 대해 아는 게 있었으면 좋았을 텐데요.[/record]
제 무지를 용서하세요, %pcf. 그에 대해서는 아는 게 거의 없답니다.[/record]
솔직히 말해서, 그에 대해 아는 게 전혀 없어요, %pcf. 정말 미안합니다.[/record]
실례지만? %key 요? 전혀 모르겠네요.[/record]
다른 사람에게 물어보시는 게 좋겠어요. 전혀 모르겠거든요.[/end]"
7266,"저도 알면 좋을 텐데, %pcf. 어디에나 있을 수 있죠.[/record]
어디선가 그 이름을 들어본 적은 있는데, 어디인지는 전혀 모르겠네요.[/record]
미안해요. 전혀 모르겠어요.[/record]
이 근처 어딘가에 있겠죠.[/record]
당신 %pcn 에 대해 들은 적 있어요. 도울 수 있다면 좋았을 텐데.[/record]
도와줄 수 있으면 좋겠지만, %pcf, 그에 대해서는 아는 게 없네요.[/record]
미안해요, 친구. 그건 도와줄 수가 없네요.[/record]
다른 사람들에게 더 물어보세요, 친구. 누군가는 분명히 알 거예요.[/record]
아니요, 전혀 모르겠어요.[/record]
저한테 그런 식으로 말할 이유는 없잖아요. 어차피 도와줄 수도 없는데.[/end]"
7267,"참 난감하군요. 완전히 당황스럽네요.[/record]
물어본 사람은 당신이 처음이군요. 안타깝게도 저도 답을 모르겠네요.[/record]
북쪽? 아니... 남쪽인가? 정말 죄송합니다. %key 에 대해서는 기억나는 게 없네요.[/record]
한때 가지고 있었는데, 바퀴가 빠져버렸죠. 제가 숨 좀 돌릴 동안 제 발 좀 잡아주시겠어요?[/record]
참으로 모호한 주제군요. 답이 나올 것 같지 않네요.[/record]
묻기 미안하지만, 제가 왜 그런 것에 관심을 가질 거라고 생각하셨죠?[/record]
이봐요, %pcf, 제가 그런 것에 관심이 있을 거라고 생각할 만큼 저를 잘 아시잖아요![/record]
잠깐만요. 그게 제가 관여할 일처럼 들리나요, %pcf? 정말이지.[/end]"
7268,"최소한의 예법은 갖추셨군요, 하지만 저는 정말 모르겠네요.[/record]
참 신선하군요. 예의 바른 %ra 라니. 안타깝게도 %key 에 대해서는 아는 게 없네요.[/record]
아, %reg 의 진정한 종복이시군요. 제 반지에 입을 맞추셔도 좋지만, %key 에 대해서는 아는 게 없네요.[/record]
%pcn 요? 흠. 어떤 궁신이 당신을 좋게 말하는 걸 들은 기억이 나는군요. 안타깝게도 %key 에 대해서는 도와드릴 수가 없네요.[/record]
%key 요? 들어본 적 없는 이름이군요.[/record]
미안해요, %pcf. 그건 도와드릴 수가 없네요.[/record]
분명히 말씀드리지만, 물어볼 사람을 잘못 찾으셨어요, %pcf.[/end]"
7269,"%key 요? 들어본 적 없어요. 전혀 기억나지 않네요. 중요한 일이라면 길드를 통하세요.[/record]
%key 개체가 문제인가요? 문제를 해결해 줄 수 있는 사람들을 알고 있죠.[/record]
%key 개체가 %fn 개체와 관련이 있나요? 아니라고요? 그럼 도와드릴 수 없겠네요, %pcf.[/record]
거리에서 평판이 좋으시더군요, %pcn. %key 에 대해서는 아는 게 없어서 미안하네요.[/end]"
7270,"물론이죠. %key 의 정체는 %hnt 입니다.[/record]
그건 %hnt 입니다.[/record]
알려드려도 괜찮을 것 같군요. %hnt 입니다.[/record]
%key 의 위치는 %hnt 에서 찾으실 수 있을 겁니다.[/record]
%hnt 쪽으로 가시는 게 좋을 겁니다.[/record]
오, 그건 %hnt 입니다.[/record]
음, %hnt 입니다.[/record]
%hnt 에서 찾으실 수 있을 겁니다. 다음번엔 정중하게 물어봐 주세요.[/record]
당신이 신경 쓸 일이라면, %hnt 에서 찾으실 수 있을 겁니다.[/end]"
7271,"음. 글쎄요, %hnt 의 방법을 시도해 보세요.[/record]
%hnt 의 이름으로 불리는 말씀드릴 수 있겠네요.[/record]
%hnt 쪽으로 가셔야 합니다.[/record]
%key 의 위치는 %hnt 어딘가에 있습니다.[/record]
북쪽으로 가세요... 아니, 동쪽... 아니, %hnt 입니다.[/record]
그건 쉽죠, %pcf. %hnt 입니다.[/record]
마지막으로 확인했을 때는 %hnt 였습니다.[/record]
물론 도와드려야죠. 그냥 %hnt 쪽으로 가세요.[/record]
정말 쉬워요. %hnt 쪽으로 가시면 됩니다.[/record]
가장 좋은 방법은 %hnt 쪽으로 가는 겁니다.[/record]
당신이 해야 할 일은 %hnt 쪽으로 가는 겁니다.[/record]
제대로 된 사람에게 물어보셨군요. %hnt 에서 찾아보세요.[/record]
간단해요. %hnt 에서 찾으실 수 있을 겁니다.[/record]
그건 %hnt 입니다.[/record]
%hnt 에서 찾으실 수 있을 겁니다.[/end]"
7272,"우리 지도에 따르면 %key 의 정체는 %hnt 입니다.[/record]
흠. %key 의 정체는 %hnt 의 이름으로 불리는 지시받았던 기억이 나는군요.[/record]
%pcn 인가요? %key 의 정체가 %hnt 관련 사실을 밝히는 건 어렵지 않죠.[/record]
방향 감각이 없으신가요, %pcf? %hnt 의 방법을 시도해 보세요.[/record]
%hnt 쪽으로 가세요.[/end]"
7273,"친애하는 친구여, %hnt 의 방법을 시도해 보세요.[/record]
하층민들은 길을 너무 쉽게 잃더군요. %hnt 쪽으로 가세요.[/record]
어디 보자, 궁전은 저쪽에 있고... %key 의 정체는 %hnt 입니다.[/record]
제 개인 서기가 %key 의 정체는 %hnt 의 이름으로 불리는 확언하더군요.[/record]
%hnt 의 방법을 시도해 보세요. 제 마차 운전사가 그렇게 가거든요.[/end]"
7274,"%key 쪽으로 가는 골목길 지름길을 알아요. %hnt 시도를 권합니다.[/record]
당신은 괜찮은 %ra 군요. %hnt 쪽으로 가세요.[/record]
%key 근처에서 금을 좀 챙겼죠. %hnt 쪽으로 가세요.[/record]
어제 거기서 누군가를 찔렀어요. %hnt 입니다.[/record]
%key 요? 동전 좀 챙기시려고요? 아니라고요? 음, %hnt 입니다.[/end]"
7275,"오, 호! %hnt[/record]
%fn 께서 저에게 이렇게 말했죠. %hnt[/record]
당신은 좋은 사람이군요, %pcf. %hnt[/record]
%hnt[/record]
모두가 이 이야기는 들어봤을 겁니다. %hnt2[/record]
%hnt[/record]
제가 아는 건 이게 전부입니다. %hnt[/record]
그건 도와드릴 수 있어요. %hnt2[/record]
오, 그건 쉬워요. %hnt[/record]
아, %key. %hnt[/record]
음, 마치 이미 알고 계신 것처럼 말이죠. %hnt[/record]
꼭 알아야겠다면, 알려드리죠. %hnt[/record]
당신이 알 바 아니라고 생각하는데요. %hnt[/end]"
7276,"사람들이 이렇게 말하더군요. %hnt[/record]
참 좋은 이야기죠. %hnt[/record]
%hnt[/record]
남의 뒷담화나 하는 사람으로 보이고 싶진 않지만... %hnt[/record]
누가 생각이나 했겠어요. %hnt[/record]
%hnt 더 알려드릴 수 있으면 좋을 텐데요.[/record]
%hnt 유감스럽지만 제가 아는 건 여기까지입니다.[/record]
오, 네. %hnt[/record]
%hnt 하지만 이미 알고 계실지도 모르겠네요.[/record]
뭐라고요? %hnt 제가 아는 건 여기까지입니다.[/record]
음, 아마 이미 알고 계실지도 모르겠네요. %hnt[/end]"
7277,"고서들에 아주 구체적으로 나와 있습니다. %hnt[/record]
제 점술은 거의 틀리지 않죠. %hnt[/record]
일부 출처는 의견이 다르지만, 저는 확신합니다. %hnt2[/record]
해로울 건 없다고 봅니다. %hnt2[/record]
저에게 물어보신 건 당신에게 이득입니다. 아는 사람이 거의 없거든요. %hnt2[/record]
%key 요? %hnt[/record]
%hnt 이미 알고 계실 텐데요.[/record]
%hnt2 제가 알려드릴 수 있는 최선이라고 생각합니다.[/record]
%hnt 하지만 모두가 아는 사실이죠.[/record]
%hnt[/record]
%hnt 지금 그 이야기를 하시는 건가요?[/end]"
7278,"친애하는 %pcf. %hnt 모르셨나요?[/record]
궁정 내의 이야기는 참 재미있죠. %hnt[/record]
제 첩자들이 이 일에 대해 말해주더군요. %hnt2[/record]
%hnt[/record]
제 정보원은 흠잡을 데가 없습니다. %hnt2[/record]
%hnt 더 많은 내용이 있을지도 모르죠.[/record]
%hnt 다른 사람이 전체 이야기를 알고 있을지도 모릅니다.[/end]"
7279,"%hnt 적어도 거리의 소문은 그렇습니다.[/record]
%oth. 모르시나요? %hnt[/record]
진짜 이야기는 이겁니다. %hnt2[/record]
어떤 녀석한테 이 정보를 억지로 캐냈죠. %hnt2[/record]
저한테는 연락책이 있거든요. %hnt2[/record]
제가 물어볼 만한 적임자는 아니군요. %hnt 제가 아는 건 여기까지입니다.[/record]
다른 사람에게 물어보세요, %pcf. %hnt. 누구나 말해줄 수 있는 내용이죠.[/end]"
7280,"%pcn! 도와드릴 수 있다면 좋을 텐데. %key 에 대해서는 정말 아는 게 하나도 없어요.[/record]
당신 %pcf 의 뜻을 위해서라면 언더킹의 속옷이라도 팔겠지만, 용서하세요. 정말 모르겠네요.[/record]
이런 말씀을 드리는 게 괴롭지만, 특히 당신에게는 더더욱, 단서조차 없네요.[/record]
저를 원망하지 마세요, 답을 가지고 있지 않거든요.[/record]
당신이 우리 %pcf 의 뜻을 위해 해준 일을 생각하면 %key 에 대해 알려드리고 싶지만, 모르겠네요.[/end]"
7281,"%hnr, 제가 알았다면 확실히 알려드렸을 텐데요.[/record]
저를 의지할 수 있다는 건 아시죠, %pcf. 하지만 %key 에 관해서는 정말 모르겠네요.[/record]
%hnr 에 대해서는 모르겠어요. 저를 나쁘게 생각하지 마세요.[/record]
%key 에 대해 알 수만 있다면 무엇이든 하겠어요. 미안해요, %hnr.[/record]
%oth. 이렇게 간단한 질문인데 제가 모르다니. 용서를 빕니다, %hnr.[/end]"
7282,"충성스러운 후원자여, %key 에 대해 무지함을 인정하는 것이 슬프군요.[/record]
저는 정보의 샘입니다, %pcf. 안타깝게도 %key 에 대한 데이터는 전혀 없네요.[/record]
제가 할 수 있다면 답해드렸을 거라는 건 아시겠죠. %key 의 정체는 저에게 수수께끼입니다.[/record]
당신은 저의 충성스러운 동지이지만, 이 고서들 중 어디에도 %key 에 대한 언급은 없군요.[/record]
당신은 제가 깊이 신뢰하는 동맹이지만, 저도 답을 모르겠네요.[/end]"
7283,"저에 대한 당신의 충성심은 나무랄 데 없지만, %key 에 대해서는 정말 모르겠네요.[/record]
저의 가장 충성스러운 지지자 중 한 분으로서, 답을 알기만 했다면 알려드렸을 겁니다.[/record]
%key 요? 전혀 모르겠네요, 친애하는 %pcf.[/record]
%key 에 대해 들은 적은 있는데, 내용을 잊어버렸네요.[/record]
당신을 전적으로 신뢰하기에, 제가 모른다고 말씀드리는 걸 이해해 주시길 바랍니다.[/end]"
7284,"당신은 저에게 형제 같은 분입니다, %pcf. 하지만 모르는 걸 알려드릴 수는 없죠.[/record]
%key 요? %key 에 대해 들어본 적 없어요.[/record]
이봐요, 골목길에서라면 당신에게 제 등을 맡길 수도 있지만, %key 에 대해서는 아는 게 없네요. 당신은 저를 밀고한 적이 없죠, %pcf. 하지만 모르는 건 모르는 겁니다.[/record]
%key 에 대해 들어본 적 있는 것 같은데... 아니네요. 당신에게라면 거의 무엇이든 말해줄 거라는 거 아시죠, 하지만 기억이 안 나네요.[/end]"
7285,"%hnr %pcf 의 뜻을 위해서라면 무엇이든 하죠. %hnt 입니다.[/record]
기꺼이, %hnr. %hnt 쪽으로 가세요.[/record]
영광입니다. %hnt 시도를 권합니다.[/record]
직접 데려다드리고 싶지만, 여기서 해야 할 일이 있네요. %hnt 입니다.[/record]
%hnr %pcf 의 조력을 구하는 건 제 하루의 햇살과 같죠. %hnt 쪽으로 가세요.[/record]
잠시만요. %hnt 입니다.[/record]
%hnt 의 행방을 찾아보시는 게 좋을 겁니다.[/end]"
7286,"네, %hnr. 기꺼이요. %hnt 쪽으로 가세요.[/record]
존경하는 %pcn 의 뜻을 위해, %hnt 쪽으로 가세요.[/record]
당신은 항상 저와 제 사람들을 위해 잘해주셨죠, %hnr %pcf. %hnt 입니다.[/record]
당신에게 호의를 베푸는 건 즐거운 일이죠, %pcf. %hnt 시도를 권합니다.[/record]
제 기쁨입니다, %hnr %pcf. %hnt 입니다.[/record]
%key %hnt 에서 찾으실 수 있을 겁니다.[/record]
네, 그 위치는 알고 있습니다. %hnt 입니다.[/record]
잠시 생각 좀 해보고요... %key 의 정체는 %hnt 입니다.[/record]
알겠습니다... %key 의 정체는 %hnt 입니다.[/end]"
7287,"기꺼이 해드리겠습니다. %hnt 입니다.[/record]
당신을 위해서라면 당연하죠. %hnt 쪽으로 가보세요.[/record]
아주 간단한 일입니다. %hnt 시도를 권합니다.[/record]
기쁜 마음으로 %hnr 하겠습니다. %hnt 입니다.[/record]
사소한 부탁이군요. %hnt 쪽으로 가보세요.[/end]"
7288,"당신의 충성심을 생각하면 당연히 해드려야죠. %hnt 입니다.[/record]
충성스러운 신하를 위해 이 정도는 해야죠. %hnt 쪽으로 가보세요.[/record]
식은 죽 먹기입니다. %hnt 시도를 권합니다.[/record]
당신은 항상 저를 도와주었으니, 이제 보답할 차례군요. %hnt 입니다.[/record]
물론이죠. 우리가 항상 친구 사이가 아니었습니까? %hnt 쪽으로 가보세요.[/record]
.[/end]"
7289,"두 번 말할 필요도 없지. %hnt 개체가야.[/record]
너를 위해서라면? 문제없어. %hnt 쪽으로 가봐.[/record]
잘 알려진 건 아니지만, %hnt 개체를 시도해봐.[/record]
이걸 안 하면 네 목을 그어야 할 테니까(윙크하며 낄낄거림), %hnt 개체가야.[/record]
%hnt 쪽으로 가봐. 등 뒤를 조심하고. %pcf[/end]"
7290,"당신을 믿습니다. %hnt[/record]
대부분의 사람들은 이미 알고 있는 사실입니다. %hnt[/record]
사실 이런 말을 하면 안 되는데 말이죠. %hnt2[/record]
%hnt2 당신이라면 올바른 일을 하리라 믿습니다. %pcf[/record]
이런 이야기를 할 수 있는 몇 안 되는 사람이 바로 당신입니다. %hnt2[/record]
사실, 제가 아는 정보가 하나 있습니다. %hnt2[/record]
제대로 된 사람에게 물어보셨군요. %hnt2[/end]"
7291,"실례지만 %hnr %pcf, 대부분의 사람들은 이미 알고 있는 내용입니다. %hnt[/record]
언제나 당신을 돕게 되어 기쁩니다, %pcf. %hnt[/record]
제 사촌이 말해주더군요. %hnt[/record]
이런저런 이야기를 들었습니다. %hnt2 도움이 될까요?[/record]
당신을 위해 이 정보를 아껴두고 있었습니다 %hnr %pcf. %hnt2[/record]
당신이 이미 무엇을 알고 있는지 확실치 않군요. %hnt[/record]
음, 아마 이미 알고 계실지도 모르겠네요. %hnt[/end]"
7292,"%hnt %hnt 의 이름으로 불리는 것은 상식입니다.[/record]
비밀이지만, 제 연구 결과는 이렇습니다. %hnt2[/record]
신뢰는 신뢰를 낳는 법이죠. %hnt2[/record]
제 점괘가 많은 것을 알려주었습니다. %hnt2[/record]
개인적인 점술로 많은 것을 보았습니다. %hnt2[/record]
아, 그렇군요. 모두가 아는 사실은 아니죠. %hnt2[/record]
이 사실을 알면 흥미로울 겁니다. %hnt[/record]
음... %hnt. 도움이 될까요?[/record]
더 알고 싶으신가요? %hnt2 그렇겠죠.[/end]"
7293,"%t 에 대한 당신의 충성심은 보상을 받을 것입니다. %hnt[/record]
당신은 항상 저에게 충성스러웠습니다. %hnt[/record]
저에게 물어본 건 행운이군요. 궁정 가십에는 이점이 많으니까요. %hnt2[/record]
언제나 당신을 돕게 되어 기쁩니다 %pcf. %hnt2[/record]
당신의 충실한 봉사는 제가 정보를 알려줄 충분한 이유가 됩니다. %hnt2[/end]"
7294,"저를 항상 믿으셔도 좋습니다, %pcf. %hnt[/record]
당신이 제 칼을 갈아주었으니, 이제 제가 당신의 칼을 갈아드릴 차례군요. %hnt2[/record]
술친구를 위해서라면 당연하죠. %hnt2[/record]
. %hnt2 적어도 도둑 길드에서는 그렇게 말하더군요.[/record]
%hnt2 다크 브라더후드에 온통 그 소문뿐입니다.[/end]"
7332,"... 잠시 당신의 지도에 %loc 의 위치를 표시해두겠습니다.[/record]
... 제가 %loc 의 위치를 지도에 표시해두는 게 가장 쉽겠군요.[/record]
... 잠깐만요, 지도에 %loc 의 위치를 보여드리겠습니다.[/record]
... 바로 여기입니다. 지도에서 %loc 의 위치를 보실 수 있습니다.[/record]
아주 가까운 곳입니다. 여기, 지도에 %loc 의 위치를 표시해드리죠.[/record]
지독하게 가까운 곳이군요. 지도에 %loc 의 위치를 표시하는 게 좋겠어요.[/record]
바로 저기입니다(지도상의 %loc 의 위치를 가리킴).[/end]"
7333,"여기서 %di [/record].
우리가 서 있는 곳에서 %di [/record].
저쪽 방향으로, 그냥 %di 쪽으로 계속 가세요.[/record]
저쪽 방향으로, %di [/record].
여기서 %di 떨어진 곳입니다.[/record]
%di 쪽으로 그리 멀지 않으니, 걷는 게 괜찮으시다면 가보세요.[/record]
여기서 %di, 제가 틀리지 않았다면 말이죠.[/record]
여기서 %di, 제 생각엔 그렇습니다.[/record]
%di, 조금 걸으셔야 할 겁니다.[/end]"
7700,Start inserting action type 99 here... (do not translate)[/end]
7701,"지루해 보이는 경비병이 말합니다. ""성 직원과 신뢰받는 손님만 저 문을 통과할 수 있다.""[/center]
[/center]
[/end]"
7702,"지루해 보이는 경비병이 말합니다. ""성 직원과 신뢰받는 손님만 저 문을 통과할 수 있다.""[/center]
[/center]
[/end]"
7703,"지루해 보이는 경비병이 말합니다. ""성 직원과 신뢰받는 손님만 저 문을 통과할 수 있다.""[/center]
[/center]
[/end]"
7704,"지루해 보이는 경비병이 말합니다. ""성 직원과 신뢰받는 손님만 저 문을 통과할 수 있다.""[/center]
[/center]
[/end]"
7705,"지루해 보이는 경비병이 말합니다. ""성 직원과 신뢰받는 손님만 저 문을 통과할 수 있다.""[/center]
[/center]
[/end]"
7717,"홀 뒤편에서 강하고 오크식 목소리가 으르렁거립니다. ""들어오는 자는 모두 무력 시험을 거쳐야 한다.""[/end]"
7764,"문 아래로 주문을 외는 소리와 기이하고 이질적인 소음이 새어 나옵니다. 유황과[/left]
해로운 물약 냄새가 코를 찌릅니다.[/left]
[/left]
[/end]"
7765,"문 너머에는 작은 곤충의 지저귐조차 없는 부자연스러운 침묵이 감돕니다.[/left]
Popudax가 말하는 소리가 들립니다. 우리 창고는[/left]
내가 신뢰하는 사람들에게만 개방된다.[/left]
[/left]
[/end]"
7766,"문 손잡이 위의 작은 문장 장식이[/left]
이곳이 왕족의 개인 침실임을 분명히 나타냅니다.[/left]
[/left]
[/end]"
7767,"문 뒤에서 대담하고 거친 남성들의 목소리가 울려 퍼집니다.[/left]
갑옷을 입은 남자들이 움직이는 듯한 희미한 금속 부딪히는 소리가 들립니다.[/left]
[/left]
[/end]"
7768,"문 너머로 금속이 금속에 부딪히는 규칙적인 소리가 울립니다. 문 자체가[/left]
손을 대면 약간 따뜻합니다.[/left]
[/left]
[/end]"
7769,"경비병이 말을 겁니다. ""조심하게, 종자여.[/left]
저 문은 지하 감옥으로 통하네. 허가받은 자들만 들어갈 수 있지.""[/left]
문 뒤에서 들려오는 희미한 울음소리와 낮고 불길한 으르렁거림이 등골을 오싹하게 만듭니다.[/left]
[/left]
[/left]
[/end]"
7770,"냄비와 팬이 부딪히는 소리와 갓 구운 빵 냄새가[/left]
이 문을 통해 흘러나옵니다.[/left]
[/end]"
8050,"당신, %pcn 의 경우[/center]
범죄 혐의를 받고 있습니다.%cri 만약 무죄를 주장하고[/center]
유죄 판결을 받게 되면,[/center]
처벌을 받게 될 것입니다.%pen 유죄를 인정하면[/center]
법원의 자비를 구할 수 있으며 당신의[/center]
형량은 훨씬 가벼워질 것입니다. 어떻게 하시겠습니까?[/center]
[/end]"
8052,"당신은 충분한 금을 가지고 있지 않습니다, %pcn. 당신은[/center]
추가로 %pdg 일 동안 감옥에 수감될 것입니다.[/center]
[/end]"
8053,"%dip 일 동안 기다리시겠습니까?[/center]
석방되는 날까지 말입니다.[/center]
[/end]"
8055,"당신은 유죄 판결을 받았으며,[/center]
%dip 일 동안 감옥에 수감될 것입니다. 오늘부터 시작입니다.[/center]
[/end]"
8057,"당신은 유죄 판결을 받았으며,[/center]
즉시 %gtp 금화를 벌금으로 납부해야 합니다.[/center]
[/end]"
8058,"당신은 유죄 판결을 받았으며,[/center]
%gtp 금화를 벌금으로 납부해야 합니다. 추가로, 당신은[/center]
%dip 일 동안 감옥에서 복역해야 합니다. 이상입니다.[/center]
[/end]"
8060,"%pcn, 당신은 %cn 의 사람들에 대한 범죄로 처형될 것입니다.[/center]
당신은 %prn 에 봉인되어[/center]
그 안의 악마들과 마주하게 될 것이며, 절대 풀려나지 못할 것입니다.[/center]
[/center]
[/end]"
8062,"%pcn, 이 법정은 당신에게 무죄를 선고합니다.[/center]
이제 자유롭게 떠나셔도 좋습니다.[/center]
[/end]"
8063,"%pcn, 이 법정은 당신에게 유죄를 선고하며,[/center]
당신의 범죄에 대한 대가로 %cn 에서 추방될 것입니다.[/center]
다시는 돌아오지 마십시오.[/center]
[/end]"
8064,"어떻게[/center]
에게 당신의 결백을 설득하시겠습니까?[/center]
[/end]"
8075,"당신 같은 %ra 에게 줄 일은 생각나지 않는군요.[/record]
왜 탐리엘에서 당신 같은 %ra 에게 일자리를 주겠습니까?[/record]
차라리 구두 수선 같은 기술을 배우는 게 어떨까요?[/record]
일자리요? 시간을 보낼 다른 일을 찾아보는 게 좋을 겁니다.[/record]
아, 술꾼들의 저주군요. 도와드릴 수 없습니다.[/record]
실업자라고요? 당분간은 계속 그렇게 지내겠군요.[/record]
일자리에 대해 들은 바가 전혀 없습니다.[/record]
실제로 일하고 싶어 하는 %ra 의 존재라니! 놀랍군요.[/record]
다른 지역을 알아보는 게 좋을 겁니다.[/record]
안타깝게도 일자리에 대해 아는 바가 없습니다.[/record]
...에게 확인해보는 게 어떨까요? 아, 딱히 생각나는 사람이 없군요.[/end]"
8076,"%pqn 에게 일거리가 있을지도 모릅니다. %pqp 에서 %g2|를 찾을 수 있을 겁니다.[/record]
%pqn 에게 확인해보세요. %g 는 보통 %pqp 에서 일거리를 찾습니다.[/record]
보수가 얼마인지는 모르겠지만, %pqn 개체가 %pqp 에서 할 일을 가지고 있습니다.[/record]
%pqn 개체가 당신 같은 사람을 찾아달라고 부탁했습니다. %pqp 에서 %g2|를 찾아보세요.[/record]
%pqn 개체가 해야 할 이 일에 당신이 딱 맞을 겁니다. %pqp 에서 %g2|를 찾으실 수 있습니다.[/record]
%pqp 개체가 당신이 가야 할 곳입니다. %pqn 의 이름으로 불리는 사람을 찾아보세요.[/end]"
8077,"당신은 %pqn 의 기도에 대한 응답이 될 것입니다. %pqp 에서 %g2|를 찾을 수 있습니다.[/record]
%pqp 쪽으로 가서 %pqn 의 행방을 찾아보세요. 당신은 %g3 의 일에 완벽할 겁니다.[/record]
저한테 들은 건 아니라고 하세요. %pqp 에서 %pqn 의 이름으로 불리는 사람을 찾아보세요.[/record]
%pqn 의 행방을 확인하면 %pqp 에서 당신에게 시킬 일을 가지고 있을지도 모릅니다.[/record]
사실, %pqn 의 요청으로 실업자 용병들을 %pqp 쪽으로 보내달라고 부탁받았습니다.[/record]
%pqp 에 있는 %pqn 에게 확인해보는 게 좋을 겁니다.[/record]
퀘스트를 말씀하시는 건가요? %pqn 에게 확인해보세요. %g 는 보통 %pqp 에 있습니다.[/record]
이렇게 하세요. %pqp 의 이름으로 불리는 곳으로 가서 %pqn 의 행방을 물어보세요.[/end]"
8078,"일자리가 전혀 없습니다.[/record]
요즘은 모두가 일자리를 찾고 있는 것 같군요.[/record]
실업자로 지내기엔 좋지 않은 시기인 것 같습니다.[/end]"
8100,"%n 의 은신처[/record]
%n 의 전당[/record]
%n 의 수용소[/record]
%n 의 동굴[/record]
%n 의 동굴[/record]
%n 의 구멍[/record]
%n 의 소굴[/record]
%n 의 구덩이[/record]
%n 의 구덩이[/record]
%n 의 감옥[/record]
%n 의 감옥[/record]
%n 의 우리[/record]
%n 의 지하 감옥[/record]
%n 의 지하 감옥[/record]
%n 의 요새[/record]
%n 의 요새[/record]
%n 의 광산[/record]
%n 의 동굴[/record]
%n 의 동굴[/end]"
8200,"%vn 의 금고[/record]
%vn 의 지하 묘지[/record]
%vn 의 무덤[/record]
%vn 의 무덤[/record]
%vn 의 무덤[/record]
%vn 의 영묘[/record]
%vn 의 납골당[/record]
%vn 의 고분[/record]
%vn 의 고분[/record]
%vn 의 돌무지[/record]
%vn 의 마스타바[/end]"
8201,%on[/end]
8202,"%mn 의 요새[/record]
%mn 성[/record]
%mn 성[/record]
%mn 의 요새[/record]
%mn 의 요새[/record]
%mn 의 요새[/record]
%mn 의 성채[/record]
%mn 탑[/record]
%mn 탑[/record]
%mn 의 탑[/record]
%mn 의 경비대[/record]
%mn 홀[/end]"
8203,"%mn 의 지하 감옥[/record]
%mn 의 감옥[/record]
%mn 감옥[/record]
%mn 의 감옥[/record]
%mn 의 감옥[/record]
%mn 의 교도소[/record]
%mn 교화소[/record]
%mn 교정 시설[/record]
%mn 수용소[/record]
%mn 의 수용소[/end]"
8204,"%dn 의 신전[/record]
%dn 대성당[/record]
%dn 수도원[/record]
%dn 의 수도원[/record]
%dn 민스터[/record]
%dn 의 수도원[/record]
%dn 저택[/record]
%dn 사제관[/record]
%dn 의 수녀원[/record]
%dn 회랑[/record]
%dn 의 수도원[/record]
%dn 의 성소[/record]
%dn 성소[/record]
%dn 은둔처[/record]
%dn 의 은둔처[/end]"
8205,"%mn 의 광산[/record]
%mn 광산[/record]
%mn 광맥[/record]
%mn 구덩이[/record]
%mn 채석장[/record]
%mn 의 채석장[/record]
%mn 발굴지[/record]
%mn 터널[/record]
%mn 발굴 현장[/end]"
8206,"%dn 동굴[/record]
%dn 동굴[/record]
%dn 의 동굴[/record]
%dn 의 동굴[/record]
%dn 의 석회암 동굴[/record]
%dn 석회암 동굴[/record]
%dn 의 은신처[/record]
%dn 의 구멍[/record]
%dn 구멍[/record]
%dn 골짜기[/record]
%dn 의 구덩이[/record]
%dn 의 소굴[/end]"
8207,"%fn 마녀회[/record]
%fn 의 마녀회[/record]
%fn 의 숭배 집단[/record]
%fn 숭배 집단[/record]
%fn 의 결사[/record]
%fn 결사[/record]
%fn 전통[/record]
%fn 의 테네브리움[/end]"
8208,"%vn 의 소굴[/record]
%vn 의 집[/record]
%vn 성[/record]
%vn 홀[/record]
%vn 의 소굴[/record]
%vn 의 집[/record]
%vn 성[/record]
%vn 홀[/record]
%vn 의 소굴[/record]
%vn 의 집[/record]
%vn 성[/record]
%vn 홀[/record]
%vn 마구간[/end]"
8209,"%mn 실험실[/record]
%mn 실험실[/record]
%mn 실험실[/record]
%mn 의 실험실[/record]
%mn 아카데미[/record]
%mn 의 학파[/end]"
8210,"%on 의 둥지[/record]
%on 의 둥지[/record]
%on 둥지[/record]
%on 둥지[/record]
%on 마구간[/record]
%on 둥지[/record]
%on 닭장[/record]
%on 의 횃대[/record]
%on 의 조류 사육장[/record]
%on 의 횃대[/record]
%on 의 조류 사육장[/record]
%on 조류 사육장[/record]
%on 조류 사육장[/end]"
8211,"%ln 성[/record]
%ln 의 성[/record]
%ln 의 요새[/record]
%ln 의 요새[/record]
%ln 의 요새[/record]
%ln 의 성채[/record]
%ln 탑[/record]
%ln 의 탑[/record]
%ln 의 경비대[/record]
%ln 홀[/record]
%ln 의 집[/record]
%ln 유적[/record]
%ln 잔해[/end]"
8212,"%on 의 둥지[/record]
%on 의 둥지[/record]
%on 둥지[/record]
%on 의 거미줄[/record]
%on 의 거미줄[/record]
%on 의 거미줄[/record]
%on 의 거미줄[/record]
%on 거미줄[/record]
%on 거미줄[/record]
%on 의 은신처[/record]
%on 은신처[/end]"
8213,%on[/end]
8214,"%dn 의 소굴[/record]
%mn 의 은신처[/record]
%mn 의 소굴[/record]
%mn 의 방[/end]"
8215,"%fn 의 모임[/record]
%fn 의 집회[/record]
%fn 집회[/record]
%fn 의 소집[/record]
%fn 평의회[/record]
%fn 의 콘클라베[/record]
%fn 수렴[/record]
%fn 의 공동체[/record]
%fn 의 서클[/record]
%fn 서클[/end]"
8350,"오늘 %cn 의 사람들은[/center]
새해를 기념하여 새 삶의 축제를 열고 있습니다.[/center]
황제는 새 삶의 연설에서 또다시 세금[/center]
인상을 명령했고, 이에 대한 불평이[/center]
많습니다. 하지만 재정적인[/center]
어려움에도 불구하고, %ct 내 모든 선술집에서 무료 맥주를 제공하는[/center]
새 삶의 축제 전통은 계속되고 있습니다.[/center]
%cn 의 사람들은 확실히 어떻게[/center]
축제를 즐겨야 하는지 알고 있군요...[/center]
[/end]"
8351,"청소의 날은 새 삶의 축제 다음 날 하이 락의 대부분 마을에서 열리는 축제입니다. 한때는[/center]
새 삶의 축제 이후를 정리하는 날이었지만, 지금은 그 자체로 파티가 되었습니다.[/center]
[/center]
[/center]
[/end]"
8352,"Ovank'a는 알리크르 사막의 사람들이 온화하고[/center]
자비로운 한 해를 기원하며 스텐다르에게 기도를 올리는 날입니다. 매우 신성하게 여겨집니다.[/center]
[/center]
[/end]"
8353,"새벽별의 달 15일은[/center]
%cn 에서 매우 중요하게 여겨지는 휴일로,[/center]
이곳에서는 이를 남풍의 기도라 부릅니다. 이는 탐리엘의 모든 종교가[/center]
좋은 파종기를 기원하는 의식입니다. 탐리엘에 알려진 온갖 질병에 시달리는 시민들이[/center]
%ct 의 사원으로 몰려드는데, 이는 성직자들이 이날 무료로 치유를[/center]
행한다고 알려져 있기 때문입니다.[/center]
이 서비스의 가치를 인정받는 이는 극소수에 불과하지만,[/center]
사원의 평소 가격을 감당할 수 있는 사람도 거의 없습니다...[/center]
[/center]
[/end]"
8354,"빛의 날은 일리악 만의 해머펠 대부분 마을에서 성일로 기념됩니다.[/center]
농사와 어업이 풍요로운 한 해가 되기를 기원하며, 매우 진지하게[/center]
받아들여집니다.[/center]
[/center]
[/end]"
8355,"예오스 버로우랜드 사람들은 아주 오래전, 길고 추운 겨울이 지난 후[/center]
자연의 정령들을 깨우기 위해 각성의 날을 만들었습니다.[/center]
이날은 겨울의 끝을 알리는 일종의 광란적인 축제로 발전했습니다.[/center]
[/center]
[/end]"
8356,"미친 펠라기우스는 하이 락의 사소하고 작은 전통으로, 최근 역사상 가장[/center]
미친 황제 중 한 명인 펠라기우스 셉팀 2세를 조롱 섞인 방식으로 추모합니다.[/center]
그는 약 350년 전에 사망했기에, 이후의 셉팀가 사람들은 이를[/center]
유머러스하게 받아들여 왔습니다.[/center]
[/center]
[/end]"
8357,"드윈넨 사람들은 오스로크타이드를 기념하기 위해 성대한 파티를 엽니다.[/center]
이날은 오스로크 남작이 와이트무어 전투에서[/center]
이곳을 점령했던 언데드 군대로부터 드윈넨을 되찾은 날입니다.[/center]
[/center]
[/end]"
8358,"글렌움브라 황야 사람들은 제1시대에 있었던 디레니와[/center]
알레시아군 사이의 전투를 기억하거나 신경 쓰는 유일한 사람들일지도 모릅니다.[/center]
그들은 해방의 날에 이 전투를 열렬히 기념합니다.[/center]
[/center]
[/end]"
8359,"오늘은 서리내림의 달 16일로, 탐리엘 전역에서 마음의 날로 기념하는 휴일입니다.[/center]
모든 가정에서 연인들의 전설이 젊은 세대를 위해 불리고 있는 듯합니다.[/center]
이 연인들인 폴리도르와 엘로이사를 기리며,[/center]
%ct 의 여관들은 방문객에게[/center]
무료 객실을 제공합니다. 만약 연인들에게 이러한 친절이[/center]
베풀어졌더라면, 세상은 언제나 봄이었을 것이라 전해집니다.[/center]
[/center]
[/center]
[/end]"
8360,"인내의 날은 이칼론에서 꽤 성대한 파티입니다.[/center]
원래는 카모란 찬탈자에 저항하다 전사한 이들을 기리는 엄숙한 추모일이었으나,[/center]
지금은 떠들썩한 축제가 되었습니다.[/center]
[/center]
[/end]"
8361,"반타의 마을들은 아두로스 나우에 봄물결과 함께 찾아오는 본능적인 욕구를 기념합니다.[/center]
전통은 마을마다 다르지만,[/center]
그중 어느 것도 지나치게 고결한 사람들을 위한 것은 아닙니다.[/center]
[/center]
[/end]"
8362,"매년 첫 씨앗의 달 7일이면 %cn[/center]
의 사람들은[/center]
첫 파종일을 기념하며 가을 수확을 위해 상징적으로 씨앗을 뿌립니다.[/center]
이는 작물뿐만 아니라[/center]
%ct 의 남녀 모두에게 새로운 시작을 의미하는 축제입니다.[/center]
이웃 간의 분쟁은 화해하고, 결심을 다지며, 나쁜 습관을 버리고, 병든 자는 치유받습니다.[/center]
사원의 성직자들은 하루 종일 무료 진료소를 운영하여[/center]
사람들의 중독, 각종 질병, 마비,[/center]
그리고 탐리엘 세계에서 발견되는 다른 재앙들을 치료해 줍니다.[/center]
[/center]
[/end]"
8363,"기다림의 날은 드래곤테일 산맥의 특정 정착지들 사이에서 아주 오래된 성일입니다.[/center]
매년 이때가 되면 사막에서 드래곤이 나타나 사악한 자들을 잡아먹는다고 하여,[/center]
모두가 집 안으로 몸을 숨깁니다.[/center]
[/center]
[/center]
[/end]"
8364,"꽃의 날은 하이 락의 또 다른 들뜬 축제 중 하나입니다.[/center]
아이들은 봄의 새 꽃을 꺾고,[/center]
겨우내 갇혀 지내던 브레튼 노인들은 춤과 노래로 계절을 맞이하러 나옵니다.[/center]
[/center]
[/end]"
8365,"검날 축제 동안 알리크르 사막 사람들은[/center]
거인 고블린 종족을 상대로 승리한 최초의 레드가드를 기념합니다.[/center]
대부분의 학자들은 이 이야기를 신화로 여기지만,[/center]
사막에서는 여전히 매우 인기 있는 휴일입니다.[/center]
[/center]
[/end]"
8366,"봄물결에 타마릴린 곶 사람들은[/center]
꽃의 고대 여신인 드루아가를 기리는 축제를 엽니다.[/center]
여신에 대한 숭배는 거의 사라졌지만,[/center]
축제는 언제나 큰 성공을 거둡니다.[/center]
[/end]"
8367,"망자의 날은 대거폴의 다소 기이한 휴일 중 하나입니다.[/center]
미신을 믿는 이들은 이날 죽은 자들이 살아나 산 자들에게 복수한다고 말합니다.[/center]
실제로 리산두스 왕의 유령이 3E 404년 망자의 날에[/center]
출몰하기 시작했다는 사실은 유명합니다.[/center]
[/center]
[/center]
[/end]"
8368,"해머펠의 해안가를 따라, 망자의 날에는 아무도 집 밖으로 나오지 않습니다.[/center]
수백 년 전 크나하텐 역병의 희생자들을 태우고 피난처를 거부당했던[/center]
진홍빛 배가 이날 돌아올 것이라고 전해지기 때문입니다.[/center]
[/center]
[/center]
[/end]"
8369,"오늘은 %cn %ct 의 광대의 날이니 주의하십시오.[/center]
마을 곳곳에서 장난이 준비되고 있습니다.[/center]
마치 마을 전체에 마법이라도 걸린 듯,[/center]
가장 엄격하고 위엄 있는 의원조차[/center]
자신의[/center]
에게 장난을 치려 할지도 모릅니다.[/center]
도둑 길드는 특히 소매치기를 찾는 사람들로 인해 %t 주목받게 됩니다.[/center]
[/center]
[/center]
[/end]"
8370,"둘째 파종일 축제가 이날 성대하게 열립니다.[/center]
이 휴일은 첫 파종일과 비슷한 전통을 가지고 있으며,[/center]
첫 파종의 상징적인 개선을 통해 영혼의 개선을 암시합니다.[/center]
사원의 무료 진료소는 올해 두 번째이자 마지막으로 문을 열어,[/center]
질병이나 고통으로 고생하는 이들에게 치료를 제공합니다.[/center]
이 시기에는 갈등이 아닌 평화가 강조되므로,[/center]
전투 부상은 정가로만 치료받을 수 있습니다.[/center]
[/center]
[/center]
[/end]"
8371,"마루크의 날은 스케핑턴 숲의 특정 공동체에서만 지켜집니다.[/center]
스케핑턴 숲 사람들은 고결한 예언자 마루크와 자신들을 비교하며,[/center]
유혹에 저항할 힘을 달라고 기도합니다.[/center]
[/center]
[/end]"
8372,"노스무어의 불꽃 축제는 하이 락에서 가장[/center]
많은 사람이 참석하는 기념일 중 하나입니다. 고대에는 마법과 군사력을[/center]
과시하는 거창한 행사로 시작되었으나, 지금은 꽤 성대한[/center]
축제로 자리 잡았습니다.[/center]
[/end]"
8373,"낚시의 날은 일리악 만의 풍요를 누리며 사는 브레튼[/center]
들에게 큰 축제입니다. 평소에는 그리 화려한 사람들이[/center]
아니지만, 낚시의 날만큼은 워낙 시끄럽게 떠들어대서[/center]
물고기들이 몇 주 동안이나 겁을 먹고 도망칠 정도입니다.[/center]
[/center]
[/end]"
8374,"일 년 중 가장 더운 시기에 아비본-고라에서 열리는 드리그 르짐브 축제는[/center]
태양신 다이베테를 기리는 환희의 장입니다. 학자들은 드리그 르짐브가 얼마나 오래[/center]
지속되었는지 알지 못하지만, 레드가드들이 제1시대에 이곳으로 이주해 올 때[/center]
이 축제를 함께 가져왔을 가능성이 있습니다.[/center]
[/center]
[/center]
[/end]"
8375,"오늘은 한해중의 달 16일, 전통적인 한해중 축제의 날입니다.[/center]
아마도 매년 전해지는 황제의 세금 인상 소식을 달래기 위해서인지,[/center]
사원들은 평소 권장하는 기부금의 절반만으로도 축복을%ct 내려줍니다.[/center]
이렇게 축복을 받은 많은 이들이 충분한 준비도 없이[/center]
던전에 들어갈 자신감을 얻곤 하기에, 이 즐거운 축제가 종종 패배와 비극의 날로[/center]
돌변하는 것으로 알려져 있습니다.[/center]
%lp[/center]
[/center]
[/center]
[/end]"
8376,"춤의 날은 대거폴의 유서 깊은 명절입니다.[/center]
누가 시작했는지는 불분명하지만, 제2시대에 붉은 왕 아트릭이 대중화했습니다.[/center]
이는 귀족부터 평민까지[/center]
대거폴의 모든 사람이 즐기는 성대하고 유쾌한 행사입니다.[/center]
[/center]
[/end]"
8377,"티베데타는 탐리엘식으로 ""타이버의 날""을 의미합니다.[/center]
알카이르 영지에서 가장 유명한 출신 인물을 성대한 파티로 기념하는 것은 놀라운 일이 아닙니다.[/center]
역사적으로 타이버 셉팀은 자신이 사랑했던 고향에 단 한 번도 돌아오지 않았습니다.[/center]
[/center]
[/center]
[/end]"
8378,"오늘날 알려진 세계의 알뜰 쇼핑객들이 모두 거리로 쏟아져 나왔는데,[/center]
그럴 만도 한 것이 해오름의 달 10일은 상인 길드 축제라 불리는 명절이기 때문입니다.[/center]
모든 시장과 장비 상점들이 가격을 최소 절반으로 내렸습니다.[/center]
오늘 유일하게 손님이 없는 곳은 마법사 길드인데,[/center]
그곳은 평소처럼 터무니없는 가격을 유지하고 있기 때문입니다. 마법 아이템이 필요한 대부분의[/center]
시민들은 가격이 좀 더 합리적인 두 달 뒤의 이야기와 밀랍의 날 축제를 기다리고 있습니다...[/center]
[/center]
[/center]
[/center]
[/center]
[/end]"
8379,"디바트 에텝트 기간 동안, 안티필로스의 사람들은[/center]
초기 레드가드 영웅 중 가장 위대한 인물 중 하나이자 헬 안세이의 프란다르의 아들인[/center]
디바트의 죽음을 애도합니다.[/center]
그의 업적에 대해서는 역사가들 사이에서 의문이 제기되기도 하지만, 안티필로스에 있는 그의 무덤은[/center]
거의 확실히 진품입니다.[/center]
[/center]
[/end]"
8380,"장비 구매를 계획하고 계신다면 내일까지 기다리셔야 할 겁니다.[/center]
서리의 날을 기념하여 모든 상점이 문을 닫기 때문입니다.[/center]
물론[/center]
의 사원, 주점, 마법사 길드는 여전히 정해진 시간에 문을 열지만,[/center]
대부분의 시민은 상업이나 기도가 아닌 휴식에 이 날을 바치기로 했습니다.[/center]
모두에게 편리한 방식은 아니지만, 상인 길드가 문을 여는 상점에 무거운 벌금을 부과하기[/center]
때문에 모두가 이를 따르고 있습니다.[/center]
%ct[/center]
[/center]
[/center]
[/end]"
8381,"알리크르 사막의 원주민들 외에는 일 년 중 가장 더운 날인 불타는 밤에 밖으로 나설[/center]
사람이 거의 없을 것입니다.[/center]
이 축제는 활기차지만, 그 의미는 고대에 묻혀 사라졌습니다.[/center]
[/center]
[/end]"
8382,"처녀 카트리카의 날에 아야소피아 사람들은[/center]
자신들의 카운티를 구한 전사를 기리며 일 년 중 가장 큰 파티를 엽니다.[/center]
[/center]
[/center]
[/end]"
8383,"쿠무 알레제리는 고대 레드가드어로 단순히 ""우리는 인정한다""는 뜻이며, 센티넬에서 수천 년 동안 이어져 온 전통입니다.[/center]
수확의 결과와 상관없이, 센티넬 사람들은 경건하게 신들에게 풍요를 감사드리고,[/center]
신들의 은총을 받을 자격이 있기를 기도합니다.[/center]
[/center]
[/center]
[/center]
[/record]"
8384,"반타 열대우림의 호랑이 축일은 풍성한 수확을 찬양하는 다른 명절들과 비슷합니다.[/center]
하지만 이는 성찰과 감사를 위한 엄숙한 행사가 아니라,[/center]
마을과 마을을 잇는 거대한 축제이자 잔치입니다.[/center]
[/center]
[/center]
[/end]"
8385,"안티클레어의 감사의 날은 안티클레어 사람들에게 풍성한 수확에 대해 감사하는 고대 명절입니다.[/center]
이 날은 안티클레어의 수호 여신인 마라에게 바쳐진 거룩하고 사색적인 날로 여겨집니다.[/center]
[/center]
[/center]
[/center]
[/end]"
8386,"오늘 열리는 수확의 끝만큼[/center]
의 정신을 불태우는 축제는 없을 것입니다.%cn 파종, 씨뿌리기,[/center]
추수 등 한 해의 농사일이 모두 끝났습니다. 이제는 수확의 결실을 축하하고 즐길 시간이며,[/center]
의 방문객들조차 농부들과 함께할 수 있습니다.[/center]
주점에서는 하루 종일 무료로 술을 제공하는데, 이는 다가올 겨울철 경제를 생각하면[/center]
사치스러운 일입니다.[/center]
굶주린 농장 일꾼들이 음식을 과하게 먹고 마을 광장에서 병이 나는 모습은 수확의 끝[/center]
축제에서 가장 흔히 볼 수 있는 풍경입니다.[/center]
%reg[/center]
[/center]
[/center]
[/center]
[/end]"
8387,"난롯불의 달 3일만큼 %cn 사람들을 갈라놓는 명절은 없습니다.[/center]
가장 나이가 많고 미신을 믿는 몇몇 사람들은 죽은 자의 악령이 몸에 들어올까 두려워[/center]
하루 종일 말을 하지 않습니다.[/center]
대부분의 시민은 이야기와 밀랍의 날이라 부르며 명절을 즐기지만, 가장 낙천적인 사람들조차[/center]
의 어두운 거리는 피합니다. 죽은 자들이 오늘 밤 거리를 배회한다는 것을 모두가 알기 때문입니다.[/center]
이날 완전히 번창하는 곳은 마법사 길드뿐입니다.[/center]
가장 오래된 마법 과학인 강령술을 기념하여, 모든 마법 아이템이 오늘 하루 반값에 판매됩니다.[/center]
%cn[/center]
[/center]
[/center]
[/center]
[/center]
[/end]"
8388,"로스가리안 산맥의 모든 마을과 단체는 쿠라트를 기념하는데,[/center]
이날은 가장 뛰어난 젊은 학자들이 다양한 사제단에 받아들여지는 날입니다.[/center]
성년이 된 자녀가 없는 사람들조차 성직자들의 지혜와 자비를 위해 기도하러 갑니다.[/center]
[/center]
[/center]
[/center]
[/end]"
8389,"리글라메타는 레인린에서 매년 난롯불의 달 12일에 레인린의 많은 축복을 기념하며 열립니다.[/center]
그레와즈를 주제로 한 연극이 열리는데, 이는 레인린의 데이드라 숭배자들이 신성모독의[/center]
죄로 하피로 변했던 사건을 다룹니다.[/center]
[/center]
[/center]
[/center]
[/end]"
8390,"베토니의 어린이날은 암울한 역사를 가진 축제입니다.[/center]
비록 기억하려는 사람은 거의 없지만, 어린이날이 어느 날 밤 뱀파이어들에게 집에서[/center]
납치되어 다시는 볼 수 없게 된 베토니의 수많은 아이들을 기리는 추모 행사로[/center]
시작되었다는 사실을 모두가 알고 있습니다.[/center]
이 사건은 백 년도 더 전에 일어났으며, 그 이후로 이 명절은 젊음을 기념하는 축제가 되었습니다.[/center]
[/center]
[/center]
[/center]
[/end]"
8391,"서리내림의 달 5일은 알리크르 사막 사람들에게 디리지 테레우르를 의미합니다.[/center]
이 날은 제1시대에 레드가드들을 해머펠로 이끈 정신적 지도자 프란다르 훈드를[/center]
기리는 성스러운 날입니다.[/center]
훈드의 원의 서에서 이야기를 읽으며, 이 지역의 사원들은 사람들로 가득 찹니다.[/center]
[/center]
[/center]
[/center]
[/end]"
8392,"오늘은 서리내림의 달 13일입니다. 탐리엘 전역에서 마법의 힘과 종교가 충돌하는[/center]
마녀들의 축제로 알려진 날이지요. 마법사 길드는[/center]
가장 바쁜 하루를 보냅니다. 무기와 아이템의 신비한 잠재력을 무료로[/center]
감정해주고 마법 주문도 평소 가격의 절반에 제공하기 때문입니다.[/center]
악마학자, 소환사, 라미아, 흑마법사, 그리고[/center]
마법학자들이 %cn 밖의 황야에서 만나며,[/center]
그곳에서 창조되거나 소환된 생물들은[/center]
오랜 세월 동안 탐리엘을 괴롭힐지도 모릅니다. 현명한 이들은 대부분 이 밤에[/center]
돌아다니지 않기로 합니다.[/center]
[/center]
[/center]
[/end]"
8393,"제1시대 121년 서리내림의 달 23일, 킨티라 셉팀 2세 여제는[/center]
그녀의 사촌이자 찬탈자인 세포루스 1세의 명령에 따라[/center]
글렌포인트의 제국 지하 감옥에서 죽음을 맞이했습니다. 그녀의 죽음은[/center]
글렌포인트에서 부서진 다이아몬드라 불리는 날로 기억됩니다.[/center]
이날은 탐리엘 제국 왕가의 지혜와[/center]
자애를 기리며 침묵 속에서 기도하는 날입니다.[/center]
[/center]
[/center]
[/end]"
8394,"한때 황제의 탄신일인 서리내림의 달 30일은[/center]
일 년 중 가장 인기 있는 휴일이었습니다. 거대한[/center]
순회 카니발이 대중을 즐겁게 했고,[/center]
%cn 의 귀족들은 매년 열리는[/center]
말을 타고 하는 고블린 추격전을 즐겼습니다. 최근 들어 이러한[/center]
전통은 방치되었습니다.[/center]
%cn 에서 성대한 카니발이 열린 지 수십 년이 지났고,[/center]
%ct 의[/center]
%t 측에서 고블린 추격전을 후원한 지는 더 오랜 시간이 흘렀습니다.[/center]
[/end]"
8395,"사타칼람에서 열리는 뱀들의 춤이[/center]
뱀 신에게 바치는 진지한 종교적 휴일로 시작되었는지는 알 수 없으나, 오늘날에는[/center]
성대한 거리 축제를 여는 이유가 되었습니다.[/center]
[/center]
[/end]"
8396,"해질녘의 달 8일, 글렌움브라 무어의 브레튼들은[/center]
달의 여신 세쿤다를 기리는 즐거운 휴일인 달 축제를 엽니다. 비록[/center]
이 여신을 적극적으로 숭배하는 신도는 없지만,[/center]
전통적인 축제는 잔치와 즐거움의 시간으로[/center]
수 세기 동안 이어져 왔습니다.[/center]
[/center]
[/end]"
8397,"옛 레드가드어로 ""검의 성인들과의 교감""을 뜻하는 헬 안세이락은 포타고 사람들에게 가장[/center]
엄숙한 성일입니다. 고대의 헬 안세이 방식은 현대 레드가드들에게는 행해지지 않지만,[/center]
그 풍부한 유산은 이날 기억되고 존중받습니다.[/center]
[/center]
[/center]
[/center]
[/end]"
8398,"오늘은 %cn 에서 열리는 전사들의 축제인 해질녘의 달 20일입니다.[/center]
대부분의 지역 전사, 스펠소드, 그리고 도둑들은[/center]
모든 무기를 반값에 판매하는 장비 상점과 대장간으로 모여듭니다. 불행히도,[/center]
낮은 가격은 훈련받지 않은 많은[/center]
소년들이 첫 검을 사도록 유혹하고, 평소 조용하던[/center]
%cn 거리는[/center]
아마추어들의 싸움으로 시끄러워집니다. %t 의 행방은[/center]
과거에는 이러한 난동꾼들을 대부분 사면해주었지만,[/center]
올해는 자비를 베풀지 않겠다고 약속했습니다.[/center]
[/center]
[/center]
[/end]"
8399,"오늘은 사원들이 북풍의 기도로 경건하게 지키는 휴일인 저녁별의 달 15일입니다.[/center]
이는 풍성한 수확과 온화한 겨울을 주신 신들께 드리는 감사제입니다.[/center]
올해처럼 수확이 그리 좋지 않고 겨울이 유난히 혹독한[/center]
%cn 같은 해에도,[/center]
%t 측에서 즐겨 말하듯 ""더 나쁠 수도 있었지.""라고 합니다.[/center]
사원들은 축복, 치료, 치유와 같은 모든 서비스를 평소 요청하는 기부금의 절반으로 제공합니다.[/center]
[/center]
[/center]
[/center]
[/center]
[/end]"
8400,"바란스 도는 저녁별의 달 18일에 알리크르 사막의 레드가드들이 기념합니다.[/center]
그 의미는 ""작년의 짐승에게 작별을""입니다. 한 해를 상징하는 악마 형상을 앞세운 행렬이[/center]
인기가 많으며, 새해를 기리는 축제가 곳곳에서 벌어집니다.[/center]
[/center]
[/center]
[/center]
[/end]"
8401,"카이루 남작령에서 새해를 축복하는 칠아는 신성한 날이자 축제입니다.[/center]
대사제와 남작부인은[/center]
엄숙한 의식 속에서 한 해의 재를 각각 봉헌하며, 이후 거리 행진, 무도회,[/center]
토너먼트로 행사가 마무리됩니다.[/center]
[/center]
[/center]
[/end]"
8402,"새 삶의 축제는 웨이레스트에서 저녁별의 달 25일에 전통적으로 열리는[/center]
사투랄리아와 함께 며칠 일찍 찾아옵니다. 원래는 잊혀진 방탕의 신을 위한 휴일이었으나,[/center]
이제는 선물 교환, 파티,[/center]
행진의 시간이 되었습니다. 방문객들의 참여를 장려합니다.[/center]
[/center]
[/center]
[/center]
[/end]"
8403,"한 해의 마지막 날, 제국은 옛 삶이라 불리는 휴일을 기념합니다.[/center]
많은 이들이 사원을 찾아 과거를 되돌아봅니다.[/center]
일부 사람들은 그 이상의 것을 기대하는데, 사제들이 한 해의 마지막 의식으로[/center]
사랑하는 친구와 가족을 평소의 비용 없이 부활시켜 준다는 소문이 있기 때문입니다.[/center]
신도들은 이러한 자선을 기대하지 않는 것이 좋다는 것을 알지만,[/center]
그럼에도 불구하고 최근 사망한 이들과 함께[/center]
섬뜩한 행렬을 지어 찾아옵니다.[/center]
[/center]
[/center]
[/center]
[/end]"
8525,"탐리엘의 모든 도시, 모든 선술집에서 에일이 무료로 제공될 때. [/record]
일 년 중 가장 큰 파티! [/record]
내가 정말로 찬성하지 않는 거대한 술판. [/record]
어디서나 술이 공짜라 모두가 미쳐 날뛸 때. [/record]
공짜 술 때문에 모두가 거리로 쏟아져 나오는 시간. [/end]"
8526,"사원에서 가끔 무료 치유를 행할 때. [/record]
모두가 좋은 파종기를 위해 기도하는 시간. [/record]
이곳 %cn 에서 열리는 주요 종교 휴일. [/record]
발에 난 곪은 상처를 어쩌면 공짜로 치유받을 수 있을지도 모를 때! [/record]
사원에서 열리며, 성직자들이 가끔 병든 자들을 무료로 치유해 줄 때. [/record]"
8527,"탐리엘 전역의 선술집 방이 하룻밤 동안 무료일 때. [/record]
가족들이 모여 '연인들의 전설'을 노래할 때. [/record]
%nt 에서 좋은 방을 공짜로 얻을 수 있는 절호의 기회! [/record]
폴리도르와 엘로이사를 기리며, 어느 여관에서나 방을 공짜로 얻을 수 있을 때. [/record]
연인인 폴리도르와 엘로이사를 기리는 축제. [/end]"
8528,"내... 사회적 질병을 무료로 치료받을 수 있을지도 모를 때. [/record]
이웃 간의 분쟁이 해결되는 휴일. 물론 이론상으로는 그렇다. [/record]
사원을 방문하기 좋은 때. 그때는 온갖 질병을 무료로 치료해 준다. [/record]
사제들이 치료 대가로 기부금을 요구하지 않는 두 번의 기회 중 하나. [/record]
모두가 절대 지키지 않을 결심을 하는 때. [/end]"
8529,"소매치기를 정말 조심해야 할 때. [/record]
도둑이라면 %cn 에 있기 가장 좋은 때. [/record]
내가 익숙한 것보다 조금 더 떠들썩한 축제. [/record]
모두가 광대이자 도둑이 되는 때. [/record]
내 생각에는 믿을 수 없을 정도로 저속한 휴일. [/end]"
8530,"%cn 의 모든 병든 %ra 들이 무료 치료를 받으러 사원으로 향하는 것을 볼 수 있을 때. [/record]
독에 중독되었거나 아프다면 사제들을 만나기 좋은 때. [/record]
사원에서 옴을 무료로 치료받을 수 있는 마지막 기회. 내년까지는 없다. [/record]
사원에서 질병을 무료로 치료받을 수 있는 완벽한 시기. [/record]
모두가 자신의 한계를 깨달아야 하는 날, 아마도 그렇다는 이야기다. [/end]"
8531,"황제가 아마 또 다른 세금 인상을 발표할 때. [/record]
사원에서 반값에 축복을 제공할 때. [/record]
황제의 전령들이 탐리엘 전역을 돌며 주로 새로운 세금을 발표할 때. [/record]
줄 서는 것을 개의치 않는다면 사원을 방문하기 좋은 때, 축복이 반값이다. [/record]
사원에서 축복을 위해 요청하는 기부금이 평소 가격의 절반일 때. [/end]"
8532,"%cn 의 모든 이들이 일 년 중 최고의 할인 상품을 찾아 쇼핑할 때. [/record]
필요한 모든 장비와 보급품을 사기에 가장 좋은 때. [/record]
길드의 명령에 따라 탐리엘 거의 모든 곳의 보급품이 반값일 때. [/record]
단언컨대 일 년 중 가장 바쁜 쇼핑의 날. [/record]
저축한 돈을 모두 쓸 가치가 있는 날, 내 말을 믿어라. [/end]"
8533,"%cn 의 모든 상점이, 어쩌면 탐리엘 전체의 상점이 문을 닫을 때. [/record]
쇼핑을 할 수 없으니 기억해 둘 가치가 있는 날. [/record]
%cn 의 모든 상점이 문을 닫으니 모두가 미쳐버릴 때. [/record]
물건을 사고 싶으면 시골로 여행을 떠나야 하는 날. [/record]
%cn 의 상업 지구가 완전히 텅 빈 것처럼 보이는 날. [/end]"
8534,"%cn 의 모든 이들이, 돈이 없는 사람조차 선술집을 찾아 음식 파티를 벌일 때. [/record]
탐리엘 전역에서 탐욕이 권장되는 날. [/record]
%cn 의 모든 선술집에서 술을 공짜로 맛볼 수 있는 절호의 기회! [/record]
탐리엘의 거의 모든 여관에서 음식과 술이 공짜일 때. [/record]
성공적이지 않더라도 성공적인 수확을 축하하는 음식 축제. [/end]"
8535,"마법사 길드에서 마법 아이템이 반값일 때. [/record]
사제들이 죽은 자를 위해 기도할 수 있도록 %cn 의 모든 사원이 대중에게 닫히는 날. [/record]
언데드가 %cn 의 거리를 걸어 다닐 때. [/record]
마법사 길드에서 마법 아이템을 싸게 살 수 있는 최고의 날. [/record]
탐리엘 전역의 모든 사원이 기도를 위해 문을 닫으니 아프면 안 되는 날. [/end]"
8536,"사원과 마법사 길드가 관심을 끌기 위해 경쟁하는 날. 내가 누구 편인지 맞춰봐라. [/record]
마법사 길드에서 신비한 잠재력을 무료로 감정받을 수 있을 때. [/record]
이 %ct 의 장소가 마법사, 나이트블레이드, 스펠소드로 가득 찰 때. [/record]
일찍 도착하면 마법사 길드에서 싼값에 마법 스크롤을 살 수 있는 좋은 날. [/record]
악에 맞서기 위해 탐리엘의 모든 사원이 밤새 문을 열 때. [/end]"
8537,"좋았던 옛날에 퍼레이드와 사냥을 즐겼던 때. [/record]
옛날에 %cn 의 귀족들이 말을 타고 고블린 추격전을 벌이던 날. [/record]
황제의 진짜 생일이 아니다 - 모두 상징적인 것일 뿐이다. [/record]
모두가 선술집에서 축하할 때. [/record]
탐리엘에서 황제의 40대 생일을 기리며. [/end]"
8538,"장비 상점에서 검이나 무엇이든 싸게 살 수 있는 좋은 때. [/record]
모든 장비 상점의 모든 무기가 반값일 때. [/record]
%cn 의 전사들이 자신의 기량을 시험하는 날, 불행히도 거리에서. [/record]
전쟁을 기념하는 진정으로 야만적인 축제. [/record]
평소라면 살 수 없었을 무기를 사기에 완벽한 때. [/end]"
8539,"내 생각에 일 년 중 가장 신성한 날. [/record]
사원에서 축복, 치료, 치유 등 모든 것을 반값에 받을 수 있을 때. [/record]
감사의 날. [/record]
사원에서 모든 서비스에 대해 평소 기부금의 절반만 요구할 때. [/record]
합리적인 기부금으로 사원에서 몸을 고치기 꽤 좋은 때. [/end]"
8540,"모두가 다음 날인 새 삶의 축제, 진짜 파티를 준비할 때. [/record]
새로운 죄를 짓기 전에 옛 죄를 용서받는 날. [/record]
거대한 파티인 새 삶의 축제 전 휴식의 날. [/record]
원하는 사원을 방문하기 좋은 때. [/record]
%cn 의 인기 없는 사원조차 사람들로 붐빌 때. [/end]"
8550,"네, %hnr. 저도 %fpc 의 일원이며, 당신을 도울 준비가 되어 있습니다. [/center]
[/record]
저는 %fpc 의 충실한 일원입니다. 영광스러운 %hnr, 무엇을 도와드릴까요? [/center]
[/record]
%fpc 의 일원으로서, %hnr, 당신의 명령을 따르겠습니다. [/center]
[/record]
언제든 기꺼이 돕겠습니다. [/center]
[/end]"
8551,"%fnpc 의 다른 일원을 만나는 것은 언제나 반가운 일입니다. [/center]
[/record]
%fnpc 일원이라고요? 그럴 줄 알았습니다. 기꺼이 돕겠습니다. [/center]
[/record]
%fnpc 의 동료들은 서로 도와야죠. [/center]
[/record]
무엇을 도와드릴까요? [/center]
[/end]"
8552,"당신에 대해 들었습니다, %pcn. %fnpc 의 동료 [/center]
일원으로서, 당신과 함께 있는 모습이 보이는 것이 부끄럽군요. [/center]
[/center]
[/record]
당신이 %fnpc 에 있든 말든 상관없습니다. 당신 같은 사람을 돕고 싶지 않군요. [/center]
[/center]
[/record]
당신도 %fnpc 에 있다고 해서 [/center]
제가 당신을 도와야 할 의무는 없습니다. [/center]
[/record]
시간 없습니다. 가봐야 할 곳이 있거든요. [/center]
[/end]"
8553,"%fpc 의 영광스러운 일원이라면 기꺼이 돕겠습니다. [/center]
[/record]
네, %hnr. 저는 %fnpc 의 일원이며, 당신을 도울 기회를 얻어 감사합니다. [/center]
[/record]
%fnpc 개체와 %fpc 개체는 같은 곳입니다, %hnr. 무엇이 필요하신가요? [/center]
[/end]"
8554,"우리 %fnpc 의 일원들은 언제나 %fpc 의 일원들을 기꺼이 돕습니다. 결국 우리 둘 다 %fpa 의 일부니까요. [/center]
[/record]
저는 %fnpc 에 있고, 당신은 %fpc 에 있지만, 우리 둘 다 %fpa 에 있습니다. [/center]
[/record]
%fpa 의 일원이라면 누구든 제 도움을 받을 자격이 있습니다. [/center]
[/record]
안녕하세요. [/center]
[/end]"
8555,"%fnpc 개체와 %fpc 개체가 모두 %fpa 의 일부라는 것은 알지만, [/center]
그렇다고 제가 당신을 도와야 할 의무는 없습니다. [/center]
[/record]
우리가 모두 %fpa 아래에 있다고 해도 상관없습니다, [/center]
당신을 믿지 않거든요. 꺼지세요. [/center]
[/record]
%fpa 의 통제 아래 있다고 해서 [/center]
제가 당신을 도와야 할 이유는 없습니다. [/center]
[/record]
가세요. 방해됩니다. [/center]
[/end]"
8556,"당신을 압니다! %fpc 개체가 당신을 매우 높게 평가하더군요. [/center]
[/record]
%fnpc 의 일원으로서, 당신처럼 %fpc 에서 존경받는 일원을 돕는 것이 마땅합니다. [/center]
[/record]
당신이 바로 모두가 이야기하는 %fpc 의 %ra 종족이군요. 저는 %fnpc 에 있습니다. [/center]
[/record]
좋은 날이네요, 그렇죠? [/center]
[/end]"
8557,"%fnpc 개체와 %fpc 개체는 동맹입니다. 당연히 도와드려야죠. [/center]
[/record]
%fpc 말인가요? 저는 %fnpc 에 있습니다! [/center]
[/record]
%fpc 개체는 %fnpc 개체를 매우 존중해 왔습니다. 기꺼이 돕겠습니다. [/center]
[/record]
그래서 무엇이 필요하신가요...? [/center]
[/end]"
8558,"%fnpc 개체와 %fpc 개체가 동맹이라는 것은 알지만, [/center]
당신의 태도가 마음에 들지 않는군요. [/center]
[/record]
우리 파벌이 동맹일지는 몰라도, 당신 %pcn 에 대한 이야기는 들었습니다. [/center]
그게 당신이 내 도움을 받을 자격이 있다는 뜻은 아닙니다. [/center]
[/center]
[/record]
%fpc 말인가요? %fnpc 의 다른 술꾼들은 그들을 좋아할지 몰라도, [/center]
저는 아닙니다. 그 흉측한 얼굴을 치우세요. [/center]
[/record]
당신의 어리석은 질문에 답하며 여기 서 있을 만큼 [/center]
한가하지 않습니다. [/center]
[/end]"
8559,"음... %fnpc 및 %fpc 의 관계는 적대적이지만, 당신은 매우 존경받는 분이시군요. [/center]
[/record]
저는 %fnpc 에 있습니다. 보통 %fpc 에 있는 사람들과는 거래하지 않지만, 그들이 당신을 높이 평가한다는 것은 압니다. [/center]
[/record]
제가 이 일을 하면, 당신은 저에게 빚을 지는 겁니다. %fpc 의 존재가 싫긴 하지만, 돕겠습니다. [/center]
[/record]
언제든 기꺼이 돕겠습니다. [/center]
[/end]"
8560,"당신에게 설득당했군요. 비록 %fpc 의 평판은 마음에 들지 않지만, 돕도록 하죠.[/center]
[/record]
%fnpc 및 %fpc 의 관계는 적대적이지만, 저는 항상 %fpc 의 부류가 괜찮다고 생각했습니다.[/center]
[/record]
비록 %fnpc 의 의견이 %fpc 에 반대하더라도, 예의상 당신을 돕겠습니다.[/center]
[/record]
무슨 일이죠?[/center]
[/end]"
8561,"더러운 %fpc 같으니. 충성스러운 %fnpc 의 경우라면 당신 같은 자를 돕지 않을 겁니다.[/center]
[/record]
%fpc 말인가요? 길을 건너는 것조차 돕고 싶지 않군요.[/center]
[/record]
저는 %fnpc 소속입니다. 우리는 %fpc 에 대한 증오심뿐입니다. 꺼지세요.[/center]
[/record]
제가 왜 그래야 하죠? 이제 비키세요.[/center]
[/end]"
8562,"%fpc 및 %fnpc 모두 %fe 의 적입니다. 당신을 돕기 위해 무엇을 할까요?[/center]
[/record]
저는 %fe 에 대한 경멸을 느끼며, %fpc 도 마찬가지입니다. 좋습니다, 돕도록 하죠.[/center]
[/record]
%fe 의 적은 곧 나의 친구입니다.[/center]
[/record]
안녕하세요.[/center]
[/end]"
8563,"당신과 내가 둘 다 [/center]을 증오한다는 사실은 상관없습니다.%fe
당신을 돕지 않겠습니다.[/center]
[/record]
%fnpc 개체는 %fe 개체를 싫어할지 몰라도, 저는 그들을 좋아합니다.[/center]
%fpc 개체가 그들을 박해하고 있으니, 저는 당신을 도울 생각이[/center]
없습니다.[/center]
[/record]
%fpc 개체와 %fnpc[/center]
모두 %fe 개체를 노리고 있습니다. 저는 그 사이에 끼어들 생각이[/center]
없습니다.[/center]
저를 본 적 없던 일로 하세요.[/center]
[/record]
멍청하긴. 당신 같은 자들을 상대할 인내심은 없습니다.[/center]
[/end]"
8564,"저는 %fnpc 의 일원입니다. %fa 의 친구는 곧 제 친구이기도 하죠.[/center]
[/record]
당신이 %fpc 에 있나요? 저도 %fnpc 에 있습니다! 우리 둘 다 %fa 및 동맹이죠! 어쨌든, 기꺼이 돕겠습니다.[/center]
[/record]
%fpc 의 관계는 %fa 및 아주 친하죠. 좋습니다, 돕겠습니다.[/center]
[/record]
낯이 익군요. 무엇이 필요하죠?[/center]
[/end]"
8565,"%fpc 및 %fnpc[/center]
모두 %fa 의 동맹일지 몰라도,[/center]
저는 당신의 친구가 아닙니다.[/center]
[/record]
보세요, %fnpc 의 %fa 에 대한 애정과는 달리,[/center]
저는 아닙니다. %fpc 도 그들과[/center]
친하게 지내죠. 이제 제가 왜 당신에게 시간을 낭비하지 않을지 아시겠군요.[/center]
[/record]
정말 따분하군요. 지루해요.[/center]
[/end]"
8566,"비록 당신이 %fnpc 의 일원인 저 같은 사람들이 싫어하는 %fae 의 동맹일지라도, 도울 수 있을 것 같군요.[/center]
[/record]
%fae 의 친구들을 별로 좋아하지 않지만, 당신의 경우는 예외로 하죠.[/center]
[/record]
%fnpc 의 충성스러운 일원으로서 %fae 의 친구를 돕는 건 옳지 않지만, 당신이 저를 설득했군요.[/center]
[/record]
제 도움이 필요한가 보죠?[/center]
[/end]"
8567,"당신 %fpc 의 일원 아니었나요?[/center]
그들은 %fnpc 의 적인%fae 및 [/center]
동맹이죠.[/center]
당신 같은 부류는 돕지 않겠습니다.[/center]
[/record]
저는 %fae 및 그 친구들을 증오합니다.[/center]
꺼지세요.[/center]
[/record]
%fpc 의 관계는 [/center]
%fae 및 친하지 않나요? 저는 %fnpc 소속입니다.[/center]
저는 %fae 의 행태를 참을 수 없습니다.[/center]
그냥 여기서 나가세요.[/center]
[/record]
돕고 싶어도 도울 수 없군요,[/center]
물론 돕고 싶지도 않지만요.[/center]
[/end]"
8568,"이봐요, 제가 당신을 도왔다는 걸 %fnpc 동료들에게 말하지 마세요. %fpc 의 존재는 %fea 의 적이지만, 우리는 그들의 친구니까요.[/center]
[/record]
저는 %fea 에 대한 호감이 없지만, %fnpc 의 일원들은 그들과 한통속이죠. 돕긴 하겠지만, 소문내지는 마세요.[/center]
[/record]
%fea 의 적을 돕는 건 정말 옳지 않죠. 결국 그들은 %fnpc 의 친구니까요. 하지만 당신의 경우는 예외로 하죠.[/center]
[/record]
좋은 하루 보내세요.[/center]
[/end]"
8569,"우리 %fnpc 의 입장은 [/center]
%fea 및 동맹입니다. %fpc 의 성향은 [/center]
그들의 적이죠. 제가 왜 당신을 도와야 하죠?[/center]
[/record]
저는 %fpc 소속인 사람들은 돕지 않습니다.[/center]
적어도 그들이 %fea 에 있는 제 친구들과[/center]
다투는 걸 멈추기 전까지는요.[/center]
[/record]
제 가장 친한 친구가 %fea 에 있습니다. 당신 %fpc 의 소속은 [/center] 그들을 증오하니, 제 눈앞에서 사라지세요![/center]
[/record]
입 냄새가 심하군요. 저리 가세요.[/center]
[/end]"
8570,"만나서 반갑군요, 이방인.[/center]
[/end]"
8571,"제가 왜 생판 모르는 이방인,[/center]
특히 당신 같은 평판을 가진 사람을 돕겠습니까?[/center]
[/record]
당신 같은 부류는 경멸합니다. 그냥 가세요.[/record]
당신에 대해 들은 적 있습니다. 물론 좋은 이야기는 아니었죠. 꺼지세요.[/record]
당신 같은 유형을 상대할 시간은 없습니다.[/record]
저요? 당신을 돕겠다고요? 하하하![/end]"
8600,여기에 행동 유형 11을 삽입하세요... (번역하지 마세요)[/end]
8604,"익숙한 목소리가 조롱하듯 웃습니다,[/center]
""그래서, %pcn, 드디어 제대로 경의를 표하러 온 건가?""[/center]
[/center]
[/end]"
8605,"내 말을 들어라:[/center]
눈먼 신은 질투가 많은 신이다.[/center]
그분의 진정한 종들이 그분께 눈을 들어 올리면,[/center]
길은 쉬워질 것이다.[/center]
내 말을 들어라![/center]
[/end]"
8607,"아, 드디어! 당신이 여기까지[/center]
오지 못할 거라 생각하기 시작했었지. 삭막한 곳이지,[/center]
그렇게 생각하지 않나? 게다가 거만한 애송이가 지키고 있더군--[/center]
그는 나보다 신이 아니야. 자, 계속하게.[/center]
우리는 곧 다시 만나게 될 걸세, 당신이 겉보기만큼[/center]
무모하지 않다면 말이지.[/center]
[/end]"
8609,"여기에 은인의 영혼이 잠들어 있다,[/center]
비록 그의 육신은 여전히 길을 지키고 있지만.[/center]
[/end]"
8616,"문 옆의 경비병이 지루한 목소리로 읊조립니다,[/center]
""Queen Akorithi와 용건이 있는 모든 자는 홀 뒤편의 문을 통과하십시오.""[/center]
[/center]
[/end]"
8617,"문 옆의 경비병이 지루한 목소리로 읊조립니다,[/center]
""Queen Akorithi와 용건이 있는 모든 자는 홀 뒤편 오른쪽에 있는 문을 통과하십시오.""[/center]
[/center]
[/center]
[/end]"
8690,"게임 힌트![/center]
잃어버린 체력을 회복하는 가장 쉬운 방법은[/center]
휴식을 취하는 것입니다. 하지만 근처에 괴물이 있다면 게임에서 휴식을[/center]
취할 수 없습니다. 이 문 뒤의 괴물과 복도 아래 다음 방에 있는 괴물을 처치하세요. 그러면[/center]
휴식을 취하고 잃어버린 체력을 회복할 수 있습니다.[/center]
[/center]
[/center]
[/center]
[/end]"
8691,"게임 힌트![/center]
이 구석은 휴식을 취하기 좋은 장소입니다. 계단에 너무[/center]
가까이 가지 마세요, 괴물을 깨우게 될 겁니다![/center]
[/center]
[/center]
[/end]"
8692,"게임 힌트![/center]
플랫폼 위로 올라가기 어렵다면, J 키를 눌러 점프해 보세요. 점프할 때는 반드시 앞으로[/center]
이동 중이어야 합니다. 더 빨리 움직일수록,[/center]
더 멀리 점프할 수 있습니다.[/center]
[/center]
[/center]
[/end]"
8693,"게임 힌트![/center]
이제 출구를 찾아야 합니다.[/center]
어둠 속으로 이어지는 계단이 보이는 높고 좁은 아치형 통로입니다. 그것을 보면,[/center]
클릭하여 던전을 나가세요.[/center]
[/center]
[/center]
[/end]"
8700,"(시전자 전용)[/left]
허영심이 강했던 클라비쿠스 바일은 자신의[/left]
성격에 어울리는 가면을 만들었다.[/left]
이 가면을 쓴 자는 탐리엘의[/left]
사람들에게 긍정적인 반응을 얻을 가능성이[/left]
더 높다. 착용자의 매력이 높을수록 보너스도[/left]
커진다. 이 가면과 관련된 가장 유명한 이야기는[/left]
어느 정도 명성이 있던 귀족 여성 아발레아의[/left]
전설이다. 어린 시절, 그녀는 심술궂은 하인에 의해[/left]
끔찍하게 얼굴을 훼손당했다. 아발레아는[/left]
클라비쿠스 바일과 어두운 거래를 했고[/left]
그 대가로 가면을 받았다. 비록 이 가면이 그녀의[/left]
외모를 바꾼 것은 아니었지만, 갑자기 그녀는[/left]
모두의 존경과 흠모를 받게 되었다. 유력한[/left]
남작과 결혼한 지 1년하고 하루가 지난 후,[/left]
클라비쿠스는 자신의 가면을 되찾아갔다.[/left]
그의 아이를 임신 중이었음에도 불구하고, 아발레아는[/left]
남작의 가문에서 추방당했다.[/left]
21년하고 하루가 지난 후,[/left]
아발레아의 딸은 남작을 살해하여[/left]
복수를 완성했다.[/left]
주문: 없음[/left]
[/left]
[/left]
[/left]
[/left]
[/end]"
8701,"(대상 1명, 마법 저항 판정)[/left]
다크 브라더후드는 이 에보니 단검을 수 세대 동안[/left]
탐내왔다. 이 신화적인 아티팩트는 어떤 생명체든[/left]
즉시 살해할 수 있는 능력을 갖추고 있다. 면도날의 희생자는[/left]
마법 저항 판정을 통과하지 못하면 즉사한다.[/left]
역사상 메이룬스의 면도날을 소유했던 자에 대한 기록은[/left]
남아있지 않다. 하지만 80년 전, 다크 브라더후드는[/left]
잔혹한 내부 권력 다툼으로 인해 궤멸당했다.[/left]
그 사건에 이 면도날이 연루되었을 것으로 의심된다.[/left]
주문: 없음[/left]
[/left]
[/left]
[/left]
[/left]
[/end]"
8702,"(대상 1명, 마법 저항 판정)[/left]
뱀파이어의 철퇴라고도 알려진 몰라그 발의 철퇴는[/left]
희생자의 주문 점수를 흡수하여 착용자에게 전달한다.[/left]
만약 희생자에게 주문 점수가 없다면, 희생자의 힘을 흡수하여[/left]
역시 착용자에게 전달한다. 몰라그 발의 철퇴를 사용하면[/left]
착용자는 완전히 휴식을 취했을 때보다 더 많은 주문 점수나[/left]
힘을 얻을 수도 있다.[/left]
하지만 이러한 보너스 수치는 일시적이다.[/left]
몰라그 발은 자신의 아티팩트를 매우 자유롭게 사용해왔다.[/left]
이 철퇴에 관한 전설은 많다. 이 철퇴는 미친 마법사들을[/left]
처단하는 데 즐겨 사용되는 것으로 보인다.[/left]
주문: 없음[/left]
[/left]
[/left]
[/left]
[/left]
[/left]
[/left]
[/end]"
8703,"(시전자 전용)[/left]
수인병의 저주는 나름의 장점이 있다. 늑대인간형 야수의 엄청난 힘, 속도,[/left]
흉포함은 상대를 공포에 떨게 만든다. 물론 단점도 존재한다.[/left]
허씬의 반지를 착용한 자는 언제 수인병 상태가 될지, 언제 아닐지를[/left]
선택할 수 있다. 본질적으로 이는 부정적인 면은 거의 없이[/left]
모든 장점을 누릴 수 있게 해준다.[/left]
주문: 없음[/left]
[/left]
[/left]
[/left]
[/left]
[/left]
[/left]
[/end]"
8704,"(시전자 전용)[/left]
생귄의 장미는 대부분의 사람들이 갖고 싶어 할 만한 아티팩트는 아니다.[/left]
이 아티팩트는 사용자에게 하급 데이드라를 소환해준다. 데이드라는[/left]
장미의 착용자를 제외한 주변의 다른 모든 생명체를 공격할 것이다.[/left]
장미는 다른 꽃들과 마찬가지로 시간이 지나면 시든다.[/left]
그 힘을 많이 사용할수록 장미는 더욱 시들어간다. 결국 모든 꽃잎이[/left]
떨어지면 장미는 그 힘을 잃게 된다.[/left]
오블리비언 어딘가에서 새로운 장미가 피어나고, 생귄이 직접 그 장미를 꺾어[/left]
새로운 용사에게 전달한다.[/left]
주문: 없음[/left]
[/left]
[/left]
[/left]
[/left]
[/left]
[/left]
[/end]"
8705,"(시전자 전용)[/left]
오그마 인피니움은 늙지 않는 자, 마법사 현자 자르세스가 쓴[/left]
지식의 서이다. 인피니움을 읽는 모든 이는 아티팩트의 에너지로 가득 차게 되며,[/left]
이를 조작하여 자신의 능력을 반신에 가까운 수준으로 끌어올릴 수 있다.[/left]
전설에 따르면, 일단 사용하고 나면 인피니움은 사용자로부터 사라진다고 한다.[/left]
이 책은 캐릭터의 능력치에 자유롭게 분배할 수 있는 30의 보너스 포인트를 남긴다.[/left]
주문: 없음[/left]
[/left]
[/left]
[/left]
[/left]
[/left]
[/left]
[/left]
[/left]
[/end]"
8706,"(대상 1명, 마법 저항 판정)[/left]
광기와 혼돈은[/left]
쉐오고라스의 상징입니다. 와바잭은 이러한[/left]
특성을 그대로 구현한 유물입니다. 이 유물을[/left]
생명체에게 사용하면 다른 무언가로[/left]
변이시킵니다. 대상은 다음 괴물 중 하나로[/left]
변할 수 있습니다: 쥐, 임프, 스프리건,[/left]
거대 박쥐, 회색곰, 거미, 님프,[/left]
하피, 해골 전사, 거인, 좀비,[/left]
거대 전갈, 철 아트로나크, 살점[/left]
아트로나크, 얼음 아트로나크, 화염 아트로나크,[/left]
리치. 문제는 사용자가 이 변이를[/left]
제어할 방법이 없다는 것입니다.[/left]
거대 박쥐를 리치로 바꿀 수도 있고,[/left]
화염 아트로나크를 쥐로 바꿀 수도 있습니다.[/left]
주문: 없음[/left]
[/left]
[/left]
[/end]"
8707,"(시전자 전용)[/left]
나미라는 자연의 어두운 면과 결속되어 있으며,[/left]
그녀의 반지 또한 마찬가지입니다. 반지를[/left]
착용하는 동안, 착용자가 받는 모든 피해는[/left]
공격자도 똑같이 입게 됩니다.[/left]
주문과 원거리 공격은 무시됩니다.[/left]
공격자가 입는 피해량은 그 공격자의 본성에[/left]
따라 달라집니다. 동물과[/left]
스프리건은 자연의 피조물이기에 피해를 입지[/left]
않습니다. 데이드라 존재는 초자연적인[/left]
생명체이기에 자신이 입힌 피해의 절반만[/left]
받습니다. 인간형 생물과 괴물은 온전한[/left]
피해를 입습니다. 언데드는 완전히[/left]
부자연스러운 존재이기에 자신이 입힌 피해의 두 배를[/left]
받습니다.[/left]
주문: 없음[/left]
시전 비용: 상대에게 입힌 피해량과 동일.[/left]
[/left]
[/left]
[/left]
[/end]"
8708,"(대상 1명, 마법 저항 판정)[/left]
타락의 해골을 상대에게 사용하면[/left]
피해자의 복제품이 생성됩니다. 하지만 이 복제품은[/left]
해골의 사용자가 아닌 원본을[/left]
공격합니다. 도둑 길드 마스터와 이 해골에 관한[/left]
이야기가 있는데, 아마 허구겠지만 매우[/left]
흥미롭습니다. 마스터는 자신의[/left]
적에게 해골을 사용하여 그와 싸울 복제본을[/left]
만들었습니다. 원본을 물리친 후,[/left]
영리한 복제품은 마스터에게서 해골을 낚아채[/left]
그녀에게 사용했습니다.[/left]
복제된 적은 마스터를 직접 공격할 수는 없었지만,[/left]
해골을 사용하여 마스터의 복제품을[/left]
만들 수는 있었습니다. 두 복제품은 수년간 공동으로[/left]
도둑 길드를 지배했습니다.[/left]
주문: 없음[/left]
[/left]
[/left]
[/left]
[/left]
[/left]
[/end]"
8709,"(대상 1명, 마법 저항 판정)[/left]
영혼을 거래할 배짱을 가진 필멸자는 거의 없습니다. 다크 브라더후드는 이를 행하며,[/left]
마법사 길드 내의 특정 집단도 마찬가지입니다. 이 잔혹한 자들에게 아주라의 별은[/left]
특별한 매혹을 선사합니다. 이 별은[/left]
재사용 가능한 영혼석 역할을 합니다. 별의[/left]
소지자가 죽인 모든 생명체의 영혼은[/left]
그 안에 갇히게 됩니다. 별에[/left]
이미 영혼이 들어 있다면 아무 일도 일어나지 않습니다.[/left]
아주라의 별을 사용하면 내부가 비워지며,[/left]
갇혀 있던 영혼이 풀려나 오블리비언으로의 여정을[/left]
떠나게 됩니다. 아주라의 별은 마법 아이템을[/left]
계속해서 반복적으로 제작하는 데 사용할 수 있습니다.[/left]
주문: 없음[/left]
[/left]
[/left]
[/left]
[/left]
[/end]"
8710,"(접촉 대상 1명, 마법 저항 판정)[/left]
힘의 망치, 볼렌드렁은 이제 버려진 라우켄 부족의[/left]
드워프들이 탐리엘 세계에서 사라지기 수백 년 전에[/left]
만들었다고 전해집니다. 이 망치는 소지자에게 체력을 부여하는[/left]
능력이 있지만, 적에게 시전했을 때 나타나는 마비[/left]
효과와 힘을 흡수하는 효과로 가장 잘 알려져 있습니다.[/left]
이를 만든 드워프들처럼, 볼렌드렁은 갑자기 사라졌다가[/left]
며칠 만에, 혹은 수천 년 만에 다시 나타나곤 합니다.[/left]
주문: 마비 및 흡혈의 손길[/left]
[/left]
[/left]
[/left]
[/left]
[/left]
[/left]
[/left]
[/end]"
8711,"(시전자 전용)[/left]
대마법사 시라베인의 흑마법사의 반지는 신화와 전설 속에서 가장 인기 있는[/left]
유물 중 하나입니다. 탐리엘의 고대 역사에서 시라베인은 자신의[/left]
반지를 현명하게 사용하여 대륙 전체를 구했고, 그 이후로 이 반지는[/left]
더 소박한 목표를 가진 모험가들을 도왔습니다.[/left]
이 반지는 착용자에게 시전된 주문을 반사하고[/left]
착용자의 속도와 체력을 향상시키는 능력으로 가장 잘 알려져 있지만,[/left]
추가적인 힘을 지니고 있을지도 모릅니다.[/left]
어떤 모험가도 흑마법사의 반지를 오랫동안 착용할 수는 없는데,[/left]
이 반지는 오직 시라베인만이 다룰 수 있다고 전해지기 때문입니다.[/left]
주문: 샬리도르의 거울, 치유,[/left]
그리고 노토르고의 발[/left]
[/left]
[/left]
[/left]
[/left]
[/left]
[/left]
[/left]
[/end]"
8712,"(대상 1명, 사거리 내, 마법 저항 판정)[/left]
아우리엘의 활은 평범한 엘프식[/left]
장궁처럼 보이지만, 탐리엘 역사상 가장 강력한 무기[/left]
중 하나입니다.[/left]
아우리엘의 방패와 마찬가지로 위대한[/left]
엘프식 반신이 직접 만들고 사용했다고 전해지는 이 활은, 어떤[/left]
화살이든 죽음과[/left]
파괴의 미사일로 바꿀 수 있습니다. 하지만 아우리엘의 힘[/left]
이 깃들지 않은 상태에서는 활 자체에 저장된 에너지를[/left]
사용합니다. 이 에너지가 모두 소진되면 활은[/left]
사라졌다가 우연이 닿는 곳에 다시 나타납니다. 최근 이 활이 나타난 일들은[/left]
수백 년 동안 사람들의 입에 오르내리는[/left]
가십거리가 되었습니다.[/left]
주문: 번개, 수면의 손,[/left]
그리고 매지카 흡수[/left]
[/left]
[/left]
[/left]
[/left]
[/left]
[/end]"
8713,"(시전자 전용)[/left]
광기 어린 소서러[/left]
매니마코의 마지막 유물인 전설적인 강령술사의 목걸이는, 이를 착용한 모든 시전자에게[/left]
부상으로부터 재생하고 매지카를 흡수하는 능력을 부여합니다. 착용자는[/left]
나이에 걸맞지 않은 지혜를 얻게 됩니다. 이[/left]
아티팩트는 마법사들 사이에서 인기가 높습니다.[/left]
이 목걸이의 유일한 결점은 이 세상에서 불안정하여 영원히[/left]
사라졌다 나타나기를 반복하며, 마지막으로 사라진 곳과는 전혀 다른 장소에[/left]
다시 나타난다는 점입니다.[/left]
주문: 트롤의 피와 지혜[/left]
[/left]
[/left]
[/left]
[/left]
[/left]
[/left]
[/end]"
8714,"(시전자 전용)[/left]
팔라딘의 검이자 영웅의 검인 크리사미어는 고대의 클레이모어로, 공격 능력만큼이나 뛰어난[/left]
방어 능력을 갖추고 있습니다. 이 검은 사용자에게 체력을 부여하고,[/left]
화염으로부터 보호하며, 사용자에게 시전된 모든 해로운 주문을[/left]
시전자에게 반사합니다. 크리사미어는 특정 용사만을 편애하지 않기 때문에,[/left]
검사가 이 검을 오랫동안 휘두르는 경우는 드뭅니다.[/left]
주문: 화염 저항, 샬리도르의 거울,[/left]
그리고 치유[/left]
[/left]
[/left]
[/left]
[/left]
[/left]
[/left]
[/left]
[/end]"
8715,"(시전자 전용)[/left]
모리하우스의 갑옷, 키나레스의 선물이라고도 불리는 군주의 갑옷은 타의 추종을 불허하는[/left]
품질의 고대 흉갑입니다. 이 갑옷은 착용자에게 잃어버린 체력을 재생하고, 주문의 효과에[/left]
저항하며, 사용할 때 독을 치료하는 힘을 부여합니다. 키나레스가 착용자를 부적격하다고[/left]
판단할 때마다, 군주의 갑옷은 사라져 다음 선택받은 자를 위해 숨겨진다고 합니다.[/left]
주문: 독 치료와 주문 방패[/left]
[/left]
[/left]
[/left]
[/left]
[/left]
[/left]
[/left]
[/left]
[/end]"
8716,"(시전자 전용)[/left]
탐리엘의 고대 아티팩트 중 하나인 매그너스의 지팡이는, 이를 만든 아크메이지[/left]
매그너스에게 일종의 형이상학적 배터리 역할을 했습니다. 사용할 때마다 사용자의[/left]
체력을 놀라운 속도로 재생합니다. 시간이 지나면 지팡이는 사용자가 너무 강력해져서[/left]
자신이 수호하기로 맹세한 신비로운 균형을 깨뜨리기 전에 착용자를 떠나버립니다.[/left]
주문: 주문 흡수[/left]
[/left]
[/left]
[/left]
[/left]
[/left]
[/left]
[/left]
[/end]"
8717,"(시전자 전용)[/left]
카짓의 반지는 이 반지를 유명하게 만든 도둑 라진보다 수백 년은 더 오래된[/left]
고대 유물입니다. 라진은 이 반지의 힘을 사용하여 자신을 바람처럼 투명하고,[/left]
조용하며, 빠르게 만들었습니다.[/left]
이 반지를 사용하여 그는 엘스웨어 역사상 가장 성공적인 도둑이 되었습니다.[/left]
라진의 최후는 미스터리이지만, 전설에 따르면 반지가 끊임없는 사용에 반발하여 사라졌고,[/left]
그 결과 라진은 적들 앞에서 무력해졌다고 합니다.[/left]
주문: 투명화와 노토르고의 발[/left]
[/left]
[/left]
[/left]
[/left]
[/left]
[/left]
[/left]
[/left]
[/end]"
8718,"(시전자 전용)[/left]
에보니 사슬갑옷은 전설에 따르면 기록된 역사 이전부터 존재했던 아티팩트로,[/left]
다크 엘프의 여신 보에시아가 만들었습니다.[/left]
누가 얼마나 오랫동안 이 사슬갑옷을 소유할지 결정하는 것은 그녀입니다.[/left]
가치가 있다고 판단되면, 착용자는 재능과 체력을 흡수하는 모든 일반적인 마법 공격에[/left]
대해 무적 상태가 됩니다. 보에시아만이 언제 한 사람이 더 이상 에보니 사슬갑옷을[/left]
착용할 자격이 없는지 결정하며, 이 여신은 매우 변덕스러울 수 있습니다.[/left]
주문: 화염 저항, 방패,[/left]
그리고 주문 방패[/left]
[/left]
[/left]
[/left]
[/left]
[/left]
[/left]
[/left]
[/left]
[/end]"
8719,"(시전자 전용)[/left]
한때 준신화적인 엘프식 신 아우리엘의 소유였다고 전해지는 에보니[/left]
방패인 아우리엘의 방패는 사용자를 거의 무적에 가깝게 만들 수 있습니다.[/left]
화염과 마법에 대한 저항력에 있어서 아우리엘의 방패는 타의 추종을 불허합니다.[/left]
탐리엘의 많은 아티팩트와 마찬가지로, 이 방패는 그 자체로[/left]
생명과 인격을 가지고 있으며 사용자에게 얽매이지 않습니다.[/left]
한 인기 있는 우화에서는 방패가 가장 절박한 순간에 사용자를 버렸다는[/left]
이야기가 전해지지만, 이는 아마도 근거 없는 이야기일 것입니다.[/left]
주문: 화염 저항, 방패,[/left]
그리고 주문 반사[/left]
[/left]
[/left]
[/left]
[/left]
[/left]
[/left]
[/left]
[/left]
[/end]"
8720,"(시전자 전용)[/left]
표면적으로는 드워프식 타워 실드인 주문 파괴자는 탐리엘에서 가장 오래된 유물 중[/left]
하나입니다. 로우켄-샬리도르 전투부터 이어져 온 역사적 중요성은 차치하고라도,[/left]
주문 파괴자는 마법을 무효화하거나 주문을 시전하려는 마법사를 침묵시킴으로써[/left]
사용자를 모든 시전자로부터 거의 완벽하게 보호합니다. 주문 파괴자는 여전히 원래[/left]
주인을 찾고 있으며, 다른 누구의 소유로도 오래 남아 있지 않을 것이라고 합니다.[/left]
대부분의 사람에게는 주문 파괴자를 잠시라도 소유하는 것만으로도 충분한 힘이 됩니다.[/left]
주문: 행동 자유와 주문 반사[/left]
[/left]
[/left]
[/left]
[/left]
[/left]
[/left]
[/left]
[/left]
[/end]"
8721,"(시전자 전용)[/left]
해골 열쇠의 힘은 실로 매우 단순합니다. 이 열쇠가 있으면 마법으로 잠기지 않은[/left]
문이나 상자는 가장 서투른 자물쇠 따기 기술을 가진 사람이라도 즉시 열 수 있습니다.[/left]
특히 숙련된 자물쇠 따기 기술자는 이 열쇠로 마법이 걸린 문도 일부 열 수 있습니다.[/left]
자신의 창고를 보호하려던 마법사들이 이 열쇠에 부여한 두 가지 제한은, 하루에 한[/left]
번만 사용할 수 있으며 한 도둑의 소유로 너무 오래 머물지 않는다는 것이었습니다.[/left]
이 열쇠를 소유했던 사람들 중 일부는 열쇠가 사라지기 전에 부자가 되었고, 다른 이들은[/left]
절대 들어가지 말았어야 할 곳에 침입하기도 했습니다. 하루에 한 번 이 열쇠는 비마법적[/left]
잠금장치를 열거나, 낮은 수준의 마법적 잠금장치를 열 수 있는 좋은 기회를 제공합니다.[/left]
주문: 열기[/left]
[/left]
[/left]
[/left]
[/left]
[/left]
[/left]
[/left]
[/left]
[/left]
[/left]
[/left]
[/left]
[/left]
[/end]"
8722,"(대상 1명, 사거리 내, 마법 저항 판정)[/left]
[/left]
뱀파이어 또는 흡혈귀라고도 불리는 에보니 검은 에보니 카타나를 닮았으며, 그 힘은 실로 매우 어둡습니다. 에보니 검이 적을 타격할 때마다, 가해진 피해의 일부가 원초적인 힘이 되어 사용자에게 흘러들어옵니다. 검 자체가 이 검을 사용했던 사람들보다 더 사악한 것은 아닐지 모르나, 역사 속 어느 시점에 이 검에 매혹 주문이 걸려 어떤 검사도 오랫동안 이 검을 소유할 수 없게 되었습니다. 이 주문을 건 마법사는 검에 너무 빠져든 이들의 영혼을 구하고자 했으며, 아마도 그의 판단은 옳았을 것입니다.[/left]
[/left]
주문: 원거리 침묵, 흡혈의 손길,[/left]
그리고 에너지 흡수[/left]
[/left]
[/left]
[/left]
[/left]
[/left]
[/left]
[/left]
[/left]
[/left]
[/left]
[/record]
[/left]
[/left]
[/left]
[/end]"
8999,"더럽고 끈적이는 손수건을 훔쳤습니다.[/record]
피해자가 가진 것이라곤 기름진 머리빗뿐이었습니다.[/record]
피해자의 주머니는 끈 조각과 종이 쪼가리를 제외하면 비어 있었습니다.[/record]
가치 없는 조약돌 몇 개를 훔쳤습니다.[/record]
피해자는 훔칠 만한 가치가 있는 것은 아무것도 없었고, 뱀 가죽 조각뿐이었습니다.[/record]
무슨 이유에서인지 피해자는 죽은 쥐를 가지고 다녔습니다.[/record]
피해자의 주머니에는 유리 조각 몇 개가 들어 있었는데, 하마터면 손을 벨 뻔했습니다.[/record]
피가 묻은 작은 천 조각을 훔쳤습니다.[/record]
피해자의 주머니에는 잉크가 묻은 손수건 외에는 아무것도 없습니다.[/record]
피해자는 작은 노란색 천 조각만 가지고 있었습니다.[/record]
피해자에게서 훔친 것이라곤 쇼핑 목록뿐입니다.[/record]
피해자의 주머니는 나뭇잎으로 가득 차 있었는데, 특별히 희귀하거나 특이한 것은 없었습니다.[/record]
피해자의 주머니에 연애 시 초안이 들어 있습니다. 형편없는 시처럼 보입니다.[/record]
피해자는 가방에 사슴 뿔 조각을 가지고 다녔습니다.[/record]
피해자의 주머니에는 흥미로운 것이 없었고, 도박용 주사위뿐이었습니다.[/record]
피해자의 주머니에는 단추 두 개와 실 한 조각뿐이었습니다.[/record]
피해자의 주머니에는 나중에 먹으려고 챙겨둔 듯한 포도 몇 알이 들어 있었습니다.[/record]
샌드위치의 일부였던 것으로 보이는 빵 껍질을 훔쳤습니다.[/record]
샌드위치의 일부였던 것으로 보이는 작은 고기 조각이 피해자의 주머니에 있었습니다.[/record]
피해자의 가방에는 흥미로운 것이 별로 없었고, 작은 포유류의 뼈 조각뿐이었습니다.[/record]
피해자의 주머니에 예쁘지만 쓸모없는 작은 유리 구슬이 들어 있었습니다.[/record]
피해자의 가방에서 작은 빨간색 천 조각을 훔쳤습니다.[/record]
치즈 한 조각과 딱딱한 빵 껍질 조각 외에는 흥미로운 것을 훔치지 못했습니다.[/record]
피해자의 주머니에 끈이 있었지만, 당신이 쓰기에는 부족했습니다.[/record]
피해자의 주머니에는 보풀, 실 한 조각, 낡은 단추뿐이라 쓸모 있는 것이 거의 없습니다.[/record]
피해자의 주머니에는 찢어진 종이 조각 몇 개뿐이라 가져갈 만한 가치가 있는 것이 거의 없습니다.[/record]
피해자의 주머니는 기름으로 번들거립니다. 무언가 쏟아진 모양입니다.[/record]
피해자에게서 더러워진 손수건만 훔쳤습니다.[/record]
피해자에게서 근처 장비점의 쇼핑 목록이 적힌 쪽지를 훔쳤습니다.[/record]
피해자는 수리가 필요한 듯한 작은 나무 조각 두 개를 가지고 있었습니다.[/record]
피해자의 주머니에는 흥미로운 것이 없고, 보풀 몇 조각뿐입니다.[/record]
피해자의 주머니에서 보풀과 끈 조각 외에는 아무것도 찾지 못했습니다.[/record]
피해자의 가방에서 작고 따뜻하며 축축한 공을 발견했습니다. 아마도 박쥐 배설물인 것 같습니다.[/record]
피해자의 어머니로 보이는 여성의 작은 초상화를 훔쳤습니다.[/record]
피해자의 아버지가 보낸, 고향의 가십거리가 적힌 편지를 훔쳤습니다.[/record]
피해자에게서 서툴게 그린 숯 스케치 몇 장을 훔쳤습니다.[/record]
피해자는 근처 마을의 삶을 묘사한 친구의 편지 외에는 아무것도 가지고 있지 않았습니다.[/record]
피해자의 어머니에게 보내지 않은 편지를 발견했는데, 그 지역의 흔한 경범죄에 대해 적혀 있습니다.[/record]
피해자에게서 압화 야생화를 훔쳤는데, 예쁘지만 전혀 흔하지 않은 것은 아닙니다.[/record]
피해자는 씨앗 꾸러미를 가지고 있었는데, 대부분 오래되어 검게 변했습니다.[/record]
피해자의 주머니에는 유용한 것이 없고, 작은 밀랍 공뿐입니다.[/record]
피해자의 가방에서 가치 있는 것은 찾지 못했고, 향이 나는 밀랍 공뿐입니다.[/record]
먼 곳의 여관에서 받은 영수증을 훔쳤습니다.[/record]
피해자는 가치 있는 것은 아무것도 가지고 있지 않고, 작은 검은색 벨벳 조각뿐입니다.[/record]
피해자의 주머니에는 가치 있는 것이 없습니다.[/record]
피해자의 가방을 성공적으로 뒤졌지만, 가치 있는 것은 없습니다.[/record]
피해자의 주머니에서 가치 있는 것은 아무것도 찾지 못했습니다.[/record]
피해자의 주머니에는 이웃 마을 친구가 보낸 지루한 편지 외에는 아무것도 없습니다.[/record]
피해자가 이유 없이 수집하고 있던 조약돌 몇 개를 훔쳤습니다.[/record]
피해자에게서 훔친 것이라곤 지역 고리대금업자와 맺은 10골드짜리 계약서뿐입니다.[/record]
피해자의 주머니에 있던 유일한 것은 커다란 고양이 털 뭉치였습니다.[/end]"
9000,사용되지 않는 기록입니다.
9400,Bruce and Co.를 위해 9912번까지 예약됨 (번역하지 마시오)[/end]
9999,더미 항목입니다. 항상 [/end]이어야 합니다.
9000.1,"1. 맑은 날, 당신은 우연히 다리가 사냥꾼의 덫에 걸린 기이한 동물을 발견합니다.[/left]
   출혈 상태를 보아하니 오래 버티지 못할 것 같습니다.[/left]
   당신은 어떻게 하시겠습니까?[/left]
a) 단검을 꺼내 단 한 번의 찌르기로 자비를 베풀어 고통을 끝내시겠습니까?[/left]
b) 자연의 섭리에 개입하지 않고, 오히려 당신이 한 번도 본 적 없는 기이한[/left]
   동물에 대해 더 자세히 알아볼 기회로 삼으시겠습니까?[/left]
c) 가방 속 약초를 사용해 동물을 잠재운 뒤, 덫에서 풀어주고 안전한 곳으로[/left]
   옮기시겠습니까? 그렇게 하면 사냥꾼과 그 가족의 식량을 빼앗게 될지도[/left]
   모른다는 사실을 알면서도 말입니다.[/left]
[/left]
[/left]
[/left]
[/left]
[/left]"
9000.2,"2. 어느 여름 오후, 아버지가 당신에게 집안일 중 하나를 선택하라고 하십니다.[/left]
   무엇을 하시겠습니까?[/left]
a) 아버지와 함께 대장간에서 새 쟁기를 만들 철을 주조하시겠습니까?[/left]
b) 저녁 식사를 준비하시는 어머니를 위해 약초를 채집하시겠습니까?[/left]
c) 그물과 낚싯줄을 들고 개울가로 나가 물고기를 잡으시겠습니까?[/left]"
9000.3,"3. 당신과 당신의 아버지가 마을 시장에서 돌아오던 중, 한 어린 소년이 가게에서[/left]
   뛰쳐나오는 것을 봅니다. 소년의 손에는 빵 한 덩이가 쥐여 있습니다.[/left]
   소년의 뒤를 쫓아 식칼을 든 제빵사가 달려옵니다. 당신은 소년이 배가[/left]
   고파서 그랬음을 알지만, 마을은 가뭄으로 인해 식량이 귀한 상황입니다.[/left]
   당신은 어떻게 하시겠습니까?[/left]
a) 정의의 편에 서서 아버지께 소년을 멈추게 하라고 하시겠습니까?[/left]
b) 불쌍한 아이를 돕기 위해 제빵사의 앞을 가로막으시겠습니까?[/left]
c) 길을 비켜서서 아버지께서 어떻게 결정하시는지,[/left]
   그분의 경험을 믿고 기다리시겠습니까?[/left]
[/left]"
9000.4,"4. 어느 날 밤, 아버지는 보림 계곡(Borim Valley)에서의 전투 이야기를[/left]
   들려주십니다. 그곳에서 아버지의 부대는 적을 패퇴시켰습니다.[/left]
   만약 적군 측의 용감한 젊은 하사가 희생하지 않았더라면, 그들 모두를 사로잡을[/left]
   수 있었을 것입니다. 그 하사는 자신의 부하들이 안전하게 퇴각할 수 있도록[/left]
   충분한 시간 동안 길목을 지켰습니다. 그는 그것이 자신의 목숨을 앗아갈 것임을[/left]
   알고도 그렇게 했습니다. 만약 당신이 그 사람이었다면 어떻게 하셨겠습니까?[/left]
a) 전투 전술에 대한 자신의 경험이 너무나 귀중하여 헛되이 낭비될 수 없으며,[/left]
   나중에 큰 차이를 만들 수 있을 것이라 합리화하며 도망치시겠습니까?[/left]
b) 비록 자신의 목숨을 잃게 되더라도, 지휘하의 부하들이 도망칠 수 있도록[/left]
   똑같이 길목을 지키시겠습니까?[/left]
c) 부하들이 탈출할 가능성을 얻을 수 있도록 적의 주의를 돌릴 방법을 찾되,[/left]
   자신의 목숨까지 희생하지는 않는 방법을 택하시겠습니까?[/left]
[/left]
[/left]
[/left]
[/left]"
9000.5,"5. 어머니께서 물건을 사 오라며 목록을 주시고 시장에 보내십니다.[/left]
   일을 마치고 보니 실수로 가게 주인이 물건값으로 거스름돈을 너무 많이[/left]
   주었다는 것을 알게 됩니다. 당신은 어떻게 하시겠습니까?[/left]
a) 가게로 돌아가 주인에게 그가 힘들게 번 돈을 돌려주며,[/left]
   실수가 있었음을 설명하시겠습니까?[/left]
b) 어차피 가게 주인들은 평소에도 손님들에게 바가지를 씌우는 경향이 있다는[/left]
   것을 알기에, 추가로 받은 돈을 챙기시겠습니까?[/left]
c) 그 돈을 잘 활용하여 가족에게 도움이 될 물건을 사기로 결정하시겠습니까?[/left]
[/left]
[/left]"
9000.6,"6. 시장터에서 당신은 도둑이 귀족의 지갑을 훔치는 장면을 목격합니다.[/left]
   도둑이 지갑을 훔치자마자 귀족이 이를 알아채고 도시 경비병을 부릅니다.[/left]
   도망치려던 도둑은 급한 나머지 당신 근처에 지갑을 떨어뜨립니다.[/left]
   놀랍게도, 당신 발밑에 떨어진 동전 주머니를 아무도 눈치채지 못한 듯합니다.[/left]
   당신은 어떻게 하시겠습니까?[/left]
a) 주머니를 주워 주머니에 넣습니다.[/left]
   이 뜻밖의 횡재가 어려움에 처한 가족에게 도움이 될 것임을 알기 때문입니다.[/left]
b) 주머니를 주워 경비병에게 신호를 보냅니다.[/left]
   돈을 정당한 주인에게 돌려주는 것만이 명예로운 행동임을 알기 때문입니다.[/left]
c) 주머니를 그대로 둡니다.[/left]
   괜한 일에 휘말리지 않는 것이 좋다는 것을 알기 때문입니다.[/left]
[/left]
[/left]"
9000.7,"7. 아버지는 당신이 끔찍하게 싫어하는 일, 즉 마구간 청소를 시킵니다.[/left]
   쇠스랑을 손에 들고 가는 길에, 당신은 근처 농가에 사는 친구를 만납니다.[/left]
   그 친구는 나중에 자신이 원하는 부탁을 하나 들어주는 조건으로 대신 청소를[/left]
   해주겠다고 제안합니다. 당신은 어떻게 하시겠습니까?[/left]
a) 그의 제안을 거절합니다. 아버지는 당신이 직접 일하기를 기대하며,[/left]
   빚을 지지 않는 편이 낫다는 것을 알기 때문입니다.[/left]
b) 그의 제안을 수락합니다.[/left]
   마구간만 깨끗해진다면 누가 청소했는지는 중요하지 않다고 생각하기 때문입니다.[/left]
c) 그에게 도움을 요청합니다. 두 사람이 하면 혼자보다 일을 빨리 끝낼 수 있음을[/left]
   알고, 나중에 그가 원하는 부탁을 하나 들어주기로 합의합니다.[/left]
[/left]
[/left]"
9000.8,"8. 어머니께서 난로 수리를 도와달라고 하십니다. 작업 중에 매우 뜨거운 파이프가[/left]
   고정 장치에서 빠져 어머니 쪽으로 떨어집니다. 당신은 어떻게 하시겠습니까?[/left]
a) 어머니를 밀쳐서 피하게 합니다.[/left]
b) 뜨거운 파이프를 붙잡아 밀어내려 합니다.[/left]
c) 파이프와 어머니 사이에 몸을 던집니다.[/left]
[/left]"
9000.9,"9. 마을에서 제빵사가 당신에게 스위트롤을 하나 줍니다. 기쁜 마음으로[/left]
   골목으로 들어가 먹으려는데, 당신 또래의 아이 세 명이 앞을 가로막습니다.[/left]
   우두머리는 스위트롤을 내놓으라고 요구하며, 그렇지 않으면 친구들과 함께[/left]
   당신을 때리고 빼앗겠다고 위협합니다. 당신은 어떻게 하시겠습니까?[/left]
a) 스위트롤을 바닥에 떨어뜨려 짓밟은 뒤, 싸울 준비를 합니다.[/left]
b) 지금은 말없이 스위트롤을 건네줍니다. 오늘 오후에 친구들을 모두 데리고 와서[/left]
   그가 빚진 것을 되찾을 수 있다는 것을 알기 때문입니다.[/left]
c) 스위트롤을 줄 것처럼 행동하다가 마지막 순간에 공중으로 던져버립니다.[/left]
   그들이 스위트롤에 정신이 팔린 틈을 타 우두머리를 한 방 먹일 생각입니다.[/left]
[/left]
[/left]
[/left]
[/left]
[/left]
[/left]"
9000.10,"10. 마을에 들어서니 아주 잘 차려입은 남자가 군중에게 쫓기는 모습을[/left]
    목격하게 됩니다. 그는 당신에게 도와달라고 비명을 지릅니다.[/left]
    뒤따르는 군중은 매우 화가 난 듯 보입니다. 당신은 어떻게 하시겠습니까?[/left]
a) 상황을 전혀 모르지만, 즉시 그 남자를 도우러 달려갑니다.[/left]
b) 상황을 전혀 모르지만, 즉시 마을 사람들을 도우러 달려갑니다.[/left]
c) 옆으로 비켜서서 남자와 군중이 지나가게 둡니다.[/left]
   괜한 일에 휘말리지 않는 것이 최선임을 깨닫기 때문입니다.[/left]
[/left]
[/left]
[/left]"
9000.11,"11. 당신과 가장 친한 친구는 첫 단검을 함께 구매하여 한 쌍을 맞춥니다.[/left]
    친구에게 돈이 부족해서 당신이 대신 내주고 나중에 갚기로 합니다. 가게를 나온[/left]
    후, 당신과 친구는 새 무기를 감상하며 앉아 있습니다. 그런데 당신이 고른 단검[/left]
    날에 작은 흠집이 있는 것을 발견하고 실망합니다. 친구가 심부름을 다녀올 동안[/left]
    자기 무기를 좀 봐달라고 부탁합니다. 당신은 어떻게 하시겠습니까?[/left]
a) 친구가 돌아오길 기다렸다가 단검의 결함을 지적하고,[/left]
   무기 가게로 돌아가 환불을 요구합니다.[/left]
b) 단검을 바꿔치기합니다. 당신이 돈을 냈으니 먼저 고를 권리가[/left]
   있다고 합리화합니다. 만약 친구가 나중에 흠집을 발견하면,[/left]
   언제든 그를 데리고 가게에 가서 환불받으면 된다고 생각합니다.[/left]
c) 친구가 돌아올 때까지 그의 단검을 안전하게 보관하다가,[/left]
   친구가 보는 앞에서 단검을 바꿉니다.[/left]
   당신이 돈을 냈다는 사실로 정당화하고, 함께 무기 가게에 가주겠다고 제안합니다.[/left]
[/left]
[/left]
[/left]
[/left]
[/left]
[/left]
[/left]"
9000.12,"12. 무기 연습 시간입니다. 당신의 무기대가는 이제 매우 늙었지만,[/left]
    가르침을 매우 진지하게 대합니다. 그에게는 이것이 삶의 전부라고 들었습니다.[/left]
    오늘 그는 당신이 실수할 때마다 끊임없이 조롱했습니다. 마침내 그는 올바른[/left]
    실행 방법을 보여주겠다며 방금 했던 기술로 자신을 공격해보라고 합니다.[/left]
    당신은 어떻게 하시겠습니까?[/left]
a) 그가 막을 수 있을 정도로만 충분히 느리게 기술을 시전합니다. 개인적인 감정과[/left]
   상관없이 스승의 위엄을 지켜드리는 것이 더 중요함을 알기 때문입니다.[/left]
b) 전속력으로 공격합니다. 아마도 명중시킬 수 있을 것이며,[/left]
   당신이 실제로 제대로 하고 있었음을 반원들에게 보여줌으로써 그의 부당한[/left]
   대우를 정당화할 수 있기 때문입니다.[/left]
c) 거부하고 연습장을 떠납니다. 분노와 스승의 위엄 사이에서 타협할 수 없으며,[/left]
   어떤 선택을 하든 그나 자신에 대한 존경심을 잃게 될 것임을 깨닫기 때문입니다.[/left]
[/left]
[/left]
[/left]
[/left]
[/left]
[/left]
[/left]"
9000.13,"13. 친구와 공놀이를 하던 중 친구가 자기 집 창문을 깹니다. 그의 아버지가[/left]
    달려 나와 누가 창문을 깼는지 추궁합니다. 당신은 친구의 아버지가 엄격한[/left]
    훈육자이며, 친구가 죄를 인정하면 심하게 벌할 것임을 알고 있습니다.[/left]
    반면 당신은 그의 아들이 아니기에 거의 무사히 넘어갈 수 있습니다.[/left]
    당신은 어떻게 하시겠습니까?[/left]
a) 손을 들어 친구가 대답하기 전에 당신이 죄를 뒤집어씁니다.[/left]
b) 침묵을 지키며 관여하지 않습니다.[/left]
c) 친구를 가리킵니다. 다른 행동은 어차피 피할 수 없는 결과를 지연시킬 뿐이며,[/left]
   친구에게 상황을 더 악화시킬 뿐임을 알기 때문입니다.[/left]
[/left]
[/left]
[/left]
[/left]"
9000.14,"14. 무기대가는 전략 수업 중에 '최고의 승리는 상대를 완전히, 철저하게[/left]
    굴복시키는 것이다'라고 말합니다. 그는 당신을 돌아보며 동의하는지 묻습니다.[/left]
    당신은 무기대가가 수많은 생사를 넘나드는 갈등을 겪었으며 노련한 전사의[/left]
    경험을 가졌음을 알고 있습니다. 당신은 어떻게 하시겠습니까?[/left]
a) 그의 말에 동의합니다. 지금 당신의 경험으로는 평생을 전략에 바친[/left]
   무기대가가 하는 말에 전적으로 동의하는 것 외에 다른 입장을 정당화할[/left]
   수 없음을 알기 때문입니다.[/left]
b) 그의 말에 반대합니다. 이것이 일종의 시험일 것이며, 진실은 양처럼 동의하는[/left]
   것이 아니라 그의 의견에 반대함으로써 드러날 것이라고 생각하기 때문입니다.[/left]
c) 대답을 거부합니다. 더 많은 경험을 쌓아 그와 지적인 방식으로 대화할[/left]
   수 있을 때까지 의견을 유보하기로 합니다.[/left]
[/left]
[/left]
[/left]
[/left]
[/left]
[/left]
[/left]
[/left]"
9000.15,"15. 무기 수업의 선배는 지난 몇 년간 당신을 무자비하게 짓밟아 왔습니다. 오늘은[/left]
    학생 무술대회 날인데, 첫 경기 상대로 그 선배가 배정된 것을 알고 낙담합니다.[/left]
    준비하는 동안 친구가 다가와 어제 대련 수업에서 당신이 빠졌을 때 선배가 입은[/left]
    부상에 대해 알려주겠다고 제안합니다. 당신은 어떻게 하시겠습니까?[/left]
a) 제안을 수락합니다. 부상 부위에 집중하여 그를 이길 확률을 크게 높일[/left]
   수 있음을 알기 때문입니다.[/left]
b) 제안을 거절합니다. 승패를 떠나 공정하고 명예로운 싸움에서 부가적인 정보가[/left]
   아닌 자신의 실력으로 승부하고 싶기 때문입니다.[/left]
c) 제안을 수락합니다. 만약을 대비해 정보를 알고 있는 편이 낫다고 생각하며,[/left]
   정보를 안다고 해서 반드시 그것을 이용해야 하는 것은 아니라고[/left]
   생각하기 때문입니다.[/left]
[/left]
[/left]
[/left]
[/left]
[/left]
[/left]
[/left]
[/left]"
9000.16,"16. 시장에 가는 길에 한 노인이 강도를 당했다며 당신을 멈춰 세웁니다.[/left]
    그는 길가에 누워 심각한 부상을 입은 듯합니다.[/left]
    그는 당신에게 마을로 달려가 치안관을 불러달라고 부탁합니다.[/left]
    당신은 곧장 마을로 가서 치안관을 데려오겠다고 약속합니다.[/left]
    돌아오는 길에 다른 길을 따라 살금살금 움직이는 수상한 남자를 발견합니다.[/left]
    그는 아직 당신을 눈치채지 못한 것 같습니다. 당신은 어떻게 하시겠습니까?[/left]
a) 그 남자를 뒤쫓습니다. 만약 이 남자가 강도라면 치안관을 직접[/left]
   그에게 인도하여 다른 여행자들을 보호할 수 있다고 생각합니다.[/left]
   비록 약속을 어기는 일이 되더라도 말입니다.[/left]
b) 그를 눈여겨보지만 계속 길을 갑니다. 길 위의 남자가 다른 고려 사항과 상관없이[/left]
   멈출 수 없을 정도로 심하게 다쳤다고 생각하기 때문입니다.[/left]
c) 그를 눈여겨보지만 계속 길을 갑니다.[/left]
   당신의 말은 곧 신의이며, 그 어떤 것보다 우선한다고 생각하기 때문입니다.[/left]
[/left]
[/left]
[/left]
[/left]
[/left]"
9000.17,"17. 화창한 오후에 낚시를 하다가 버려둔 장화 속에 개미들이 가득한 것을[/left]
    발견합니다. 그들은 당신이 떨어뜨린 빵 조각에서 개미집으로 부지런히[/left]
    음식을 나르고 있습니다. 당신은 어떻게 하시겠습니까?[/left]
a) 장화를 집어 들고 지금 당장 개미들을 모두 씻어냅니다.[/left]
   비록 해 질 녘까지 떠날 생각이 없더라도 말입니다.[/left]
b) 개미들을 관찰합니다. 그들이 어떻게 그렇게 효율적으로 일하는지 궁금하며,[/left]
   '살고 살게 하라'는 마음으로 그대로 둡니다.[/left]
c) 나뭇잎으로 배를 만들어 개미들을 하나씩 개울에 띄워 보냅니다.[/left]
   물고기가 입질할 때까지 시간을 때우기 위해서입니다.[/left]
[/left]"
9000.18,"18. 무기 수업 중에 무기대가가 '상대의 의도는 그의 칼날에서 볼 수 있다'라고[/left]
    말하는 것을 듣습니다. 많은 학생이 대놓고는 아니지만 이를 비웃습니다.[/left]
    당신은 어떻게 하시겠습니까?[/left]
a) 학생들이 보여주는 무례함이 그들이 이해하지 못하는 무언가를 가리키고 있다고[/left]
   느끼며, 따라서 그것을 더 깊이 이해하는 데 노력을 집중합니다.[/left]
b) 그가 상대가 공격하고 움직이는 방식이 그들의 감정을 보여준다는[/left]
   뜻이라고 생각합니다.[/left]
c) 무기대가 Festil은 조롱의 대상이 아니라 존경의 대상임을 깨닫습니다.[/left]
   그는 충만한 삶을 살았고 학생들이 상상할 수 없는 일들을 겪으며[/left]
   살아남았기 때문입니다.[/left]
[/left]
[/left]
[/left]
[/left]"
9000.19,"19. 마을에서 복권 추첨이 열리고 당첨 번호가 불립니다.[/left]
    당첨 번호가 당신의 것과 일치하는 것을 보고 충격을 받습니다![/left]
    무슨 말을 하기도 전에 다른 가족이 앞으로 걸어 나옵니다.[/left]
    당신은 그들을 본 적이 있으며 매우 가난하다는 것을 알고 있습니다. 반면 당신의[/left]
    가족은 100골드 상금 없이도 살 수 있습니다. 당신은 어떻게 하시겠습니까?[/left]
a) 아무 말도 하지 않고 다른 가족이 상금을 가져가게 둡니다.[/left]
b) 일어서서 당신의 복권을 보여줍니다. 상금은 정당하게 당신의 것이기 때문입니다.[/left]
c) 일어서서 복권을 보여주고, 상금을 다른 가족과 절반씩 나누자고 제안합니다.[/left]
[/left]
[/left]
[/left]
[/left]
[/left]"
9000.20,"20. 무기대가가 어느 날 수업 시간에 질문을 던집니다. 100명의 부대가[/left]
    적에게서 도망치려 합니다. 무너진 요새에서 나가는 길은 두 갈래입니다.[/left]
    한 길은 지휘관 휘하 병력의 절반이 죽지만, 나머지 절반은 살아남을 것입니다.[/left]
    다른 길은 모두가 죽을 확률이 50%, 모두가 살아남을 확률이 50%입니다.[/left]
    지휘관으로서 당신은 어떻게 하시겠습니까?[/left]
a) 병력의 절반이 살아남는 것이 보장되는 길을 선택합니다.[/left]
b) 모두가 살아남을 확률 50%, 모두가 죽을 확률 50%인 길을 선택합니다.[/left]
c) 선택권을 병사들에게 넘기고, 다수결로 어떤 길로 갈지 결정하게 합니다.[/left]
[/left]
[/left]
[/left]
[/left]
[/left]
[/left]
[/left]
[/left]
[/left]"
9000.21,"21. 당신에게는 근처 두 마을에 사는 고모와 큰아버지가 있는데, 두 분 모두[/left]
    당신이 몇 주 동안 함께 지낼 수 있게 해달라고 아버지께 부탁했습니다.[/left]
    아버지는 당신을 어디로 보낼지 계획하고 있지만, 당신의 의견을 궁금해하십니다.[/left]
    선택권이 있다면, 당신은 어떻게 하시겠습니까?[/left]
a) 고모와 함께 지냅니다. 상당한 부를 가진 지혜로운 노부인입니다. 몇 주 동안[/left]
   호화롭게 지내는 것은 깨달음을 줄 뿐만 아니라 매우 흥미로울 것입니다.[/left]
b) 큰아버지와 함께 지냅니다. 항상 낯선 사람처럼 느껴졌던 아픈 노인입니다.[/left]
   그와 함께하는 몇 주는 힘들겠지만, 그는 고모보다 당신의 도움이 더 필요합니다.[/left]
c) 고모와 큰아버지 사이에서 시간을 나누어 보낼 방법을 생각합니다.[/left]
   아마도 원하는 만큼 충분한 시간을 보내지는 못하겠지만,[/left]
   어느 한 분도 소외되지는 않을 것입니다.[/left]
[/left]
[/left]
[/left]
[/left]
[/left]
[/left]
[/left]
[/left]"
9000.22,"22. 친구가 당신의 특정 금반지를 얼마나 좋아하는지에 대해 여러 번 언급한 적이[/left]
    있습니다. 어느 날 이 반지가 없어진 것을 발견하고 철저히 수색한 끝에,[/left]
    친구가 당신의 식료품 저장실에 두고 간 코트에서 반지를 찾습니다.[/left]
    당신은 어떻게 하시겠습니까?[/left]
a) 친구에게 어떻게 반지를 갖게 되었는지 묻습니다. 그가 반지를 발견했고[/left]
   당신에게 돌려주려 했을 가능성이 높다고 생각하기 때문입니다.[/left]
b) 그의 절도 행위를 추궁합니다.[/left]
   반지가 우연히 그의 주머니에 들어갔을 리가 없으며,[/left]
   그는 물질적 이득을 위해 당신을 배신할 평범한 도둑일 뿐임을 알기 때문입니다.[/left]
c) 아무 말도 하지 않고 친구가 어떻게 행동하는지 지켜보기로 합니다.[/left]
   그가 결백하든 유죄든, 그가 취하는 행동을 보면 알게 될 것입니다.[/left]
   그때 진실을 가지고 그를 추궁할 수 있습니다.[/left]
[/left]
[/left]
[/left]
[/left]
[/left]"
9000.23,"23. 당신의 좋은 친구가 이웃 마을의 한 소녀와 사랑에 빠졌습니다. 그 소녀는[/left]
    친구의 존재를 거의 알지 못합니다. 그는 매우 수줍음이 많고 경험이 부족하여,[/left]
    당신에게 도움을 청합니다. 당신은 그에게 어떻게 하라고 제안하시겠습니까?[/left]
a) 당장 그녀에게 가서 사랑을 고백하라고 합니다. 관계가 성사되려면 처음부터[/left]
   솔직해야 합니다. 당신은 그를 돕기 위해 함께 마을에 가겠다고 제안합니다.[/left]
b) 마을에서 찾을 수 있는 모든 인맥을 동원해 그녀에 대해 더 알아보라고 합니다.[/left]
   그녀에 대해 조금이라도 알게 되면 수줍음이 덜할 것이며,[/left]
   어쩌면 그녀가 자신과 어울리지 않는 사람이라는 것을 알게 될지도 모릅니다.[/left]
c) 당신이 익명의 연애편지와 시를 대신 써주어,[/left]
   직접 얼굴을 마주하지 않고도 그녀의 반응을 살피게 합니다.[/left]
   반응이 좋다면, 마을의 친구들을 통해 '우연한' 만남을 주선할 수 있습니다.[/left]
[/left]
[/left]
[/left]
[/left]
[/left]
[/left]"
9000.24,"24. 당신의 무기대가가 먼 나라에서 알던 위대한 왕에 대한 이야기를 들려줍니다.[/left]
    그 나라의 발명가들은 수십 명의 사람을 원하는 곳 어디든 공중으로 실어[/left]
    나를 수 있는 거대한 풍선을 만들었습니다. 그가 당신에게 묻습니다.[/left]
    만약 당신이 그 왕이라면, 이 놀라운 풍선을 어떻게 사용하시겠습니까?[/left]
    당신은 어떻게 하시겠습니까?[/left]
a) 육로로는 방문하기 불가능하거나 매우 위험했던 지역을 탐험합니다.[/left]
b) 풍선을 비밀로 유지했다가, 전쟁 시 기습 공격이나 방어용으로 아껴둡니다.[/left]
c) 발명가에게 이 '풍선'을 수십 개 더 만들게 하여,[/left]
   왕국 전역의 이동 시간을 단축하고 교류를 활성화할 여행 체계를 구축합니다.[/left]
[/left]
[/left]
[/left]
[/left]
[/left]"
9000.25,"25. 지역 선술집에서 '텔레파시 능력자'라 불리는 집단에 대해 열띤 토론이[/left]
    벌어지고 있습니다. 그들은 특정 도시 국가의 왕들에게 고용되었습니다.[/left]
    소문에 따르면 이 텔레파시 능력자들은 사람의 마음을 읽어, 신하가 진실을[/left]
    말하는지 아닌지를 군주에게 보고한다고 합니다. 당신은 어떻게 생각하십니까?[/left]
a) 이것은 끔찍한 관행이라고 생각합니다. 사람의 생각은 그 사람의 것이며,[/left]
   왕이라 할지라도 타인의 정신을 침범할 권리는 없습니다.[/left]
b) 왕에게 충성하는 신하라면 텔레파시 능력자를 두려워할 이유가 없습니다.[/left]
   암살자와 스파이를 늦기 전에 찾아낼 방법이 필요합니다.[/left]
c) 현시대에는 필요한 악이라고 생각합니다. 반드시 마음에 드는 것은 아니지만, 전쟁[/left]
   중이거나 무고한 사람을 가려낼 때 텔레파시 능력자는 분명한 이점이 있습니다.[/left]
[/left]
[/left]
[/left]
[/left]
[/left]
[/left]"
9000.26,"26. 한 청년이 마을 경비병에게 붙잡혀 살인 혐의로 기소되었다는 소식을 듣습니다.[/left]
    알고 보니 그의 형이 지역 선술집에서 네 명의 불량배에게 살해당했고,[/left]
    슬픔에 잠긴 청년이 그들을 하나하나 찾아가 살해한 것이었습니다.[/left]
    곰곰이 생각해 본 결과, 당신은 다음과 같이 믿습니다.[/left]
a) 청년은 형의 죽음에 대해 명예롭게 복수한 것입니다.[/left]
   마을 영주는 그를 풀어주어야 합니다.[/left]
b) 청년의 심정은 이해하지만, 평화를 유지하려면 사적 제재는 용납될 수 없습니다.[/left]
c) 청년의 유일한 실수는 복수를 집행하다가 붙잡힌 것입니다.[/left]
   그 대가로 그는 이제 운명이 정해준 대로 받아들여야 합니다.[/left]
[/left]
[/left]
[/left]
[/left]
[/left]"
9000.27,"27. 어느 날 밤, 집으로 돌아가던 길에 수업에서 알게 된 청년에게 습격을 받습니다.[/left]
    당신은 능숙하게 자신을 방어하여 그를 기절시켰습니다.[/left]
    그가 정신을 잃은 동안, 당신은 어떻게 하시겠습니까?[/left]
a) 그를 묶어두고 깨어났을 때 심문할 생각입니다. 왜 당신을 공격했는지 알고 싶기[/left]
   때문입니다. 그 후 여유가 생기면 무기대가에게 넘길 것입니다.[/left]
b) 그의 목을 긋습니다. 수업에서 그를 알고 있으며,[/left]
   입장이 바뀌었다면 그도 똑같이 했을 것이라 생각합니다.[/left]
c) 그의 얼굴에 흉터를 남깁니다. 당신에게 패배했다는 사실과 그 흉터는 비겁한[/left]
   전술에 의존한 자에게 충분한 처벌이 될 것입니다.[/left]
[/left]
[/left]
[/left]
[/left]"
9000.28,"28. 당신의 아버지는 젊은 시절 여행담을 들려주는 것을 즐기십니다.[/left]
    기억에 남는 이야기 중 하나는, 그가 방문했던 원시 섬에 대한 것입니다.[/left]
    그곳에서는 불의 신 아리우스(Arius)를 달래기 위해 매년 어린아이를 제물로[/left]
    바쳤습니다. 원주민들이 제물을 바치지 않을 때마다 섬의 화산이 폭발하여 수백[/left]
    명의 마을 사람이 죽었습니다. 당신은 아버지에게 이렇게 말합니다.[/left]
a) 그런 화산 신은 믿지 않습니다. 문명인들이 개입하여 폭발의 자연적인 원인을[/left]
   찾아내고 제물을 바치는 일을 멈춰야 합니다.[/left]
b) 어린아이를 제물로 요구하는 신 아리우스는 사악함이 틀림없습니다.[/left]
   마을 사람들은 신의 요구에 굴복하기보다 그 신과 맞설 방법을 찾아야 합니다.[/left]
c) 비극적인 일이지만, 많은 마을 사람의 죽음보다는 어린아이 한[/left]
   명의 죽음이 낫습니다. 효과가 있다면 전통을 유지해야 합니다.[/left]
   신은 함부로 다룰 존재가 아닙니다.[/left]
[/left]
[/left]
[/left]
[/left]
[/left]"
9000.29,"29. 무기대가가 수업에 새로운 학생을 소개합니다.[/left]
    티스(Tys)라는 작고 어색한 소년인데, 아무런 재능도 없어 보입니다.[/left]
    학급은 모의 전투를 위해 두 팀으로 나뉘었고, '장군' 중 한 명인[/left]
    당신은 병사들을 배치해야 합니다. 티스는 당신의 부하 중 한 명입니다.[/left]
    당신은 어떻게 하시겠습니까? 당신은 다음과 같이 결정합니다.[/left]
a) 티스를 다른 전사들과 함께 최전방에 배치합니다.[/left]
   실제 전투라면 어차피 희생될 가능성이 높고, 희생은 불가피하다는 논리입니다.[/left]
b) 티스를 정찰병으로 사용합니다. 몸집이 작아 적진에 몰래 침투하여 정보를[/left]
   수집하는 데 적합할 것이라는 논리입니다.[/left]
c) 전투 중에 티스를 여러 위치에 배치하고, 그가 귀중한 경험을 쌓고[/left]
   성장할 수 있도록 곁에서 돕습니다.[/left]
[/left]
[/left]
[/left]
[/left]
[/left]"
9000.30,"30. 어머니가 몹시 편찮으셔서 약초를 사 오라고 금화 몇 닢을 주셨습니다. 약재상 문[/left]
    앞에 도착했을 때, 주머니에 구멍이 나 금화가 모두 빠져나간 것을 깨달았습니다.[/left]
    당신은 어떻게 하시겠습니까? 당신은 어떻게 하시겠습니까?[/left]
a) 가게에 들어가 약재상에게 상황을 설명하고, 어머니께 절실히 필요한 약초[/left]
   값을 나중에 반드시 갚겠다고 명예를 걸고 약속합니다.[/left]
b) 약재상에게서 약초를 훔치려 합니다. 가게를 지키는 노인은 당신을 잡지 못할[/left]
   것이고, 어머니는 병상에 누워 계시기 때문입니다.[/left]
c) 집으로 달려가 사실을 고백하고 아버지께 금화가 더 있기를 바랍니다.[/left]
   꾸중을 듣겠지만, 약재상에게 빚을 지거나 도둑이 되지는 않을 것입니다.[/left]
[/left]
[/left]
[/left]
[/left]
[/left]
[/left]"
9000.31,"31. 당신이 탄 배가 갑자기 거대한 소용돌이에 휘말립니다. 물살이 감당할 수 없을[/left]
    정도로 빨라지자, 작은 배에 틈이 생기기 시작하며 소용돌이 아래로 가라앉으려[/left]
    합니다. 죽음을 피할 방법이 전혀 보이지 않는 상황에서, 당신은:[/left]
a) 양동이를 집어 들고 필사적으로 물을 퍼내며,[/left]
   배를 몇 초라도 더 띄울 수 있기를 바랍니다.[/left]
b) 자리에 앉아 운명을 받아들입니다. 미지의 것을 두려워하는 평민처럼 죽기보다는,[/left]
   품위와 고결함을 지키며 죽음을 맞이하기로 합니다.[/left]
c) 소용돌이치는 물살 속으로 뛰어듭니다.[/left]
   죽음을 재촉하는 것일지도 모르지만, 적어도 가만히 있는 것보다는 나을 것입니다.[/left]
[/left]
[/left]
[/left]
[/left]"
9000.32,"32. 당신은 왕의 사냥대에서 사냥 중입니다. 이 대회에서 가장 뛰어난 사냥꾼은 평생[/left]
    안락하게 살 수 있을 만큼의 부를 얻게 됩니다. 당신은 얼마 전 여러 사람이[/left]
    쐈던 흰 수사슴을 추적합니다. 당신은 홀로 사슴을 살피다가 그 화살이 친구의[/left]
    활에서 발사된 것임을 알아차립니다. 화살을 집어 자세히 확인하려는 순간[/left]
    친구들이 도착하는 소리가 들립니다. 당신은 어떻게 하시겠습니까?:[/left]
a) 사슴을 맞힌 화살을 자신이 쐈다고 주장하여 사냥의 영예를 차지하시겠습니까?[/left]
b) 다른 이들에게 화살을 보여주며 친구를 오늘의 궁수로 선포하시겠습니까?[/left]
c) 상금을 나누자고 제안하시겠습니까? 친구의 화살이 사슴을 쓰러뜨렸지만,[/left]
   추적과 사냥 과정에서 모두가 중요한 역할을 했다는 점을 들어서 말입니다.[/left]
[/left]
[/left]
[/left]
[/left]
[/left]
[/left]"
9000.33,"33. 이야기와 밀랍의 날이 지난 어느 날 밤, 모아 둔 간식을 살피다 브랜디 절임[/left]
    자두를 많이 발견합니다. 어린 사촌이 이 자두를 좋아한다는 것을 알고 있습니다.[/left]
    어떻게 하시겠습니까?[/left]
a) 자두를 모두 사촌에게 줍니다.[/left]
b) 사촌은 싫어하지만 자신은 좋아하는 간식과 자두를 바꿉니다.[/left]
c) 자두가 아주 훌륭하다고 속여 더 좋은 것을 받아냅니다.[/left]
[/left]
[/left]
[/left]"
9000.34,"34. 사촌이 당신에게 아주 창피한 별명을 붙여주었고, 더 나쁜 것은 친구들 앞에서[/left]
    그 별명으로 부르는 것을 즐긴다는 점입니다. 당신은 그만두라고 했지만,[/left]
    사촌은 당신이 얼굴을 붉히는 모습을 보는 것을 매우 재미있어합니다.[/left]
    당신은 어떻게 하시겠습니까?:[/left]
a) 사촌에게 더 창피한 별명을 지어주고, 그가 교훈을 얻을 때까지 계속[/left]
   부르시겠습니까?[/left]
b) 그 별명을 굴욕적인 것이 아니라 명예의 상징으로 만드는 이야기를[/left]
   지어내시겠습니까?[/left]
c) 사촌을 두들겨 패고, 다시는 그 별명으로 부르지 말라고,[/left]
   다시 그러면 이번보다 더 심하게 피를 보게 될 것이라고 경고하시겠습니까?[/left]
[/left]"
9000.35,"35. 친구인 Othisa가 당신이나 그녀보다 몇 살 많은 소년에게 맞았습니다.[/left]
    그녀는 당신에게 도움을 청합니다. 당신은 어느 쪽을 택하시겠습니까?:[/left]
a) 친구들을 모아 그 소년을 매복 공격하고, 괴롭힘에 대해 따끔한 교훈을[/left]
   가르치시겠습니까?[/left]
b) Othisa에게 그 괴롭히는 아이를 피하라고 하시겠습니까?[/left]
   상황을 더 악화시킬 이유는 없습니다.[/left]
c) 그 소년에게 도전하시겠습니까? 아마 당신이 두들겨 맞겠지만, 여러 번 반복하면[/left]
   그 소년도 더 쉬운 상대를 찾아 떠날 것이라고 확신하면서 말입니다.[/left]
[/left]
[/left]
[/left]"
9000.36,"36. 부모님께서 친척들을 위한 파티를 여셨습니다. 집안일을 돕던 중, 당신은[/left]
    사촌이 어두운 방으로 몰래 들어가는 것을 봅니다. 호기심에 따라 들어간 당신은[/left]
    그가 은 촛대를 재킷 속에 넣는 것을 발견합니다. 그는 명예로운 소년이지만,[/left]
    최근 그의 가족이 재정적인 어려움을 겪고 있다는 것을 당신은 알고 있습니다.[/left]
    그는 아직 당신을 보지 못했습니다. 당신은 어떻게 하시겠습니까?:[/left]
a) 헛기침을 하고 그에게 촛대를 제자리에 돌려놓으라고 하시겠습니까?[/left]
   가족이 곤경에 처했다면 부모님께서 도울 수 있지만,[/left]
   도둑질에 의존해서는 안 된다고 안심시키면서 말입니다.[/left]
b) 뒤에서 문을 닫고 아무 말도 하지 않으시겠습니까? 당신의 가족은 촛대 없이도[/left]
   살 수 있지만, 사촌의 가족은 분명 그렇지 못할 테니까요.[/left]
c) 그를 다른 도둑과 똑같이 대하시겠습니까? 방에 가두고 아버지께 알리십시오.[/left]
   사촌의 가난 때문에 자비를 베풀지 여부는 아버지의 결정입니다.[/left]
   어쨌든 그 촛대는 아버지의 것이니까요.[/left]
[/left]
[/left]
[/left]
[/left]
[/left]"
9000.37,"37. 다른 두 모험가와 숲을 탐험하던 중, 당신은 한때 마법사의 것이었던 작은 버려진[/left]
    오두막을 발견합니다. 창문을 통해 안을 들여다보니 실험실의 잔해가 보이고,[/left]
    선반에는 여전히 많은 물약과 두루마리가 놓여 있습니다. 당신을[/left]
    겁쟁이라고 생각하는 Geotina는 오두막에 침입하여 탐험하자고 제안합니다.[/left]
    Hunard라는 또 다른 전사는 마을로 가서 더 많은 정보를 알아보자고 합니다.[/left]
    당신은 어떻게 조언하시겠습니까?:[/left]
a) 마을로 가자고 하시겠습니까? 그들이 이 지역에 더 익숙하며 이 오두막과 주변[/left]
   지역에 대한 중요한 정보를 가지고 있을지도 모릅니다.[/left]
b) 오두막에 침입하되, 만약의 사태를 대비해 한 명은 밖에 남겨두자고 하시겠습니까?[/left]
   새로운 것을 탐험해야지, 도망쳐서는 안 됩니다.[/left]
c) Geotina에게 먼저 들어가라고 부추기시겠습니까? 함정이 있다면 그녀가 먼저 걸릴[/left]
   것이고, 그 후에 당신과 Hunard가 들어가서 여유롭게 탐험할 수 있을 테니까요.[/left]
[/left]
[/left]
[/left]
[/left]
[/left]
[/left]"
9000.38,"38. 매우 고된 수업 시간입니다. 당신의 무기대가는 당신을 포함한 모두에게 지나치게[/left]
    엄격합니다. 그의 비판은 학대에 가까우며, 긍정적인 말은 한마디도 하지 않는[/left]
    것 같습니다. 수업이 끝날 무렵 그가 당신을 꾸짖으려 할 때, 그의 어깨너머로[/left]
    급우들이 공격적이지만 독은 없는 뱀을 그의 손가방에 넣는 것을 봅니다.[/left]
    당신은 어떻게 하시겠습니까?:[/left]
a) 아무것도 하지 않으시겠습니까? 위대한 무기대가도 겸손을 배울 필요가 있으며,[/left]
   오늘 그가 당신에게 준 고통에 대한 좋은 복수가 될지도 모릅니다.[/left]
b) 그에게 뱀이 손가방으로 기어 들어가는 것을 보았다고 말하되, 급우들이 한 짓은[/left]
   말하지 않으시겠습니까? 누군가를 더 곤경에 빠뜨릴 이유는 없습니다.[/left]
c) 즉시 급우들이 한 짓을 그에게 말하시겠습니까? 그가 당신을 어떻게 대했든 간에,[/left]
   그와 같은 노련한 전사를 무례하게 대하는 것은 변명의 여지가 없습니다.[/left]
[/left]
[/left]
[/left]
[/left]
[/left]
[/left]"
9000.39,"39. 당신이 관심을 보였기 때문에, 무기대가는 마법 무기를 식별하는 방법에 대한[/left]
    몇 가지 힌트를 주었습니다. 나중에 당신은 친구들과 궁술 연습을 합니다.[/left]
    궁술에 소질이 없던 한 소년이 명사수가 되었습니다. 당신은 그가 마법 화살을[/left]
    사용하고 있다는 것을 갑자기 깨닫습니다. 당신은 어떻게 하시겠습니까?:[/left]
a) 다른 사람들에게 화살에 대해 말하시겠습니까?[/left]
   친선 궁술 시합에서 마법 화살을 사용하는 것은 반칙입니다.[/left]
b) 친구에게 그가 마법 화살을 사용하고 있다는 것을 알아챘다고 말하고,[/left]
   당신에게도 몇 개 주지 않으면 무기대가와 다른 사람들에게 그의 실력[/left]
   향상 이유를 말하겠다고 협박하시겠습니까?[/left]
c) 아무 말도 하지 않으시겠습니까? 마법 화살이 필요하면 나중에 그에게 슬쩍[/left]
   언급하면 됩니다. 어쨌든 마법은 반칙이 아니라, 다른 종류의 기술일 뿐이니까요.[/left]
[/left]
[/left]
[/left]
[/left]
[/left]
[/left]"
9000.40,"40. 혼자 수련하며 새로운 전투 방식을 개발했는데 그것에 대해 매우 들떠 있습니다.[/left]
    당신이 그 사실을 무기대가에게 말하자, 그는 실전에서는 절대 통하지 않을[/left]
    것이라고 말합니다. 당신은 어떻게 하시겠습니까?[/left]
a) 수업 중 대련에서 새로운 방식을 사용합니다. 그 방식이 성공하면, 그는 어쩔 수[/left]
   없이 실용성을 인정하거나 받아들이지 않는 이유를 대야 할 것입니다.[/left]
b) 그에게 계속 질문을 던지며, 자세한 동작에 집중하여 그의 반대 이유를[/left]
   찾아냅니다. 결국 그는 더 구체적인 비판을 내놓아야 할 것입니다.[/left]
c) 질문 없이 그의 말을 받아들입니다. 당신의 무기대가는 당신의 할아버지[/left]
   시절부터 싸워왔습니다. 그는 결함이 있는 방식을 보면 단번에 알아차리며,[/left]
   이유를 묻느라 그와 당신의 시간을 낭비하지 않는 것이 더 낫습니다.[/left]
[/left]
[/left]
[/left]
[/left]"
